actionNumber,clock,timeActual,period,periodType,actionType,subType,qualifiers,personId,x,y,possession,scoreHome,scoreAway,edited,orderNumber,xLegacy,yLegacy,isFieldGoal,side,description,personIdsFilter,teamId,teamTricode,descriptor,jumpBallRecoveredName,jumpBallWonPlayerName,jumpBallWonPersonId,jumpBallLostPlayerName,jumpBallLostPersonId,officialId,turnoverTotal,playerName,playerNameI,foulPersonalTotal,foulTechnicalTotal,foulDrawnPlayerName,foulDrawnPersonId,shotResult,pointsTotal,shotDistance,assistPlayerNameInitial,assistPersonId,assistTotal,shotActionNumber,reboundTotal,reboundDefensiveTotal,reboundOffensiveTotal,blockPlayerName,blockPersonId,jumpBallRecoverdPersonId,stealPlayerName,stealPersonId,game_id,value,seconds_elapsed,duration,clock_seconds,scoring_margin,period_dur,game_clock_elapsed,last_four_min,last_two_min,is_overtime,is_close_game,is_foul,is_timeout,is_turnover,is_review,is_ft,is_foul_cum,is_timeout_cum,is_turnover_cum,is_review_cum,is_ft_cum,foul_rate_20,is_foul_last4,is_foul_last4_cum,is_timeout_last4,is_timeout_last4_cum,is_turnover_last4,is_turnover_last4_cum,is_ft_last4,is_ft_last4_cum,event_idx,pace,real_vs_clock_ratio
155,PT11M34.00S,2021-05-16 17:36:18.200000+00:00,2,REGULAR,freethrow,1 of 2,2ndchance,1627761,,,1610612761,31,31,2021-05-16T17:36:18Z,1550000,,,0,,D. Bembry Free Throw 1 of 2 (11 PTS),1627761,1610612761.0,TOR,,,,,,,,,Bembry,D. Bembry,,,,,Made,11.0,,,,,,,,,,,,,,22001079,,1551.5,7382.0,694.0,0,720,746.0,0,0,0,1,0,0,0,0,1,4,2,8,0,5,1.0,0,0,0,0,0,0,0,0,126,10.134048257372655,2.079758713136729
156,PT11M34.00S,2021-05-16 17:36:28.600000+00:00,2,REGULAR,freethrow,2 of 2,2ndchance,1627761,,,1610612761,32,31,2021-05-16T17:36:28Z,1560000,,,0,,D. Bembry Free Throw 2 of 2 (12 PTS),1627761,1610612761.0,TOR,,,,,,,,,Bembry,D. Bembry,,,,,Made,12.0,,,,,,,,,,,,,,22001079,,1561.9,7382.0,694.0,1,720,746.0,0,0,0,1,0,0,0,0,1,4,2,8,0,6,1.0,0,0,0,0,0,0,0,0,127,10.214477211796247,2.0936997319034854
157,PT11M21.00S,2021-05-16 17:36:42.200000+00:00,2,REGULAR,2pt,Jump Shot,pointsinthepaint,204456,8.2293035479632,35.3630514705882,1610612754,32,33,2021-05-16T17:36:46Z,1570000,73.0,25.0,1,left,T. McConnell 7' driving floating Jump Shot (2 PTS) (K. Martin 1 AST),"204456, 1629103",1610612754.0,IND,driving floating,,,,,,,,McConnell,T. McConnell,,,,,Made,2.0,7.73,K. Martin,1629103.0,1.0,,,,,,,,,,22001079,,1575.5,7382.0,681.0,1,720,759.0,0,0,0,1,0,0,0,0,0,4,2,8,0,6,1.0,0,0,0,0,0,0,0,0,128,10.118577075098814,2.0757575757575757
158,PT11M16.00S,2021-05-16 17:36:51.600000+00:00,2,REGULAR,foul,personal,,204456,,,1610612761,32,33,2021-05-16T17:37:05Z,1580000,,,0,,T. McConnell personal FOUL (1 PF),"204456, 1630273",1610612754.0,IND,,,,,,,1628172.0,,McConnell,T. McConnell,1.0,0.0,Gillespie,1630273.0,,,,,,,,,,,,,,,,22001079,,1584.9,7382.0,676.0,1,720,764.0,0,0,0,1,1,0,0,0,0,5,2,8,0,6,2.0,0,0,0,0,0,0,0,0,129,10.13089005235602,2.074476439790576
160,PT11M06.00S,2021-05-16 17:37:22.900000+00:00,2,REGULAR,stoppage,out-of-bounds,,0,,,1610612761,32,33,2021-05-16T17:37:22Z,1600000,,,0,,,,,,,,,,,,,,,,,,,,,,,,,,,,,,,,,,,22001079,,1616.2,7382.0,666.0,1,720,774.0,0,0,0,1,0,0,0,0,0,5,2,8,0,6,2.0,0,0,0,0,0,0,0,0,130,10.077519379844961,2.0881136950904393
161,PT10M55.00S,2021-05-16 17:37:53.200000+00:00,2,REGULAR,3pt,Jump Shot,,1630201,71.6984231274639,85.8532475490196,1610612761,32,33,2021-05-16T17:38:00Z,1610000,179.0,214.0,1,right,MISS M. Flynn 27' pullup 3PT,1630201,1610612761.0,TOR,pullup,,,,,,,,Flynn,M. Flynn,,,,,Missed,,27.88,,,,,,,,,,,,,22001079,,1646.5,7382.0,655.0,1,720,785.0,0,0,0,1,0,0,0,0,0,5,2,8,0,6,2.0,0,0,0,0,0,0,0,0,131,10.012738853503183,2.097452229299363
162,PT10M53.00S,2021-05-16 17:37:55.200000+00:00,2,REGULAR,rebound,defensive,,1629103,,,1610612754,32,33,2021-05-16T17:38:00Z,1620000,,,0,,K. Martin REBOUND (Off:0 Def:1),1629103,1610612754.0,IND,,,,,,,,,Martin,K. Martin,,,,,,,,,,,161.0,1.0,1.0,0.0,,,,,,22001079,,1648.5,7382.0,653.0,1,720,787.0,0,0,0,1,0,0,0,0,0,5,2,8,0,6,2.0,0,0,0,0,0,0,0,0,132,10.063532401524776,2.0946632782719186
163,PT10M40.00S,2021-05-16 17:38:08.900000+00:00,2,REGULAR,2pt,Jump Shot,pointsinthepaint,203926,8.88633377135348,41.000306372549,1610612754,32,35,2021-05-16T17:38:15Z,1630000,45.0,31.0,1,left,D. McDermott driving bank Jump Shot (11 PTS) (T. McConnell 2 AST),"203926, 204456",1610612754.0,IND,driving bank,,,,,,,,McDermott,D. McDermott,,,,,Made,11.0,5.46,T. McConnell,204456.0,2.0,,,,,,,,,,22001079,,1662.2,7382.0,640.0,3,720,800.0,0,0,0,1,0,0,0,0,0,5,2,8,0,6,2.0,0,0,0,0,0,0,0,0,133,9.975,2.07775
165,PT10M29.00S,2021-05-16 17:38:19.800000+00:00,2,REGULAR,2pt,Jump Shot,,203382,83.919185282523,89.0395220588235,1610612761,32,35,2021-05-16T17:38:24Z,1650000,195.0,99.0,1,right,MISS A. Baynes 21' Jump Shot,203382,1610612761.0,TOR,,,,,,,,,Baynes,A. Baynes,,,,,Missed,,21.87,,,,,,,,,,,,,22001079,,1673.1,7382.0,629.0,3,720,811.0,0,0,0,1,0,0,0,0,0,5,2,8,0,6,2.0,0,0,0,0,0,0,0,0,134,9.913686806411837,2.0630086313193585
166,PT10M27.00S,2021-05-16 17:38:21.800000+00:00,2,REGULAR,rebound,defensive,,1629103,,,1610612754,32,35,2021-05-16T17:38:24Z,1660000,,,0,,K. Martin REBOUND (Off:0 Def:2),1629103,1610612754.0,IND,,,,,,,,,Martin,K. Martin,,,,,,,,,,,165.0,2.0,2.0,0.0,,,,,,22001079,,1675.1,7382.0,627.0,3,720,813.0,0,0,0,1,0,0,0,0,0,5,2,8,0,6,2.0,0,0,0,0,0,0,0,0,135,9.96309963099631,2.0603936039360393
167,PT10M21.00S,2021-05-16 17:38:27.500000+00:00,2,REGULAR,3pt,Jump Shot,fastbreak,1629048,4.41852825229961,95.6571691176471,1610612754,32,35,2021-05-16T17:38:33Z,1670000,-228.0,-11.0,1,left,MISS G. Bitadze 3PT,1629048,1610612754.0,IND,,,,,,,,,Bitadze,G. Bitadze,,,,,Missed,,22.86,,,,,,,,,,,,,22001079,,1680.8,7382.0,621.0,3,720,819.0,0,0,0,1,0,0,0,0,0,5,2,8,0,6,2.0,0,0,0,0,0,0,0,0,136,9.963369963369964,2.052258852258852
168,PT10M19.00S,2021-05-16 17:38:29.500000+00:00,2,REGULAR,rebound,defensive,,203920,,,1610612761,32,35,2021-05-16T17:38:33Z,1680000,,,0,,K. Birch REBOUND (Off:0 Def:2),203920,1610612761.0,TOR,,,,,,,,,Birch,K. Birch,,,,,,,,,,,167.0,2.0,2.0,0.0,,,,,,22001079,,1682.8,7382.0,619.0,3,720,821.0,0,0,0,1,0,0,0,0,0,5,2,8,0,6,2.0,0,0,0,0,0,0,0,0,137,10.012180267965896,2.0496954933008524
169,PT10M07.00S,2021-05-16 17:38:42+00:00,2,REGULAR,turnover,bad pass,,203382,,,1610612761,32,35,2021-05-16T17:38:45Z,1690000,,,0,,A. Baynes bad pass TURNOVER (1 TO),"203382, 204456",1610612761.0,TOR,,,,,,,,1.0,Baynes,A. Baynes,,,,,,,,,,,,,,,,,,McConnell,204456.0,22001079,,1695.3,7382.0,607.0,3,720,833.0,0,0,0,1,0,0,1,0,0,5,2,9,0,6,2.0,0,0,0,0,0,0,0,0,138,9.939975990396158,2.035174069627851
170,PT10M07.00S,2021-05-16 17:38:42+00:00,2,REGULAR,steal,,,204456,,,1610612754,32,35,2021-05-16T17:38:43Z,1700000,,,0,,T. McConnell STEAL (1 STL),204456,1610612754.0,IND,,,,,,,,,McConnell,T. McConnell,,,,,,,,,,,,,,,,,,,,22001079,,1695.3,7382.0,607.0,3,720,833.0,0,0,0,1,0,0,0,0,0,5,2,9,0,6,2.0,0,0,0,0,0,0,0,0,139,10.012004801920769,2.035174069627851
171,PT10M03.00S,2021-05-16 17:38:47.900000+00:00,2,REGULAR,foul,personal,2freethrow,203920,,,1610612754,32,35,2021-05-16T17:38:54Z,1710000,,,0,,K. Birch shooting personal FOUL (1 PF) (Martin 2 FT),"203920, 1629103",1610612761.0,TOR,shooting,,,,,,1628172.0,,Birch,K. Birch,1.0,0.0,Martin,1629103.0,,,,,,,,,,,,,,,,22001079,,1701.2,7382.0,603.0,3,720,837.0,0,0,0,1,1,0,0,0,0,6,2,9,0,6,3.0,0,0,0,0,0,0,0,0,140,10.03584229390681,2.0324970131421747
174,PT10M03.00S,2021-05-16 17:39:13.800000+00:00,2,REGULAR,freethrow,1 of 2,"fromturnover, fastbreak",1629103,,,1610612754,32,36,2021-05-16T17:39:13Z,1730000,,,0,,K. Martin Free Throw 1 of 2 (4 PTS),1629103,1610612754.0,IND,,,,,,,,,Martin,K. Martin,,,,,Made,4.0,,,,,,,,,,,,,,22001079,,1727.1,7382.0,603.0,4,720,837.0,0,0,0,1,0,0,0,0,1,6,2,9,0,7,3.0,0,0,0,0,0,0,0,0,141,10.10752688172043,2.063440860215054
175,PT10M03.00S,2021-05-16 17:39:14.800000+00:00,2,REGULAR,substitution,out,,1627761,,,1610612754,32,36,2021-05-16T17:39:19Z,1740000,,,0,,SUB out: D. Bembry,1627761,1610612761.0,TOR,,,,,,,,,Bembry,D. Bembry,,,,,,,,,,,,,,,,,,,,22001079,,1728.1,7382.0,603.0,4,720,837.0,0,0,0,1,0,0,0,0,0,6,2,9,0,7,3.0,0,0,0,0,0,0,0,0,142,10.179211469534051,2.064635603345281
176,PT10M03.00S,2021-05-16 17:39:14.800000+00:00,2,REGULAR,substitution,in,,1626169,,,1610612754,32,36,2021-05-16T17:39:19Z,1750000,,,0,,SUB in: S. Johnson,1626169,1610612761.0,TOR,,,,,,,,,Johnson,S. Johnson,,,,,,,,,,,,,,,,,,,,22001079,,1728.1,7382.0,603.0,4,720,837.0,0,0,0,1,0,0,0,0,0,6,2,9,0,7,3.0,0,0,0,0,0,0,0,0,143,10.25089605734767,2.064635603345281
177,PT10M03.00S,2021-05-16 17:39:29.400000+00:00,2,REGULAR,freethrow,2 of 2,"fastbreak, fromturnover",1629103,,,1610612754,32,37,2021-05-16T17:39:29Z,1760000,,,0,,K. Martin Free Throw 2 of 2 (5 PTS),1629103,1610612754.0,IND,,,,,,,,,Martin,K. Martin,,,,,Made,5.0,,,,,,,,,,,,,,22001079,,1742.7,7382.0,603.0,5,720,837.0,0,0,0,1,0,0,0,0,1,6,2,9,0,8,3.0,0,0,0,0,0,0,0,0,144,10.32258064516129,2.0820788530465952
178,PT09M54.00S,2021-05-16 17:39:45.600000+00:00,2,REGULAR,foul,personal,,203926,,,1610612761,32,37,2021-05-16T17:39:51Z,1770000,,,0,,D. McDermott personal FOUL (2 PF),"203926, 1630273",1610612754.0,IND,,,,,,,1199.0,,McDermott,D. McDermott,2.0,0.0,Gillespie,1630273.0,,,,,,,,,,,,,,,,22001079,,1758.9,7382.0,594.0,5,720,846.0,0,0,0,1,1,0,0,0,0,7,2,9,0,8,3.0,0,0,0,0,0,0,0,0,145,10.28368794326241,2.079078014184397
180,PT09M47.00S,2021-05-16 17:40:24+00:00,2,REGULAR,2pt,Layup,pointsinthepaint,1626169,89.9638633377135,57.421875,1610612761,32,37,2021-05-16T17:50:43Z,1790000,37.0,42.0,1,right,MISS S. Johnson driving Layup,1626169,1610612761.0,TOR,driving,,,,,,,,Johnson,S. Johnson,,,,,Missed,,5.59,,,,,,,,,,,,,22001079,,1797.3,7382.0,587.0,5,720,853.0,0,0,0,1,0,0,0,0,0,7,2,9,0,8,3.0,0,0,0,0,0,0,0,0,146,10.269636576787807,2.1070339976553343
181,PT09M45.00S,2021-05-16 17:40:26+00:00,2,REGULAR,rebound,offensive,,1630273,,,1610612761,32,37,2021-05-16T18:13:28Z,1800000,,,0,,F. Gillespie REBOUND (Off:3 Def:0),1630273,1610612761.0,TOR,,,,,,,,,Gillespie,F. Gillespie,,,,,,,,,,,180.0,3.0,0.0,3.0,,,,,,22001079,,1799.3,7382.0,585.0,5,720,855.0,0,0,0,1,0,0,0,0,0,7,2,9,0,8,3.0,0,0,0,0,0,0,0,0,147,10.31578947368421,2.1044444444444443
253,PT09M45.00S,2021-05-16 17:40:27.900000+00:00,2,REGULAR,2pt,Layup,"pointsinthepaint, 2ndchance",1630273,92.1977660972405,50.5591299019608,1610612761,32,37,2021-05-16T18:13:28Z,1805000,3.0,21.0,1,right,MISS F. Gillespie tip Layup,1630273,1610612761.0,TOR,tip,,,,,,,,Gillespie,F. Gillespie,,,,,Missed,,2.1,,,,,,,,,,,,,22001079,,1801.2,7382.0,585.0,5,720,855.0,0,0,0,1,0,0,0,0,0,7,2,9,0,8,3.0,0,0,0,0,0,0,0,0,148,10.385964912280702,2.106666666666667
254,PT09M44.00S,2021-05-16 17:40:28.900000+00:00,2,REGULAR,rebound,defensive,,204456,,,1610612754,32,37,2021-05-16T18:13:18Z,1807500,,,0,,T. McConnell REBOUND (Off:0 Def:1),204456,1610612754.0,IND,,,,,,,,,McConnell,T. McConnell,,,,,,,,,,,253.0,1.0,1.0,0.0,,,,,,22001079,,1802.2,7382.0,584.0,5,720,856.0,0,0,0,1,0,0,0,0,0,7,2,9,0,8,2.0,0,0,0,0,0,0,0,0,149,10.44392523364486,2.105373831775701
182,PT09M37.00S,2021-05-16 17:40:31.800000+00:00,2,REGULAR,3pt,Jump Shot,fastbreak,1629103,20.7128777923784,91.9806985294118,1610612754,32,37,2021-05-16T17:48:59Z,1810000,-210.0,142.0,1,left,MISS K. Martin 25' 3PT,1629103,1610612754.0,IND,,,,,,,,,Martin,K. Martin,,,,,Missed,,25.35,,,,,,,,,,,,,22001079,,1805.1,7382.0,577.0,5,720,863.0,0,0,0,1,0,0,0,0,0,7,2,9,0,8,2.0,0,0,0,0,0,0,0,0,150,10.428736964078794,2.0916570104287366
184,PT09M35.00S,2021-05-16 17:40:33.800000+00:00,2,REGULAR,rebound,offensive,,203960,,,1610612754,32,37,2021-05-16T17:48:59Z,1830000,,,0,,J. Sampson REBOUND (Off:1 Def:0),203960,1610612754.0,IND,,,,,,,,,Sampson,J. Sampson,,,,,,,,,,,182.0,1.0,0.0,1.0,,,,,,22001079,,1807.1,7382.0,575.0,5,720,865.0,0,0,0,1,0,0,0,0,0,7,2,9,0,8,2.0,0,0,0,0,0,0,0,0,151,10.473988439306359,2.0891329479768785
205,PT09M33.00S,2021-05-16 17:40:37.300000+00:00,2,REGULAR,2pt,Layup,"pointsinthepaint, 2ndchance",203960,7.70367936925099,51.2944240196078,1610612754,32,37,2021-05-16T17:47:34Z,1835000,-6.0,20.0,1,left,MISS J. Sampson putback Layup - blocked,"203960, 203382",1610612754.0,IND,putback,,,,,,,,Sampson,J. Sampson,,,,,Missed,,2.09,,,,,,,,Baynes,203382.0,,,,22001079,,1810.6,7382.0,573.0,5,720,867.0,0,0,0,1,0,0,0,0,0,7,2,9,0,8,2.0,0,0,0,0,0,0,0,0,152,10.519031141868513,2.0883506343713956
206,PT09M33.00S,2021-05-16 17:40:37.300000+00:00,2,REGULAR,block,,,203382,,,1610612754,32,37,2021-05-16T17:43:16Z,1837500,,,0,,A. Baynes BLOCK (1 BLK),203382,1610612761.0,TOR,,,,,,,,,Baynes,A. Baynes,,,,,,,,,,,,,,,,,,,,22001079,,1810.6,7382.0,573.0,5,720,867.0,0,0,0,1,0,0,0,0,0,7,2,9,0,8,2.0,0,0,0,0,0,0,0,0,153,10.588235294117647,2.0883506343713956
207,PT09M33.00S,2021-05-16 17:40:37.300000+00:00,2,REGULAR,rebound,defensive,,1630201,,,1610612761,32,37,2021-05-16T17:43:16Z,1838750,,,0,,M. Flynn REBOUND (Off:0 Def:2),1630201,1610612761.0,TOR,,,,,,,,,Flynn,M. Flynn,,,,,,,,,,,205.0,2.0,2.0,0.0,,,,,,22001079,,1810.6,7382.0,573.0,5,720,867.0,0,0,0,1,0,0,0,0,0,7,2,9,0,8,2.0,0,0,0,0,0,0,0,0,154,10.657439446366782,2.0883506343713956
185,PT09M24.00S,2021-05-16 17:40:42.800000+00:00,2,REGULAR,foul,personal,2freethrow,203926,,,1610612761,32,37,2021-05-16T17:40:51Z,1840000,,,0,,D. McDermott shooting personal FOUL (3 PF) (Flynn 2 FT),"203926, 1630201",1610612754.0,IND,shooting,,,,,,1174.0,,McDermott,D. McDermott,3.0,0.0,Flynn,1630201.0,,,,,,,,,,,,,,,,22001079,,1816.1,7382.0,564.0,5,720,876.0,0,0,0,1,1,0,0,0,0,8,2,9,0,8,3.0,0,0,0,0,0,0,0,0,155,10.616438356164384,2.0731735159817353
187,PT09M24.00S,2021-05-16 17:41:06.700000+00:00,2,REGULAR,freethrow,1 of 2,,1630201,,,1610612761,33,37,2021-05-16T17:41:06Z,1860000,,,0,,M. Flynn Free Throw 1 of 2 (1 PTS),1630201,1610612761.0,TOR,,,,,,,,,Flynn,M. Flynn,,,,,Made,1.0,,,,,,,,,,,,,,22001079,,1840.0,7382.0,564.0,4,720,876.0,0,0,0,1,0,0,0,0,1,8,2,9,0,9,3.0,0,0,0,0,0,0,0,0,156,10.684931506849315,2.1004566210045663
188,PT09M24.00S,2021-05-16 17:41:08.700000+00:00,2,REGULAR,substitution,out,,203926,,,1610612761,33,37,2021-05-16T17:41:15Z,1870000,,,0,,SUB out: D. McDermott,203926,1610612754.0,IND,,,,,,,,,McDermott,D. McDermott,,,,,,,,,,,,,,,,,,,,22001079,,1842.0,7382.0,564.0,4,720,876.0,0,0,0,1,0,0,0,0,0,8,2,9,0,9,3.0,0,0,0,0,0,0,0,0,157,10.753424657534246,2.1027397260273974
189,PT09M24.00S,2021-05-16 17:41:08.700000+00:00,2,REGULAR,substitution,in,,1627747,,,1610612761,33,37,2021-05-16T17:41:15Z,1880000,,,0,,SUB in: C. LeVert,1627747,1610612754.0,IND,,,,,,,,,LeVert,C. LeVert,,,,,,,,,,,,,,,,,,,,22001079,,1842.0,7382.0,564.0,4,720,876.0,0,0,0,1,0,0,0,0,0,8,2,9,0,9,3.0,0,0,0,0,0,0,0,0,158,10.821917808219178,2.1027397260273974
190,PT09M24.00S,2021-05-16 17:41:25.300000+00:00,2,REGULAR,freethrow,2 of 2,,1630201,,,1610612761,34,37,2021-05-16T17:41:25Z,1890000,,,0,,M. Flynn Free Throw 2 of 2 (2 PTS),1630201,1610612761.0,TOR,,,,,,,,,Flynn,M. Flynn,,,,,Made,2.0,,,,,,,,,,,,,,22001079,,1858.6,7382.0,564.0,3,720,876.0,0,0,0,1,0,0,0,0,1,8,2,9,0,10,3.0,0,0,0,0,0,0,0,0,159,10.89041095890411,2.1216894977168947
191,PT09M12.00S,2021-05-16 17:41:39+00:00,2,REGULAR,3pt,Jump Shot,,1629103,26.3633377135348,80.4610906862745,1610612754,34,40,2021-05-16T17:41:48Z,1900000,-152.0,195.0,1,left,K. Martin 24' 3PT  (8 PTS) (C. LeVert 3 AST),"1629103, 1627747",1610612754.0,IND,,,,,,,,,Martin,K. Martin,,,,,Made,8.0,24.77,C. LeVert,1627747.0,3.0,,,,,,,,,,22001079,,1872.3,7382.0,552.0,6,720,888.0,0,0,0,0,0,0,0,0,0,8,2,9,0,10,2.0,0,0,0,0,0,0,0,0,160,10.81081081081081,2.1084459459459457
193,PT08M56.00S,2021-05-16 17:42:04.300000+00:00,2,REGULAR,2pt,Jump Shot,pointsinthepaint,1630201,87.0729303547963,55.2159926470588,1610612761,34,40,2021-05-16T17:52:53Z,1920000,26.0,69.0,1,right,MISS M. Flynn 7' driving floating Shot,1630201,1610612761.0,TOR,driving floating,,,,,,,,Flynn,M. Flynn,,,,,Missed,,7.38,,,,,,,,,,,,,22001079,,1897.6,7382.0,536.0,6,720,904.0,0,0,0,0,0,0,0,0,0,8,2,9,0,10,2.0,0,0,0,0,0,0,0,0,161,10.685840707964601,2.0991150442477875
194,PT08M56.00S,2021-05-16 17:42:04.300000+00:00,2,REGULAR,rebound,offensive,,203920,,,1610612761,34,40,2021-05-16T17:52:53Z,1930000,,,0,,K. Birch REBOUND (Off:1 Def:2),203920,1610612761.0,TOR,,,,,,,,,Birch,K. Birch,,,,,,,,,,,193.0,3.0,2.0,1.0,,,,,,22001079,,1897.6,7382.0,536.0,6,720,904.0,0,0,0,0,0,0,0,0,0,8,2,9,0,10,2.0,0,0,0,0,0,0,0,0,162,10.752212389380531,2.0991150442477875
195,PT08M56.00S,2021-05-16 17:42:08+00:00,2,REGULAR,foul,personal,"inpenalty, 2freethrow",1629048,,,1610612761,34,40,2021-05-16T17:42:14Z,1940000,,,0,,G. Bitadze shooting personal FOUL (1 PF) (Birch 2 FT),"1629048, 203920",1610612754.0,IND,shooting,,,,,,1174.0,,Bitadze,G. Bitadze,1.0,0.0,Birch,203920.0,,,,,,,,,,,,,,,,22001079,,1901.3,7382.0,536.0,6,720,904.0,0,0,0,0,1,0,0,0,0,9,2,9,0,10,3.0,0,0,0,0,0,0,0,0,163,10.81858407079646,2.10320796460177
197,PT08M56.00S,2021-05-16 17:42:18.700000+00:00,2,REGULAR,freethrow,1 of 2,2ndchance,203920,,,1610612761,35,40,2021-05-16T17:42:18Z,1960000,,,0,,K. Birch Free Throw 1 of 2 (5 PTS),203920,1610612761.0,TOR,,,,,,,,,Birch,K. Birch,,,,,Made,5.0,,,,,,,,,,,,,,22001079,,1912.0,7382.0,536.0,5,720,904.0,0,0,0,1,0,0,0,0,1,9,2,9,0,11,3.0,0,0,0,0,0,0,0,0,164,10.88495575221239,2.1150442477876106
198,PT08M56.00S,2021-05-16 17:42:19.800000+00:00,2,REGULAR,substitution,out,,1630201,,,1610612761,35,40,2021-05-16T17:42:23Z,1970000,,,0,,SUB out: M. Flynn,1630201,1610612761.0,TOR,,,,,,,,,Flynn,M. Flynn,,,,,,,,,,,,,,,,,,,,22001079,,1913.1,7382.0,536.0,5,720,904.0,0,0,0,1,0,0,0,0,0,9,2,9,0,11,2.0,0,0,0,0,0,0,0,0,165,10.951327433628318,2.1162610619469024
199,PT08M56.00S,2021-05-16 17:42:19.800000+00:00,2,REGULAR,substitution,in,,1627761,,,1610612761,35,40,2021-05-16T17:42:23Z,1980000,,,0,,SUB in: D. Bembry,1627761,1610612761.0,TOR,,,,,,,,,Bembry,D. Bembry,,,,,,,,,,,,,,,,,,,,22001079,,1913.1,7382.0,536.0,5,720,904.0,0,0,0,1,0,0,0,0,0,9,2,9,0,11,2.0,0,0,0,0,0,0,0,0,166,11.017699115044248,2.1162610619469024
200,PT08M56.00S,2021-05-16 17:42:32.600000+00:00,2,REGULAR,freethrow,2 of 2,2ndchance,203920,,,1610612761,36,40,2021-05-16T17:42:32Z,1990000,,,0,,K. Birch Free Throw 2 of 2 (6 PTS),203920,1610612761.0,TOR,,,,,,,,,Birch,K. Birch,,,,,Made,6.0,,,,,,,,,,,,,,22001079,,1925.9,7382.0,536.0,4,720,904.0,0,0,0,1,0,0,0,0,1,9,2,9,0,12,2.0,0,0,0,0,0,0,0,0,167,11.084070796460177,2.130420353982301
201,PT08M53.00S,2021-05-16 17:42:40.100000+00:00,2,REGULAR,stoppage,out-of-bounds,,0,,,1610612754,36,40,2021-05-16T17:42:40Z,2000000,,,0,,,,,,,,,,,,,,,,,,,,,,,,,,,,,,,,,,,22001079,,1933.4,7382.0,533.0,4,720,907.0,0,0,0,1,0,0,0,0,0,9,2,9,0,12,2.0,0,0,0,0,0,0,0,0,168,11.113561190738698,2.131642778390298
202,PT08M46.00S,2021-05-16 17:42:55.300000+00:00,2,REGULAR,3pt,Jump Shot,,1627747,21.5013140604468,90.0199142156863,1610612754,36,40,2021-05-16T17:43:20Z,2010000,-200.0,150.0,1,left,MISS C. LeVert 24' 3PT,1627747,1610612754.0,IND,,,,,,,,,LeVert,C. LeVert,,,,,Missed,,24.98,,,,,,,,,,,,,22001079,,1948.6,7382.0,526.0,4,720,914.0,0,0,0,1,0,0,0,0,0,9,2,9,0,12,2.0,0,0,0,0,0,0,0,0,169,11.094091903719914,2.1319474835886214
203,PT08M44.00S,2021-05-16 17:42:57.500000+00:00,2,REGULAR,rebound,defensive,,1630273,,,1610612761,36,40,2021-05-16T17:42:57Z,2020000,,,0,,F. Gillespie REBOUND (Off:3 Def:1),1630273,1610612761.0,TOR,,,,,,,,,Gillespie,F. Gillespie,,,,,,,,,,,202.0,4.0,1.0,3.0,,,,,,22001079,,1950.8,7382.0,524.0,4,720,916.0,0,0,0,1,0,0,0,0,0,9,2,9,0,12,2.0,0,0,0,0,0,0,0,0,170,11.1353711790393,2.1296943231441046
204,PT08M35.00S,2021-05-16 17:43:07.100000+00:00,2,REGULAR,2pt,Jump Shot,,203920,88.649802890933,68.4512867647059,1610612761,38,40,2021-05-16T17:55:15Z,2030000,92.0,54.0,1,right,K. Birch 10' fadeaway Jump Shot (8 PTS),203920,1610612761.0,TOR,fadeaway,,,,,,,,Birch,K. Birch,,,,,Made,8.0,10.7,,,,,,,,,,,,,22001079,,1960.4,7382.0,515.0,2,720,925.0,0,0,0,1,0,0,0,0,0,9,2,9,0,12,2.0,0,0,0,0,0,0,0,0,171,11.091891891891892,2.1193513513513516
208,PT08M22.00S,2021-05-16 17:43:20.200000+00:00,2,REGULAR,2pt,Jump Shot,pointsinthepaint,204456,14.4053876478318,59.1375612745098,1610612754,38,42,2021-05-16T17:43:29Z,2040000,-46.0,83.0,1,left,T. McConnell 9' pullup Jump Shot (4 PTS),204456,1610612754.0,IND,pullup,,,,,,,,McConnell,T. McConnell,,,,,Made,4.0,9.47,,,,,,,,,,,,,22001079,,1973.5,7382.0,502.0,4,720,938.0,0,0,0,1,0,0,0,0,0,9,2,9,0,12,2.0,0,0,0,0,0,0,0,0,172,11.002132196162048,2.1039445628997866
209,PT08M12.00S,2021-05-16 17:43:29.900000+00:00,2,REGULAR,3pt,Jump Shot,,203382,64.4710906701708,48.1081495098039,1610612761,41,42,2021-05-16T17:43:34Z,2050000,-9.0,281.0,1,right,A. Baynes 28' 3PT  (11 PTS) (S. Johnson 4 AST),"203382, 1626169",1610612761.0,TOR,,,,,,,,,Baynes,A. Baynes,,,,,Made,11.0,28.17,S. Johnson,1626169.0,4.0,,,,,,,,,,22001079,,1983.2,7382.0,492.0,1,720,948.0,0,0,0,1,0,0,0,0,0,9,2,9,0,12,2.0,0,0,0,0,0,0,0,0,173,10.949367088607595,2.091983122362869
211,PT07M51.00S,2021-05-16 17:43:50.100000+00:00,2,REGULAR,2pt,Layup,pointsinthepaint,203960,6.25821287779238,52.5199142156863,1610612754,41,42,2021-05-16T17:43:58Z,2070000,-13.0,6.0,1,left,MISS J. Sampson driving Layup - blocked,"203960, 203382",1610612754.0,IND,driving,,,,,,,,Sampson,J. Sampson,,,,,Missed,,1.41,,,,,,,,Baynes,203382.0,,,,22001079,,2003.4,7382.0,471.0,1,720,969.0,0,0,0,1,0,0,0,0,0,9,2,9,0,12,2.0,0,0,0,0,0,0,0,0,174,10.773993808049537,2.0674922600619197
222,PT07M51.00S,2021-05-16 17:43:50.100000+00:00,2,REGULAR,block,,,203382,,,1610612754,41,42,2021-05-16T17:44:47Z,2075000,,,0,,A. Baynes BLOCK (2 BLK),203382,1610612761.0,TOR,,,,,,,,,Baynes,A. Baynes,,,,,,,,,,,,,,,,,,,,22001079,,2003.4,7382.0,471.0,1,720,969.0,0,0,0,1,0,0,0,0,0,9,2,9,0,12,1.0,0,0,0,0,0,0,0,0,175,10.8359133126935,2.0674922600619197
212,PT07M50.00S,2021-05-16 17:43:51.100000+00:00,2,REGULAR,rebound,offensive,,1629048,,,1610612754,41,42,2021-05-16T17:43:58Z,2080000,,,0,,G. Bitadze REBOUND (Off:1 Def:0),1629048,1610612754.0,IND,,,,,,,,,Bitadze,G. Bitadze,,,,,,,,,,,211.0,1.0,0.0,1.0,,,,,,22001079,,2004.4,7382.0,470.0,1,720,970.0,0,0,0,1,0,0,0,0,0,9,2,9,0,12,1.0,0,0,0,0,0,0,0,0,176,10.886597938144329,2.06639175257732
213,PT07M50.00S,2021-05-16 17:43:56.500000+00:00,2,REGULAR,2pt,Layup,"2ndchance, pointsinthepaint",1629048,5.59000015258789,50.0,1610612754,41,42,2021-05-16T17:44:39Z,2090000,0.0,0.0,1,left,MISS G. Bitadze tip Layup,1629048,1610612754.0,IND,tip,,,,,,,,Bitadze,G. Bitadze,,,,,Missed,,0.0,,,,,,,,,,,,,22001079,,2009.8,7382.0,470.0,1,720,970.0,0,0,0,1,0,0,0,0,0,9,2,9,0,12,1.0,0,0,0,0,0,0,0,0,177,10.948453608247421,2.071958762886598
214,PT07M50.00S,2021-05-16 17:43:56.500000+00:00,2,REGULAR,rebound,offensive,,1629048,,,1610612754,41,42,2021-05-16T17:44:39Z,2100000,,,0,,G. Bitadze REBOUND (Off:2 Def:0),1629048,1610612754.0,IND,,,,,,,,,Bitadze,G. Bitadze,,,,,,,,,,,213.0,2.0,0.0,2.0,,,,,,22001079,,2009.8,7382.0,470.0,1,720,970.0,0,0,0,1,0,0,0,0,0,9,2,9,0,12,1.0,0,0,0,0,0,0,0,0,178,11.010309278350515,2.071958762886598
215,PT07M50.00S,2021-05-16 17:43:58.200000+00:00,2,REGULAR,2pt,Layup,"pointsinthepaint, 2ndchance",1629048,5.59000015258789,50.0,1610612754,41,44,2021-05-16T17:43:58Z,2110000,0.0,0.0,1,left,G. Bitadze tip Layup (2 PTS),1629048,1610612754.0,IND,tip,,,,,,,,Bitadze,G. Bitadze,,,,,Made,2.0,0.0,,,,,,,,,,,,,22001079,,2011.5,7382.0,470.0,3,720,970.0,0,0,0,1,0,0,0,0,0,9,2,9,0,12,1.0,0,0,0,0,0,0,0,0,179,11.072164948453608,2.0737113402061857
217,PT07M50.00S,2021-05-16 17:44:05.200000+00:00,2,REGULAR,turnover,traveling,,1626169,,,1610612761,41,44,2021-05-16T17:44:13Z,2130000,,,0,,S. Johnson traveling TURNOVER (4 TO),1626169,1610612761.0,TOR,,,,,,,1199.0,4.0,Johnson,S. Johnson,,,,,,,,,,,,,,,,,,,,22001079,,2018.5,7382.0,470.0,3,720,970.0,0,0,0,1,0,0,1,0,0,9,2,10,0,12,1.0,0,0,0,0,0,0,0,0,180,11.1340206185567,2.0809278350515465
218,PT07M50.00S,2021-05-16 17:44:10+00:00,2,REGULAR,substitution,out,,1629048,,,1610612754,41,44,2021-05-16T17:44:14Z,2140000,,,0,,SUB out: G. Bitadze,1629048,1610612754.0,IND,,,,,,,,,Bitadze,G. Bitadze,,,,,,,,,,,,,,,,,,,,22001079,,2023.3,7382.0,470.0,3,720,970.0,0,0,0,1,0,0,0,0,0,9,2,10,0,12,1.0,0,0,0,0,0,0,0,0,181,11.195876288659793,2.0858762886597937
219,PT07M50.00S,2021-05-16 17:44:10+00:00,2,REGULAR,substitution,in,,1627734,,,1610612754,41,44,2021-05-16T17:44:14Z,2150000,,,0,,SUB in: D. Sabonis,1627734,1610612754.0,IND,,,,,,,,,Sabonis,D. Sabonis,,,,,,,,,,,,,,,,,,,,22001079,,2023.3,7382.0,470.0,3,720,970.0,0,0,0,1,0,0,0,0,0,9,2,10,0,12,1.0,0,0,0,0,0,0,0,0,182,11.257731958762886,2.0858762886597937
220,PT07M36.00S,2021-05-16 17:44:33.500000+00:00,2,REGULAR,2pt,Jump Shot,"pointsinthepaint, fromturnover",1629103,9.93758212877792,36.0983455882353,1610612754,41,44,2021-05-16T17:44:42Z,2160000,70.0,41.0,1,left,MISS K. Martin 8' driving floating Shot,1629103,1610612754.0,IND,driving floating,,,,,,,,Martin,K. Martin,,,,,Missed,,8.06,,,,,,,,,,,,,22001079,,2046.8,7382.0,456.0,3,720,984.0,0,0,0,1,0,0,0,0,0,9,2,10,0,12,0.0,0,0,0,0,0,0,0,0,183,11.158536585365855,2.080081300813008
221,PT07M34.00S,2021-05-16 17:44:35.500000+00:00,2,REGULAR,rebound,defensive,,203382,,,1610612761,41,44,2021-05-16T17:44:42Z,2170000,,,0,,A. Baynes REBOUND (Off:1 Def:3),203382,1610612761.0,TOR,,,,,,,,,Baynes,A. Baynes,,,,,,,,,,,220.0,4.0,3.0,1.0,,,,,,22001079,,2048.8,7382.0,454.0,3,720,986.0,0,0,0,1,0,0,0,0,0,9,2,10,0,12,0.0,0,0,0,0,0,0,0,0,184,11.196754563894523,2.07789046653144
223,PT07M24.00S,2021-05-16 17:44:51.300000+00:00,2,REGULAR,foul,personal,"inpenalty, 2freethrow",203960,,,1610612761,41,44,2021-05-16T17:45:12Z,2180000,,,0,,J. Sampson shooting personal FOUL (2 PF) (Baynes 2 FT),"203960, 203382",1610612754.0,IND,shooting,,,,,,1628172.0,,Sampson,J. Sampson,2.0,0.0,Baynes,203382.0,,,,,,,,,,,,,,,,22001079,,2064.6,7382.0,444.0,3,720,996.0,0,0,0,1,1,0,0,0,0,10,2,10,0,12,1.0,0,0,0,0,0,0,0,0,185,11.14457831325301,2.07289156626506
225,PT07M24.00S,2021-05-16 17:45:12.800000+00:00,2,REGULAR,freethrow,1 of 2,,203382,,,1610612761,41,44,2021-05-16T17:45:12Z,2200000,,,0,,MISS A. Baynes Free Throw 1 of 2,203382,1610612761.0,TOR,,,,,,,,,Baynes,A. Baynes,,,,,Missed,,,,,,,,,,,,,,,22001079,,2086.1,7382.0,444.0,3,720,996.0,0,0,0,1,0,0,0,0,1,10,2,10,0,13,1.0,0,0,0,0,0,0,0,0,186,11.204819277108433,2.094477911646586
226,PT07M24.00S,2021-05-16 17:45:12.800000+00:00,2,REGULAR,rebound,offensive,"deadball, team",0,,,1610612761,41,44,2021-05-16T17:45:12Z,2210000,,,0,,TEAM offensive REBOUND,,1610612761.0,TOR,,,,,,,,,,,,,,,,,,,,,225.0,,,,,,,,,22001079,,2086.1,7382.0,444.0,3,720,996.0,0,0,0,1,0,0,0,0,0,10,2,10,0,13,1.0,0,0,0,0,0,0,0,0,187,11.265060240963855,2.094477911646586
227,PT07M24.00S,2021-05-16 17:45:32.800000+00:00,2,REGULAR,freethrow,2 of 2,,203382,,,1610612761,42,44,2021-05-16T17:45:32Z,2220000,,,0,,A. Baynes Free Throw 2 of 2 (12 PTS),203382,1610612761.0,TOR,,,,,,,,,Baynes,A. Baynes,,,,,Made,12.0,,,,,,,,,,,,,,22001079,,2106.1,7382.0,444.0,2,720,996.0,0,0,0,1,0,0,0,0,1,10,2,10,0,14,1.0,0,0,0,0,0,0,0,0,188,11.325301204819276,2.114558232931727
228,PT07M17.00S,2021-05-16 17:45:39.500000+00:00,2,REGULAR,3pt,Jump Shot,,1627734,33.3278580814717,50.5591299019608,1610612754,42,47,2021-05-16T17:45:44Z,2230000,-3.0,261.0,1,left,D. Sabonis 26' 3PT  (5 PTS) (T. McConnell 3 AST),"1627734, 204456",1610612754.0,IND,,,,,,,,,Sabonis,D. Sabonis,,,,,Made,5.0,26.08,T. McConnell,204456.0,3.0,,,,,,,,,,22001079,,2112.8,7382.0,437.0,5,720,1003.0,0,0,0,1,0,0,0,0,0,10,2,10,0,14,1.0,0,0,0,0,0,0,0,0,189,11.306081754735795,2.1064805583250252
230,PT07M02.00S,2021-05-16 17:45:56.700000+00:00,2,REGULAR,2pt,Layup,pointsinthepaint,1627761,90.6208935611038,64.7748161764706,1610612761,42,47,2021-05-16T17:46:05Z,2250000,74.0,36.0,1,right,MISS D. Bembry 8' driving Layup,1627761,1610612761.0,TOR,driving,,,,,,,,Bembry,D. Bembry,,,,,Missed,,8.21,,,,,,,,,,,,,22001079,,2130.0,7382.0,422.0,5,720,1018.0,0,0,0,1,0,0,0,0,0,10,2,10,0,14,1.0,0,0,0,0,0,0,0,0,190,11.19842829076621,2.092337917485265
231,PT07M02.00S,2021-05-16 17:45:56.700000+00:00,2,REGULAR,rebound,offensive,team,0,,,1610612761,42,47,2021-05-16T17:46:05Z,2260000,,,0,,TEAM offensive REBOUND,,1610612761.0,TOR,,,,,,,,,,,,,,,,,,,,,230.0,,,,,,,,,22001079,,2130.0,7382.0,422.0,5,720,1018.0,0,0,0,1,0,0,0,0,0,10,2,10,0,14,1.0,0,0,0,0,0,0,0,0,191,11.2573673870334,2.092337917485265
232,PT07M02.00S,2021-05-16 17:46:14.500000+00:00,2,REGULAR,substitution,out,,1629103,,,1610612761,42,47,2021-05-16T17:46:17Z,2270000,,,0,,SUB out: K. Martin,1629103,1610612754.0,IND,,,,,,,,,Martin,K. Martin,,,,,,,,,,,,,,,,,,,,22001079,,2147.8,7382.0,422.0,5,720,1018.0,0,0,0,1,0,0,0,0,0,10,2,10,0,14,1.0,0,0,0,0,0,0,0,0,192,11.31630648330059,2.1098231827111986
233,PT07M02.00S,2021-05-16 17:46:14.500000+00:00,2,REGULAR,substitution,in,,1629052,,,1610612761,42,47,2021-05-16T17:46:17Z,2280000,,,0,,SUB in: O. Brissett,1629052,1610612754.0,IND,,,,,,,,,Brissett,O. Brissett,,,,,,,,,,,,,,,,,,,,22001079,,2147.8,7382.0,422.0,5,720,1018.0,0,0,0,1,0,0,0,0,0,10,2,10,0,14,1.0,0,0,0,0,0,0,0,0,193,11.375245579567782,2.1098231827111986
234,PT06M59.00S,2021-05-16 17:46:43.600000+00:00,2,REGULAR,jumpball,recovered,,203382,,,1610612761,42,47,2021-05-16T17:46:43Z,2290000,,,0,,Jump Ball F. Gillespie vs. D. Sabonis: Tip to A. Baynes,"203382, 1630273, 1627734",1610612761.0,TOR,outofbounds,A. Baynes,Gillespie,1630273.0,Sabonis,1627734.0,,,Baynes,A. Baynes,,,,,,,,,,,,,,,,,203382.0,,,22001079,,2176.9,7382.0,419.0,5,720,1021.0,0,0,0,1,0,0,0,0,0,10,2,10,0,14,1.0,0,0,0,0,0,0,0,0,194,11.40058765915769,2.1321253672869735
237,PT06M47.00S,2021-05-16 17:46:55+00:00,2,REGULAR,2pt,Layup,"pointsinthepaint, 2ndchance",203382,93.511826544021,60.3630514705882,1610612761,42,47,2021-05-16T17:47:05Z,2320000,52.0,8.0,1,right,MISS A. Baynes driving finger roll Layup,203382,1610612761.0,TOR,driving finger roll,,,,,,,,Baynes,A. Baynes,,,,,Missed,,5.25,,,,,,,,,,,,,22001079,,2188.3,7382.0,407.0,5,720,1033.0,0,0,0,1,0,0,0,0,0,10,2,10,0,14,1.0,0,0,0,0,0,0,0,0,195,11.326234269119071,2.1183930300096807
238,PT06M46.00S,2021-05-16 17:46:56+00:00,2,REGULAR,rebound,defensive,,203960,,,1610612754,42,47,2021-05-16T17:47:05Z,2330000,,,0,,J. Sampson REBOUND (Off:1 Def:1),203960,1610612754.0,IND,,,,,,,,,Sampson,J. Sampson,,,,,,,,,,,237.0,2.0,1.0,1.0,,,,,,22001079,,2189.3,7382.0,406.0,5,720,1034.0,0,0,0,1,0,0,0,0,0,10,2,10,0,14,1.0,0,0,0,0,0,0,0,0,196,11.373307543520308,2.1173114119922634
239,PT06M39.00S,2021-05-16 17:47:03.500000+00:00,2,REGULAR,2pt,Jump Shot,,1627734,13.3541392904074,23.3532475490196,1610612754,42,47,2021-05-16T17:47:08Z,2340000,133.0,73.0,1,left,MISS D. Sabonis 15' Jump Shot,1627734,1610612754.0,IND,,,,,,,,,Sabonis,D. Sabonis,,,,,Missed,,15.19,,,,,,,,,,,,,22001079,,2196.8,7382.0,399.0,5,720,1041.0,0,0,0,1,0,0,0,0,0,10,2,10,0,14,1.0,0,0,0,0,0,0,0,0,197,11.354466858789625,2.1102785782901057
240,PT06M36.00S,2021-05-16 17:47:06.500000+00:00,2,REGULAR,rebound,defensive,,203382,,,1610612761,42,47,2021-05-16T17:47:08Z,2350000,,,0,,A. Baynes REBOUND (Off:1 Def:4),203382,1610612761.0,TOR,,,,,,,,,Baynes,A. Baynes,,,,,,,,,,,239.0,5.0,4.0,1.0,,,,,,22001079,,2199.8,7382.0,396.0,5,720,1044.0,0,0,0,1,0,0,0,0,0,10,2,10,0,14,1.0,0,0,0,0,0,0,0,0,198,11.379310344827587,2.107088122605364
241,PT06M33.00S,2021-05-16 17:47:12.500000+00:00,2,REGULAR,foul,personal,"inpenalty, 2freethrow",203960,,,1610612761,42,47,2021-05-16T17:47:19Z,2360000,,,0,,J. Sampson shooting personal FOUL (3 PF) (Johnson 2 FT),"203960, 1626169",1610612754.0,IND,shooting,,,,,,1628172.0,,Sampson,J. Sampson,3.0,0.0,Johnson,1626169.0,,,,,,,,,,,,,,,,22001079,,2205.8,7382.0,393.0,5,720,1047.0,0,0,0,1,1,0,0,0,0,11,2,10,0,14,2.0,0,0,0,0,0,0,0,0,199,11.404011461318053,2.1067812798471826
243,PT06M33.00S,2021-05-16 17:47:23.900000+00:00,2,REGULAR,timeout,full,"team, mandatory",0,,,1610612761,42,47,2021-05-16T17:47:23Z,2380000,,,0,,TOR Timeout,,1610612761.0,TOR,,,,,,,,,,,,,,,,,,,,,,,,,,,,,,22001079,,2217.2,7382.0,393.0,5,720,1047.0,0,0,0,1,0,1,0,0,0,11,3,10,0,14,2.0,0,0,0,0,0,0,0,0,200,11.461318051575931,2.1176695319961794
244,PT06M33.00S,2021-05-16 17:47:27.200000+00:00,2,REGULAR,substitution,out,,203382,,,1610612761,42,47,2021-05-16T17:50:06Z,2390000,,,0,,SUB out: A. Baynes,203382,1610612761.0,TOR,,,,,,,,,Baynes,A. Baynes,,,,,,,,,,,,,,,,,,,,22001079,,2220.5,7382.0,393.0,5,720,1047.0,0,0,0,1,0,0,0,0,0,11,3,10,0,14,2.0,0,0,0,0,0,0,0,0,201,11.518624641833812,2.120821394460363
245,PT06M33.00S,2021-05-16 17:47:27.200000+00:00,2,REGULAR,substitution,out,,203960,,,1610612761,42,47,2021-05-16T17:50:06Z,2400000,,,0,,SUB out: J. Sampson,203960,1610612754.0,IND,,,,,,,,,Sampson,J. Sampson,,,,,,,,,,,,,,,,,,,,22001079,,2220.5,7382.0,393.0,5,720,1047.0,0,0,0,1,0,0,0,0,0,11,3,10,0,14,2.0,0,0,0,0,0,0,0,0,202,11.57593123209169,2.120821394460363
246,PT06M33.00S,2021-05-16 17:47:27.200000+00:00,2,REGULAR,substitution,in,,1630201,,,1610612761,42,47,2021-05-16T17:50:06Z,2410000,,,0,,SUB in: M. Flynn,1630201,1610612761.0,TOR,,,,,,,,,Flynn,M. Flynn,,,,,,,,,,,,,,,,,,,,22001079,,2220.5,7382.0,393.0,5,720,1047.0,0,0,0,1,0,0,0,0,0,11,3,10,0,14,2.0,0,0,0,0,0,0,0,0,203,11.633237822349571,2.120821394460363
247,PT06M33.00S,2021-05-16 17:47:27.200000+00:00,2,REGULAR,substitution,in,,203200,,,1610612761,42,47,2021-05-16T17:50:06Z,2420000,,,0,,SUB in: J. Holiday,203200,1610612754.0,IND,,,,,,,,,Holiday,J. Holiday,,,,,,,,,,,,,,,,,,,,22001079,,2220.5,7382.0,393.0,5,720,1047.0,0,0,0,1,0,0,0,0,0,11,3,10,0,14,2.0,0,0,0,0,0,0,0,0,204,11.69054441260745,2.120821394460363
248,PT06M33.00S,2021-05-16 17:50:41.300000+00:00,2,REGULAR,freethrow,1 of 2,,1626169,,,1610612761,42,47,2021-05-16T17:50:41Z,2430000,,,0,,MISS S. Johnson Free Throw 1 of 2,1626169,1610612761.0,TOR,,,,,,,,,Johnson,S. Johnson,,,,,Missed,,,,,,,,,,,,,,,22001079,,2414.6,7382.0,393.0,5,720,1047.0,0,0,0,1,0,0,0,0,1,11,3,10,0,15,1.0,0,0,0,0,0,0,0,0,205,11.74785100286533,2.3062082139446036
249,PT06M33.00S,2021-05-16 17:50:41.300000+00:00,2,REGULAR,rebound,offensive,"deadball, team",0,,,1610612761,42,47,2021-05-16T17:50:41Z,2440000,,,0,,TEAM offensive REBOUND,,1610612761.0,TOR,,,,,,,,,,,,,,,,,,,,,248.0,,,,,,,,,22001079,,2414.6,7382.0,393.0,5,720,1047.0,0,0,0,1,0,0,0,0,0,11,3,10,0,15,1.0,0,0,0,0,0,0,0,0,206,11.80515759312321,2.3062082139446036
250,PT06M33.00S,2021-05-16 17:50:54.600000+00:00,2,REGULAR,freethrow,2 of 2,,1626169,,,1610612761,43,47,2021-05-16T17:50:54Z,2450000,,,0,,S. Johnson Free Throw 2 of 2 (4 PTS),1626169,1610612761.0,TOR,,,,,,,,,Johnson,S. Johnson,,,,,Made,4.0,,,,,,,,,,,,,,22001079,,2427.9,7382.0,393.0,4,720,1047.0,0,0,0,1,0,0,0,0,1,11,3,10,0,16,1.0,0,0,0,0,0,0,0,0,207,11.862464183381089,2.3189111747851006
251,PT06M21.00S,2021-05-16 17:51:10.700000+00:00,2,REGULAR,foul,personal,2freethrow,1627761,,,1610612754,43,47,2021-05-16T17:51:25Z,2460000,,,0,,D. Bembry shooting personal FOUL (2 PF) (LeVert 2 FT),"1627761, 1627747",1610612761.0,TOR,shooting,,,,,,1174.0,,Bembry,D. Bembry,2.0,0.0,LeVert,1627747.0,,,,,,,,,,,,,,,,22001079,,2444.0,7382.0,381.0,4,720,1059.0,0,0,0,1,1,0,0,0,0,12,3,10,0,16,2.0,0,0,0,0,0,0,0,0,208,11.784702549575071,2.307837582625118
255,PT06M21.00S,2021-05-16 17:51:47.900000+00:00,2,REGULAR,freethrow,1 of 2,,1627747,,,1610612754,43,48,2021-05-16T17:51:47Z,2480000,,,0,,C. LeVert Free Throw 1 of 2 (10 PTS),1627747,1610612754.0,IND,,,,,,,,,LeVert,C. LeVert,,,,,Made,10.0,,,,,,,,,,,,,,22001079,,2481.2,7382.0,381.0,5,720,1059.0,0,0,0,1,0,0,0,0,1,12,3,10,0,17,2.0,0,0,0,0,0,0,0,0,209,11.841359773371106,2.342965061378659
256,PT06M21.00S,2021-05-16 17:52:04.200000+00:00,2,REGULAR,freethrow,2 of 2,,1627747,,,1610612754,43,49,2021-05-16T17:52:04Z,2490000,,,0,,C. LeVert Free Throw 2 of 2 (11 PTS),1627747,1610612754.0,IND,,,,,,,,,LeVert,C. LeVert,,,,,Made,11.0,,,,,,,,,,,,,,22001079,,2497.5,7382.0,381.0,6,720,1059.0,0,0,0,0,0,0,0,0,1,12,3,10,0,18,2.0,0,0,0,0,0,0,0,0,210,11.89801699716714,2.358356940509915
257,PT06M01.00S,2021-05-16 17:52:29+00:00,2,REGULAR,3pt,Jump Shot,,203920,66.5735873850197,62.078737745098,1610612761,43,49,2021-05-16T17:52:32Z,2500000,60.0,262.0,1,right,MISS K. Birch 26' 3PT,203920,1610612761.0,TOR,,,,,,,,,Birch,K. Birch,,,,,Missed,,26.86,,,,,,,,,,,,,22001079,,2522.3,7382.0,361.0,6,720,1079.0,0,0,0,0,0,0,0,0,0,12,3,10,0,18,2.0,0,0,0,0,0,0,0,0,211,11.733086190917515,2.337627432808156
258,PT05M59.00S,2021-05-16 17:52:31+00:00,2,REGULAR,rebound,defensive,,204456,,,1610612754,43,49,2021-05-16T17:52:32Z,2510000,,,0,,T. McConnell REBOUND (Off:0 Def:2),204456,1610612754.0,IND,,,,,,,,,McConnell,T. McConnell,,,,,,,,,,,257.0,2.0,2.0,0.0,,,,,,22001079,,2524.3,7382.0,359.0,6,720,1081.0,0,0,0,0,0,0,0,0,0,12,3,10,0,18,2.0,0,0,0,0,0,0,0,0,212,11.766882516188716,2.335152636447734
259,PT05M52.00S,2021-05-16 17:52:37.300000+00:00,2,REGULAR,3pt,Jump Shot,,203200,28.3344283837056,22.1277573529412,1610612754,43,49,2021-05-16T17:52:42Z,2520000,139.0,214.0,1,left,MISS J. Holiday 25' 3PT,203200,1610612754.0,IND,,,,,,,,,Holiday,J. Holiday,,,,,Missed,,25.52,,,,,,,,,,,,,22001079,,2530.6,7382.0,352.0,6,720,1088.0,0,0,0,0,0,0,0,0,0,12,3,10,0,18,2.0,0,0,0,0,0,0,0,0,213,11.746323529411764,2.3259191176470586
260,PT05M49.00S,2021-05-16 17:52:40.300000+00:00,2,REGULAR,rebound,defensive,,203920,,,1610612761,43,49,2021-05-16T17:52:42Z,2530000,,,0,,K. Birch REBOUND (Off:1 Def:3),203920,1610612761.0,TOR,,,,,,,,,Birch,K. Birch,,,,,,,,,,,259.0,4.0,3.0,1.0,,,,,,22001079,,2533.6,7382.0,349.0,6,720,1091.0,0,0,0,0,0,0,0,0,0,12,3,10,0,18,2.0,0,0,0,0,0,0,0,0,214,11.769019248395967,2.3222731439046744
261,PT05M41.00S,2021-05-16 17:52:50.800000+00:00,2,REGULAR,2pt,Layup,pointsinthepaint,1626169,87.2043363994744,52.0297181372549,1610612761,45,49,2021-05-16T17:52:55Z,2540000,10.0,68.0,1,right,S. Johnson 6' driving Layup (6 PTS) (K. Birch 2 AST),"1626169, 203920",1610612761.0,TOR,driving,,,,,,,,Johnson,S. Johnson,,,,,Made,6.0,6.85,K. Birch,203920.0,2.0,,,,,,,,,,22001079,,2544.1,7382.0,341.0,4,720,1099.0,0,0,0,1,0,0,0,0,0,12,3,10,0,18,2.0,0,0,0,0,0,0,0,0,215,11.737943585077343,2.3149226569608734
263,PT05M41.00S,2021-05-16 17:52:55.900000+00:00,2,REGULAR,foul,personal,"inpenalty, 1freethrow",1627734,,,1610612761,45,49,2021-05-16T17:53:02Z,2560000,,,0,,D. Sabonis shooting personal FOUL (1 PF) (Johnson 1 FT),"1627734, 1626169",1610612754.0,IND,shooting,,,,,,1174.0,,Sabonis,D. Sabonis,1.0,0.0,Johnson,1626169.0,,,,,,,,,,,,,,,,22001079,,2549.2,7382.0,341.0,4,720,1099.0,0,0,0,1,1,0,0,0,0,13,3,10,0,18,3.0,0,0,0,0,0,0,0,0,216,11.792538671519564,2.319563239308462
265,PT05M41.00S,2021-05-16 17:53:10.200000+00:00,2,REGULAR,freethrow,1 of 1,,1626169,,,1610612761,46,49,2021-05-16T17:53:10Z,2580000,,,0,,S. Johnson Free Throw 1 of 1 (7 PTS),1626169,1610612761.0,TOR,,,,,,,,,Johnson,S. Johnson,,,,,Made,7.0,,,,,,,,,,,,,,22001079,,2563.5,7382.0,341.0,3,720,1099.0,0,0,0,1,0,0,0,0,1,13,3,10,0,19,3.0,0,0,0,0,0,0,0,0,217,11.847133757961783,2.332575068243858
266,PT05M25.00S,2021-05-16 17:53:30.700000+00:00,2,REGULAR,3pt,Jump Shot,,1629052,27.9402102496715,20.6571691176471,1610612754,46,49,2021-05-16T17:53:34Z,2590000,147.0,210.0,1,left,MISS O. Brissett 25' 3PT,1629052,1610612754.0,IND,,,,,,,,,Brissett,O. Brissett,,,,,Missed,,25.62,,,,,,,,,,,,,22001079,,2584.0,7382.0,325.0,3,720,1115.0,0,0,0,1,0,0,0,0,0,13,3,10,0,19,3.0,0,0,0,0,0,0,0,0,218,11.730941704035875,2.317488789237668
267,PT05M23.00S,2021-05-16 17:53:32.700000+00:00,2,REGULAR,rebound,defensive,,1627761,,,1610612761,46,49,2021-05-16T17:53:34Z,2600000,,,0,,D. Bembry REBOUND (Off:1 Def:3),1627761,1610612761.0,TOR,,,,,,,,,Bembry,D. Bembry,,,,,,,,,,,266.0,4.0,3.0,1.0,,,,,,22001079,,2586.0,7382.0,323.0,3,720,1117.0,0,0,0,1,0,0,0,0,0,13,3,10,0,19,2.0,0,0,0,0,0,0,0,0,219,11.763652641002686,2.3151298119964188
268,PT05M15.00S,2021-05-16 17:53:41+00:00,2,REGULAR,3pt,Jump Shot,,1626169,66.5735873850197,51.0493259803922,1610612761,46,49,2021-05-16T17:53:49Z,2610000,5.0,262.0,1,right,MISS S. Johnson 26' 3PT,1626169,1610612761.0,TOR,,,,,,,,,Johnson,S. Johnson,,,,,Missed,,26.18,,,,,,,,,,,,,22001079,,2594.3,7382.0,315.0,3,720,1125.0,0,0,0,1,0,0,0,0,0,13,3,10,0,19,2.0,0,0,0,0,0,0,0,0,220,11.733333333333333,2.306044444444445
269,PT05M15.00S,2021-05-16 17:53:41+00:00,2,REGULAR,rebound,defensive,,1629052,,,1610612754,46,49,2021-05-16T18:25:38Z,2620000,,,0,,O. Brissett REBOUND (Off:0 Def:2),1629052,1610612754.0,IND,,,,,,,,,Brissett,O. Brissett,,,,,,,,,,,268.0,2.0,2.0,0.0,,,,,,22001079,,2594.3,7382.0,315.0,3,720,1125.0,0,0,0,1,0,0,0,0,0,13,3,10,0,19,2.0,0,0,0,0,0,0,0,0,221,11.786666666666667,2.306044444444445
270,PT05M15.00S,2021-05-16 17:53:47.200000+00:00,2,REGULAR,foul,personal,,1630273,,,1610612754,46,49,2021-05-16T17:53:55Z,2630000,,,0,,F. Gillespie loose ball personal FOUL (1 PF),"1630273, 1629052",1610612761.0,TOR,loose ball,,,,,,1199.0,,Gillespie,F. Gillespie,1.0,0.0,Brissett,1629052.0,,,,,,,,,,,,,,,,22001079,,2600.5,7382.0,315.0,3,720,1125.0,0,0,0,1,1,0,0,0,0,14,3,10,0,19,3.0,0,0,0,0,0,0,0,0,222,11.84,2.3115555555555556
272,PT04M56.00S,2021-05-16 17:54:19.700000+00:00,2,REGULAR,3pt,Jump Shot,,203200,28.2030223390276,23.843443627451,1610612754,46,52,2021-05-16T17:54:23Z,2650000,131.0,213.0,1,left,J. Holiday 24' 3PT  (3 PTS) (C. LeVert 4 AST),"203200, 1627747",1610612754.0,IND,,,,,,,,,Holiday,J. Holiday,,,,,Made,3.0,24.96,C. LeVert,1627747.0,4.0,,,,,,,,,,22001079,,2633.0,7382.0,296.0,6,720,1144.0,0,0,0,0,0,0,0,0,0,14,3,10,0,19,3.0,0,0,0,0,0,0,0,0,223,11.695804195804197,2.3015734265734267
274,PT04M39.00S,2021-05-16 17:54:36.500000+00:00,2,REGULAR,2pt,Layup,pointsinthepaint,1627761,91.015111695138,44.1865808823529,1610612761,46,52,2021-05-16T17:54:41Z,2670000,-29.0,32.0,1,right,MISS D. Bembry driving Layup,1627761,1610612761.0,TOR,driving,,,,,,,,Bembry,D. Bembry,,,,,Missed,,4.33,,,,,,,,,,,,,22001079,,2649.8,7382.0,279.0,6,720,1161.0,0,0,0,0,0,0,0,0,0,14,3,10,0,19,3.0,0,0,0,0,0,0,0,0,224,11.576227390180877,2.2823428079242034
275,PT04M36.00S,2021-05-16 17:54:39.500000+00:00,2,REGULAR,rebound,defensive,,1629052,,,1610612754,46,52,2021-05-16T18:43:03Z,2680000,,,0,,O. Brissett REBOUND (Off:0 Def:3),1629052,1610612754.0,IND,,,,,,,,,Brissett,O. Brissett,,,,,,,,,,,274.0,3.0,3.0,0.0,,,,,,22001079,,2652.8,7382.0,276.0,6,720,1164.0,0,0,0,0,0,0,0,0,0,14,3,10,0,19,3.0,0,0,0,0,0,0,0,0,225,11.597938144329898,2.2790378006872856
278,PT04M35.00S,2021-05-16 17:54:43.300000+00:00,2,REGULAR,foul,personal,2freethrow,1626169,,,1610612754,46,52,2021-05-16T17:54:53Z,2710000,,,0,,S. Johnson shooting personal FOUL (1 PF) (Brissett 2 FT),"1626169, 1629052",1610612761.0,TOR,shooting,,,,,,1174.0,,Johnson,S. Johnson,1.0,0.0,Brissett,1629052.0,,,,,,,,,,,,,,,,22001079,,2656.6,7382.0,275.0,6,720,1165.0,0,0,0,0,1,0,0,0,0,15,3,10,0,19,4.0,0,0,0,0,0,0,0,0,226,11.639484978540771,2.280343347639485
280,PT04M35.00S,2021-05-16 17:55:09+00:00,2,REGULAR,freethrow,1 of 2,,1629052,,,1610612754,46,52,2021-05-16T17:55:09Z,2730000,,,0,,MISS O. Brissett Free Throw 1 of 2,1629052,1610612754.0,IND,,,,,,,,,Brissett,O. Brissett,,,,,Missed,,,,,,,,,,,,,,,22001079,,2682.3,7382.0,275.0,6,720,1165.0,0,0,0,0,0,0,0,0,1,15,3,10,0,20,4.0,0,0,0,0,0,0,0,0,227,11.690987124463518,2.302403433476395
281,PT04M35.00S,2021-05-16 17:55:09+00:00,2,REGULAR,rebound,offensive,"deadball, team",0,,,1610612754,46,52,2021-05-16T17:55:09Z,2740000,,,0,,TEAM offensive REBOUND,,1610612754.0,IND,,,,,,,,,,,,,,,,,,,,,280.0,,,,,,,,,22001079,,2682.3,7382.0,275.0,6,720,1165.0,0,0,0,0,0,0,0,0,0,15,3,10,0,20,3.0,0,0,0,0,0,0,0,0,228,11.742489270386265,2.302403433476395
282,PT04M35.00S,2021-05-16 17:55:18.200000+00:00,2,REGULAR,substitution,out,,1630273,,,1610612754,46,52,2021-05-16T17:55:31Z,2750000,,,0,,SUB out: F. Gillespie,1630273,1610612761.0,TOR,,,,,,,,,Gillespie,F. Gillespie,,,,,,,,,,,,,,,,,,,,22001079,,2691.5,7382.0,275.0,6,720,1165.0,0,0,0,0,0,0,0,0,0,15,3,10,0,20,3.0,0,0,0,0,0,0,0,0,229,11.793991416309012,2.3103004291845495
283,PT04M35.00S,2021-05-16 17:55:18.200000+00:00,2,REGULAR,substitution,in,,203382,,,1610612754,46,52,2021-05-16T17:55:31Z,2760000,,,0,,SUB in: A. Baynes,203382,1610612761.0,TOR,,,,,,,,,Baynes,A. Baynes,,,,,,,,,,,,,,,,,,,,22001079,,2691.5,7382.0,275.0,6,720,1165.0,0,0,0,0,0,0,0,0,0,15,3,10,0,20,3.0,0,0,0,0,0,0,0,0,230,11.84549356223176,2.3103004291845495
284,PT04M35.00S,2021-05-16 17:55:47.200000+00:00,2,REGULAR,freethrow,2 of 2,,1629052,,,1610612754,46,53,2021-05-16T17:55:47Z,2770000,,,0,,O. Brissett Free Throw 2 of 2 (9 PTS),1629052,1610612754.0,IND,,,,,,,,,Brissett,O. Brissett,,,,,Made,9.0,,,,,,,,,,,,,,22001079,,2720.5,7382.0,275.0,7,720,1165.0,0,0,0,0,0,0,0,0,1,15,3,10,0,21,3.0,0,0,0,0,0,0,0,0,231,11.896995708154506,2.3351931330472104
285,PT04M25.00S,2021-05-16 17:56:02.200000+00:00,2,REGULAR,foul,personal,"inpenalty, 2freethrow",1629052,,,1610612761,46,53,2021-05-16T17:56:09Z,2780000,,,0,,O. Brissett shooting personal FOUL (1 PF) (Johnson 2 FT),"1629052, 1626169",1610612754.0,IND,shooting,,,,,,1174.0,,Brissett,O. Brissett,1.0,0.0,Johnson,1626169.0,,,,,,,,,,,,,,,,22001079,,2735.5,7382.0,265.0,7,720,1175.0,0,0,0,0,1,0,0,0,0,16,3,10,0,21,4.0,0,0,0,0,0,0,0,0,232,11.846808510638299,2.3280851063829786
287,PT04M25.00S,2021-05-16 17:56:26.400000+00:00,2,REGULAR,freethrow,1 of 2,,1626169,,,1610612761,47,53,2021-05-16T17:56:26Z,2800000,,,0,,S. Johnson Free Throw 1 of 2 (8 PTS),1626169,1610612761.0,TOR,,,,,,,,,Johnson,S. Johnson,,,,,Made,8.0,,,,,,,,,,,,,,22001079,,2759.7,7382.0,265.0,6,720,1175.0,0,0,0,0,0,0,0,0,1,16,3,10,0,22,4.0,0,0,0,0,0,0,0,0,233,11.897872340425533,2.3486808510638295
288,PT04M25.00S,2021-05-16 17:56:40.700000+00:00,2,REGULAR,freethrow,2 of 2,,1626169,,,1610612761,48,53,2021-05-16T17:56:40Z,2810000,,,0,,S. Johnson Free Throw 2 of 2 (9 PTS),1626169,1610612761.0,TOR,,,,,,,,,Johnson,S. Johnson,,,,,Made,9.0,,,,,,,,,,,,,,22001079,,2774.0,7382.0,265.0,5,720,1175.0,0,0,0,1,0,0,0,0,1,16,3,10,0,23,4.0,0,0,0,0,0,0,0,0,234,11.948936170212766,2.360851063829787
289,PT04M06.00S,2021-05-16 17:56:59.400000+00:00,2,REGULAR,2pt,Jump Shot,pointsinthepaint,1627734,16.5078843626807,59.6277573529412,1610612754,48,53,2021-05-16T18:19:37Z,2820000,-48.0,103.0,1,left,MISS D. Sabonis 11' fadeaway Shot,1627734,1610612754.0,IND,fadeaway,,,,,,,,Sabonis,D. Sabonis,,,,,Missed,,11.34,,,,,,,,,,,,,22001079,,2792.7,7382.0,246.0,5,720,1194.0,0,0,0,1,0,0,0,0,0,16,3,10,0,23,4.0,0,0,0,0,0,0,0,0,235,11.809045226130655,2.3389447236180905
290,PT04M02.00S,2021-05-16 17:57:02.800000+00:00,2,REGULAR,rebound,offensive,,1629052,,,1610612754,48,53,2021-05-16T17:57:02Z,2830000,,,0,,O. Brissett REBOUND (Off:1 Def:3),1629052,1610612754.0,IND,,,,,,,,,Brissett,O. Brissett,,,,,,,,,,,289.0,4.0,3.0,1.0,,,,,,22001079,,2796.1,7382.0,242.0,5,720,1198.0,0,0,0,1,0,0,0,0,0,16,3,10,0,23,3.0,0,0,0,0,0,0,0,0,236,11.819699499165276,2.333973288814691
291,PT04M02.00S,2021-05-16 17:57:02.800000+00:00,2,REGULAR,2pt,Layup,"pointsinthepaint, 2ndchance",1629052,5.59000015258789,50.0,1610612754,48,53,2021-05-16T17:57:02Z,2840000,0.0,0.0,1,left,MISS O. Brissett tip Layup,1629052,1610612754.0,IND,tip,,,,,,,,Brissett,O. Brissett,,,,,Missed,,0.0,,,,,,,,,,,,,22001079,,2796.1,7382.0,242.0,5,720,1198.0,0,0,0,1,0,0,0,0,0,16,3,10,0,23,3.0,0,0,0,0,0,0,0,0,237,11.869782971619367,2.333973288814691
292,PT04M02.00S,2021-05-16 17:57:03.500000+00:00,2,REGULAR,rebound,defensive,,1630201,,,1610612761,48,53,2021-05-16T17:57:03Z,2850000,,,0,,M. Flynn REBOUND (Off:0 Def:3),1630201,1610612761.0,TOR,,,,,,,,,Flynn,M. Flynn,,,,,,,,,,,291.0,3.0,3.0,0.0,,,,,,22001079,,2796.8,7382.0,242.0,5,720,1198.0,0,0,0,1,0,0,0,0,0,16,3,10,0,23,3.0,0,0,0,0,0,0,0,0,238,11.919866444073456,2.3345575959933225
293,PT03M58.00S,2021-05-16 17:57:07.100000+00:00,2,REGULAR,2pt,Jump Shot,"pointsinthepaint, fastbreak",1630201,85.2332457293035,53.500306372549,1610612761,48,53,2021-05-16T17:57:15Z,2860000,18.0,86.0,1,right,MISS M. Flynn 8' driving floating Shot,1630201,1610612761.0,TOR,driving floating,,,,,,,,Flynn,M. Flynn,,,,,Missed,,8.81,,,,,,,,,,,,,22001079,,2800.4,7382.0,238.0,5,720,1202.0,0,0,0,1,0,0,0,0,0,16,3,10,0,23,3.0,0,0,0,0,0,0,0,0,239,11.930116472545755,2.329783693843594
294,PT03M58.00S,2021-05-16 17:57:07.100000+00:00,2,REGULAR,rebound,offensive,team,0,,,1610612761,48,53,2021-05-16T17:57:15Z,2870000,,,0,,TEAM offensive REBOUND,,1610612761.0,TOR,,,,,,,,,,,,,,,,,,,,,293.0,,,,,,,,,22001079,,2800.4,7382.0,238.0,5,720,1202.0,0,0,0,1,0,0,0,0,0,16,3,10,0,23,3.0,0,0,0,0,0,0,0,0,240,11.980033277870215,2.329783693843594
295,PT03M57.00S,2021-05-16 17:57:12.300000+00:00,2,REGULAR,stoppage,out-of-bounds,,0,,,1610612761,48,53,2021-05-16T18:20:33Z,2880000,,,0,,,,,,,,,,,,,,,,,,,,,,,,,,,,,,,,,,,22001079,,2805.6,7382.0,237.0,5,720,1203.0,0,0,0,1,0,0,0,0,0,16,3,10,0,23,3.0,0,0,0,0,0,0,0,0,241,12.019950124688279,2.3321695760598504
296,PT03M50.00S,2021-05-16 17:57:31.300000+00:00,2,REGULAR,2pt,Jump Shot,2ndchance,203920,74.7207621550591,52.765012254902,1610612761,48,53,2021-05-16T17:57:36Z,2890000,14.0,185.0,1,right,MISS K. Birch 18' Jump Shot,203920,1610612761.0,TOR,,,,,,,,,Birch,K. Birch,,,,,Missed,,18.56,,,,,,,,,,,,,22001079,,2824.6,7382.0,230.0,5,720,1210.0,0,0,0,1,0,0,0,0,0,16,3,10,0,23,2.0,0,0,0,0,0,0,0,0,242,12.0,2.334380165289256
297,PT03M48.00S,2021-05-16 17:57:33.300000+00:00,2,REGULAR,rebound,defensive,,1627747,,,1610612754,48,53,2021-05-16T17:57:36Z,2900000,,,0,,C. LeVert REBOUND (Off:0 Def:1),1627747,1610612754.0,IND,,,,,,,,,LeVert,C. LeVert,,,,,,,,,,,296.0,1.0,1.0,0.0,,,,,,22001079,,2826.6,7382.0,228.0,5,720,1212.0,0,0,0,1,0,0,0,0,0,16,3,10,0,23,2.0,0,0,0,0,0,0,0,0,243,12.02970297029703,2.3321782178217823
298,PT03M40.00S,2021-05-16 17:57:42+00:00,2,REGULAR,3pt,Jump Shot,fastbreak,1629052,26.3633377135348,16.2454044117647,1610612754,48,56,2021-05-16T17:57:55Z,2910000,169.0,195.0,1,left,O. Brissett 25' 3PT  (12 PTS) (C. LeVert 5 AST),"1629052, 1627747",1610612754.0,IND,,,,,,,,,Brissett,O. Brissett,,,,,Made,12.0,25.81,C. LeVert,1627747.0,5.0,,,,,,,,,,22001079,,2835.3,7382.0,220.0,8,720,1220.0,0,0,0,0,0,0,0,0,0,16,3,10,0,23,2.0,0,0,0,0,0,0,0,0,244,12.0,2.3240163934426232
300,PT03M33.00S,2021-05-16 17:57:55.600000+00:00,2,REGULAR,foul,personal,"inpenalty, 2freethrow",1629052,,,1610612761,48,56,2021-05-16T17:58:07Z,2930000,,,0,,O. Brissett shooting personal FOUL (2 PF) (Flynn 2 FT),"1629052, 1630201",1610612754.0,IND,shooting,,,,,,1199.0,,Brissett,O. Brissett,2.0,0.0,Flynn,1630201.0,,,,,,,,,,,,,,,,22001079,,2848.9,7382.0,213.0,8,720,1227.0,0,0,0,0,1,0,0,0,0,17,3,10,0,23,3.0,0,0,0,0,0,0,0,0,245,11.980440097799512,2.3218418907905463
302,PT03M33.00S,2021-05-16 17:58:12.900000+00:00,2,REGULAR,freethrow,1 of 2,,1630201,,,1610612761,49,56,2021-05-16T17:58:12Z,2950000,,,0,,M. Flynn Free Throw 1 of 2 (3 PTS),1630201,1610612761.0,TOR,,,,,,,,,Flynn,M. Flynn,,,,,Made,3.0,,,,,,,,,,,,,,22001079,,2866.2,7382.0,213.0,7,720,1227.0,0,0,0,0,0,0,0,0,1,17,3,10,0,24,2.0,0,0,0,0,0,0,0,0,246,12.029339853300733,2.3359413202933985
303,PT03M33.00S,2021-05-16 17:58:27.300000+00:00,2,REGULAR,freethrow,2 of 2,,1630201,,,1610612761,50,56,2021-05-16T17:58:27Z,2960000,,,0,,M. Flynn Free Throw 2 of 2 (4 PTS),1630201,1610612761.0,TOR,,,,,,,,,Flynn,M. Flynn,,,,,Made,4.0,,,,,,,,,,,,,,22001079,,2880.6,7382.0,213.0,6,720,1227.0,0,0,0,0,0,0,0,0,1,17,3,10,0,25,2.0,0,0,0,0,0,0,0,0,247,12.078239608801956,2.347677261613692
304,PT03M21.00S,2021-05-16 17:58:40.600000+00:00,2,REGULAR,2pt,Jump Shot,pointsinthepaint,1627747,11.2516425755585,47.8630514705882,1610612754,50,56,2021-05-16T17:58:46Z,2970000,11.0,53.0,1,left,MISS C. LeVert driving floating Shot,1627747,1610612754.0,IND,driving floating,,,,,,,,LeVert,C. LeVert,,,,,Missed,,5.44,,,,,,,,,,,,,22001079,,2893.9,7382.0,201.0,6,720,1239.0,0,0,0,0,0,0,0,0,0,17,3,10,0,25,2.0,0,0,0,0,0,0,0,0,248,12.009685230024214,2.3356739305891847
305,PT03M18.00S,2021-05-16 17:58:43.600000+00:00,2,REGULAR,rebound,defensive,,203920,,,1610612761,50,56,2021-05-16T17:58:46Z,2980000,,,0,,K. Birch REBOUND (Off:1 Def:4),203920,1610612761.0,TOR,,,,,,,,,Birch,K. Birch,,,,,,,,,,,304.0,5.0,4.0,1.0,,,,,,22001079,,2896.9,7382.0,198.0,6,720,1242.0,0,0,0,0,0,0,0,0,0,17,3,10,0,25,2.0,0,0,0,0,0,0,0,0,249,12.028985507246377,2.332447665056361
306,PT03M10.00S,2021-05-16 17:58:50.500000+00:00,2,REGULAR,3pt,Jump Shot,,1626169,67.6248357424442,62.5689338235294,1610612761,50,56,2021-05-16T17:58:56Z,2990000,63.0,252.0,1,right,MISS S. Johnson 25' 3PT,1626169,1610612761.0,TOR,,,,,,,,,Johnson,S. Johnson,,,,,Missed,,25.95,,,,,,,,,,,,,22001079,,2903.8,7382.0,190.0,6,720,1250.0,0,0,0,0,0,0,0,0,0,17,3,10,0,25,2.0,0,0,0,0,0,0,0,0,250,12.0,2.32304
307,PT03M08.00S,2021-05-16 17:58:53.600000+00:00,2,REGULAR,rebound,offensive,,203920,,,1610612761,50,56,2021-05-16T17:58:53Z,3000000,,,0,,K. Birch REBOUND (Off:2 Def:4),203920,1610612761.0,TOR,,,,,,,,,Birch,K. Birch,,,,,,,,,,,306.0,6.0,4.0,2.0,,,,,,22001079,,2906.9,7382.0,188.0,6,720,1252.0,0,0,0,0,0,0,0,0,0,17,3,10,0,25,2.0,0,0,0,0,0,0,0,0,251,12.028753993610223,2.3218051118210865
308,PT03M06.00S,2021-05-16 17:58:55.700000+00:00,2,REGULAR,3pt,Jump Shot,2ndchance,203382,81.0282522996058,7.91207107843137,1610612761,50,56,2021-05-16T17:59:00Z,3010000,-210.0,126.0,1,right,MISS A. Baynes 24' 3PT,203382,1610612761.0,TOR,,,,,,,,,Baynes,A. Baynes,,,,,Missed,,24.51,,,,,,,,,,,,,22001079,,2909.0,7382.0,186.0,6,720,1254.0,0,0,0,0,0,0,0,0,0,17,3,10,0,25,1.0,0,0,0,0,0,0,0,0,252,12.057416267942585,2.319776714513557
309,PT03M02.00S,2021-05-16 17:58:59.700000+00:00,2,REGULAR,rebound,defensive,,203200,,,1610612754,50,56,2021-05-16T17:59:00Z,3020000,,,0,,J. Holiday REBOUND (Off:0 Def:1),203200,1610612754.0,IND,,,,,,,,,Holiday,J. Holiday,,,,,,,,,,,308.0,1.0,1.0,0.0,,,,,,22001079,,2913.0,7382.0,182.0,6,720,1258.0,0,0,0,0,0,0,0,0,0,17,3,10,0,25,1.0,0,0,0,0,0,0,0,0,253,12.06677265500795,2.3155802861685215
310,PT02M57.00S,2021-05-16 17:59:04.700000+00:00,2,REGULAR,2pt,DUNK,pointsinthepaint,1627734,7.70367936925099,54.9708946078431,1610612754,50,58,2021-05-16T17:59:11Z,3030000,-25.0,20.0,1,left,D. Sabonis cutting DUNK (7 PTS) (T. McConnell 4 AST),"1627734, 204456",1610612754.0,IND,cutting,,,,,,,,Sabonis,D. Sabonis,,,,,Made,7.0,3.19,T. McConnell,204456.0,4.0,,,,,,,,,,22001079,,2918.0,7382.0,177.0,8,720,1263.0,0,0,0,0,0,0,0,0,0,17,3,10,0,25,1.0,0,0,0,0,0,0,0,0,254,12.066508313539192,2.3103721298495645
312,PT02M47.00S,2021-05-16 17:59:14.400000+00:00,2,REGULAR,turnover,bad pass,,1630201,,,1610612761,50,58,2021-05-16T17:59:17Z,3050000,,,0,,M. Flynn bad pass TURNOVER (1 TO),"1630201, 1627734",1610612761.0,TOR,,,,,,,,1.0,Flynn,M. Flynn,,,,,,,,,,,,,,,,,,Sabonis,1627734.0,22001079,,2927.7,7382.0,167.0,8,720,1273.0,0,0,0,0,0,0,1,0,0,17,3,11,0,25,1.0,0,0,0,0,0,0,0,0,255,12.01885310290652,2.299842890809112
313,PT02M47.00S,2021-05-16 17:59:14.400000+00:00,2,REGULAR,steal,,,1627734,,,1610612754,50,58,2021-05-16T17:59:16Z,3060000,,,0,,D. Sabonis STEAL (2 STL),1627734,1610612754.0,IND,,,,,,,,,Sabonis,D. Sabonis,,,,,,,,,,,,,,,,,,,,22001079,,2927.7,7382.0,167.0,8,720,1273.0,0,0,0,0,0,0,0,0,0,17,3,11,0,25,1.0,0,0,0,0,0,0,0,0,256,12.065985860172821,2.299842890809112
314,PT02M43.00S,2021-05-16 17:59:18.400000+00:00,2,REGULAR,2pt,DUNK,"pointsinthepaint, fromturnover, fastbreak",1629052,8.09789750328515,51.0493259803922,1610612754,50,60,2021-05-16T17:59:23Z,3070000,-5.0,24.0,1,left,O. Brissett cutting DUNK (14 PTS) (D. Sabonis 4 AST),"1629052, 1627734",1610612754.0,IND,cutting,,,,,,,,Brissett,O. Brissett,,,,,Made,14.0,2.42,D. Sabonis,1627734.0,4.0,,,,,,,,,,22001079,,2931.7,7382.0,163.0,10,720,1277.0,0,0,0,0,0,0,0,0,0,17,3,11,0,25,1.0,0,0,0,0,0,0,0,0,257,12.075176194205168,2.295771339075959
316,PT02M27.00S,2021-05-16 17:59:35.400000+00:00,2,REGULAR,turnover,out-of-bounds,,1627761,,,1610612761,50,60,2021-05-16T17:59:41Z,3090000,,,0,,D. Bembry bad pass out-of-bounds TURNOVER (2 TO),1627761,1610612761.0,TOR,bad pass,,,,,,1628172.0,2.0,Bembry,D. Bembry,,,,,,,,,,,,,,,,,,,,22001079,,2948.7,7382.0,147.0,10,720,1293.0,0,0,0,0,0,0,1,0,0,17,3,12,0,25,1.0,0,0,0,0,0,0,0,0,258,11.97215777262181,2.2805104408352666
317,PT02M27.00S,2021-05-16 17:59:38.800000+00:00,2,REGULAR,stoppage,out-of-bounds,,0,,,1610612754,50,60,2021-05-16T17:59:38Z,3100000,,,0,,,,,,,,,,,,,,,,,,,,,,,,,,,,,,,,,,,22001079,,2952.1,7382.0,147.0,10,720,1293.0,0,0,0,0,0,0,0,0,0,17,3,12,0,25,1.0,0,0,0,0,0,0,0,0,259,12.018561484918793,2.2831399845320957
318,PT02M27.00S,2021-05-16 17:59:40.100000+00:00,2,REGULAR,substitution,out,,203920,,,1610612754,50,60,2021-05-16T17:59:43Z,3110000,,,0,,SUB out: K. Birch,203920,1610612761.0,TOR,,,,,,,,,Birch,K. Birch,,,,,,,,,,,,,,,,,,,,22001079,,2953.4,7382.0,147.0,10,720,1293.0,0,0,0,0,0,0,0,0,0,17,3,12,0,25,1.0,0,0,0,0,0,0,0,0,260,12.064965197215777,2.2841453982985307
319,PT02M27.00S,2021-05-16 17:59:40.100000+00:00,2,REGULAR,substitution,in,,1630273,,,1610612754,50,60,2021-05-16T17:59:43Z,3120000,,,0,,SUB in: F. Gillespie,1630273,1610612761.0,TOR,,,,,,,,,Gillespie,F. Gillespie,,,,,,,,,,,,,,,,,,,,22001079,,2953.4,7382.0,147.0,10,720,1293.0,0,0,0,0,0,0,0,0,0,17,3,12,0,25,1.0,0,0,0,0,0,0,0,0,261,12.11136890951276,2.2841453982985307
320,PT02M27.00S,2021-05-16 17:59:46.700000+00:00,2,REGULAR,timeout,full,"team, mandatory",0,,,1610612754,50,60,2021-05-16T17:59:46Z,3130000,,,0,,IND Timeout,,1610612754.0,IND,,,,,,,,,,,,,,,,,,,,,,,,,,,,,,22001079,,2960.0,7382.0,147.0,10,720,1293.0,0,0,0,0,0,1,0,0,0,17,4,12,0,25,1.0,0,0,0,0,0,0,0,0,262,12.157772621809745,2.2892498066511986
321,PT02M06.00S,2021-05-16 18:02:54.500000+00:00,2,REGULAR,2pt,Jump Shot,"pointsinthepaint, fromturnover",204456,18.7417871222076,61.343443627451,1610612754,50,62,2021-05-16T18:03:07Z,3140000,-57.0,124.0,1,left,T. McConnell 13' pullup Jump Shot (6 PTS),204456,1610612754.0,IND,pullup,,,,,,,,McConnell,T. McConnell,,,,,Made,6.0,13.61,,,,,,,,,,,,,22001079,,3147.8,7382.0,126.0,12,720,1314.0,0,0,0,0,0,0,0,0,0,17,4,12,0,25,1.0,0,0,0,0,0,0,0,0,263,12.009132420091325,2.39558599695586
322,PT01M54.00S,2021-05-16 18:03:06.400000+00:00,2,REGULAR,3pt,Jump Shot,,1630201,70.2529566360053,14.0395220588235,1610612761,50,62,2021-05-16T18:03:16Z,3150000,-180.0,227.0,1,right,MISS M. Flynn 28' 3PT,1630201,1610612761.0,TOR,,,,,,,,,Flynn,M. Flynn,,,,,Missed,,28.97,,,,,,,,,,,,,22001079,,3159.7,7382.0,114.0,12,720,1326.0,0,0,0,0,0,0,0,0,0,17,4,12,0,25,1.0,0,0,0,0,0,0,0,0,264,11.945701357466062,2.3828808446455505
323,PT01M52.00S,2021-05-16 18:03:08.400000+00:00,2,REGULAR,rebound,defensive,team,0,,,1610612754,50,62,2021-05-16T18:03:16Z,3160000,,,0,,TEAM defensive REBOUND,,1610612754.0,IND,,,,,,,,,,,,,,,,,,,,,322.0,,,,,,,,,22001079,,3161.7,7382.0,112.0,12,720,1328.0,0,0,0,0,0,0,0,0,0,17,4,12,0,25,0.0,0,0,0,0,0,0,0,0,265,11.97289156626506,2.3807981927710844
324,PT01M52.00S,2021-05-16 18:03:15.300000+00:00,2,REGULAR,foul,personal,"inpenalty, 2freethrow",203382,,,1610612754,50,62,2021-05-16T18:03:33Z,3170000,,,0,,A. Baynes personal FOUL (1 PF) (Brissett 2 FT),"203382, 1629052",1610612761.0,TOR,,,,,,,1174.0,,Baynes,A. Baynes,1.0,0.0,Brissett,1629052.0,,,,,,,,,,,,,,,,22001079,,3168.6,7382.0,112.0,12,720,1328.0,0,0,0,0,1,0,0,0,0,18,4,12,0,25,1.0,0,0,0,0,0,0,0,0,266,12.018072289156628,2.3859939759036144
326,PT01M52.00S,2021-05-16 18:03:44.900000+00:00,2,REGULAR,freethrow,1 of 2,,1629052,,,1610612754,50,63,2021-05-16T18:03:44Z,3190000,,,0,,O. Brissett Free Throw 1 of 2 (15 PTS),1629052,1610612754.0,IND,,,,,,,,,Brissett,O. Brissett,,,,,Made,15.0,,,,,,,,,,,,,,22001079,,3198.2,7382.0,112.0,13,720,1328.0,0,0,0,0,0,0,0,0,1,18,4,12,0,26,1.0,0,0,0,0,0,0,0,0,267,12.063253012048193,2.40828313253012
327,PT01M52.00S,2021-05-16 18:03:56.800000+00:00,2,REGULAR,freethrow,2 of 2,,1629052,,,1610612754,50,64,2021-05-16T18:03:56Z,3200000,,,0,,O. Brissett Free Throw 2 of 2 (16 PTS),1629052,1610612754.0,IND,,,,,,,,,Brissett,O. Brissett,,,,,Made,16.0,,,,,,,,,,,,,,22001079,,3210.1,7382.0,112.0,14,720,1328.0,0,0,0,0,0,0,0,0,1,18,4,12,0,27,1.0,0,0,0,0,0,0,0,0,268,12.108433734939759,2.4172439759036144
328,PT01M35.00S,2021-05-16 18:04:16+00:00,2,REGULAR,3pt,Jump Shot,,1630201,71.8298291721419,14.7748161764706,1610612761,50,64,2021-05-16T18:04:20Z,3210000,-176.0,212.0,1,right,MISS M. Flynn 27' 3PT,1630201,1610612761.0,TOR,,,,,,,,,Flynn,M. Flynn,,,,,Missed,,27.58,,,,,,,,,,,,,22001079,,3229.3,7382.0,95.0,14,720,1345.0,0,0,0,0,0,0,0,0,0,18,4,12,0,27,1.0,0,0,0,0,0,0,0,0,269,12.0,2.4009665427509295
329,PT01M32.00S,2021-05-16 18:04:19+00:00,2,REGULAR,rebound,defensive,,204456,,,1610612754,50,64,2021-05-16T18:04:20Z,3220000,,,0,,T. McConnell REBOUND (Off:0 Def:3),204456,1610612754.0,IND,,,,,,,,,McConnell,T. McConnell,,,,,,,,,,,328.0,3.0,3.0,0.0,,,,,,22001079,,3232.3,7382.0,92.0,14,720,1348.0,0,0,0,0,0,0,0,0,0,18,4,12,0,27,1.0,0,0,0,0,0,0,0,0,270,12.017804154302672,2.3978486646884276
330,PT01M26.00S,2021-05-16 18:04:25.300000+00:00,2,REGULAR,3pt,Jump Shot,,203200,9.28055190538765,4.48069852941176,1610612754,50,64,2021-05-16T18:04:30Z,3230000,228.0,35.0,1,left,MISS J. Holiday 3PT,203200,1610612754.0,IND,,,,,,,,,Holiday,J. Holiday,,,,,Missed,,23.02,,,,,,,,,,,,,22001079,,3238.6,7382.0,86.0,14,720,1354.0,0,0,0,0,0,0,0,0,0,18,4,12,0,27,1.0,0,0,0,0,0,0,0,0,271,12.008862629246677,2.3918759231905464
331,PT01M23.00S,2021-05-16 18:04:28.300000+00:00,2,REGULAR,rebound,defensive,,1627761,,,1610612761,50,64,2021-05-16T18:04:30Z,3240000,,,0,,D. Bembry REBOUND (Off:1 Def:4),1627761,1610612761.0,TOR,,,,,,,,,Bembry,D. Bembry,,,,,,,,,,,330.0,5.0,4.0,1.0,,,,,,22001079,,3241.6,7382.0,83.0,14,720,1357.0,0,0,0,0,0,0,0,0,0,18,4,12,0,27,1.0,0,0,0,0,0,0,0,0,272,12.026529108327193,2.388798820928519
332,PT01M20.00S,2021-05-16 18:04:33.800000+00:00,2,REGULAR,foul,personal,"inpenalty, 2freethrow",1627747,,,1610612761,50,64,2021-05-16T18:04:39Z,3250000,,,0,,C. LeVert shooting personal FOUL (1 PF) (Johnson 2 FT),"1627747, 1626169",1610612754.0,IND,shooting,,,,,,1174.0,,LeVert,C. LeVert,1.0,0.0,Johnson,1626169.0,,,,,,,,,,,,,,,,22001079,,3247.1,7382.0,80.0,14,720,1360.0,0,0,0,0,1,0,0,0,0,19,4,12,0,27,2.0,0,0,0,0,0,0,0,0,273,12.044117647058822,2.387573529411765
334,PT01M20.00S,2021-05-16 18:05:02.100000+00:00,2,REGULAR,freethrow,1 of 2,fastbreak,1626169,,,1610612761,51,64,2021-05-16T18:05:02Z,3270000,,,0,,S. Johnson Free Throw 1 of 2 (10 PTS),1626169,1610612761.0,TOR,,,,,,,,,Johnson,S. Johnson,,,,,Made,10.0,,,,,,,,,,,,,,22001079,,3275.4,7382.0,80.0,13,720,1360.0,0,0,0,0,0,0,0,0,1,19,4,12,0,28,2.0,0,0,0,0,0,0,0,0,274,12.088235294117647,2.4083823529411768
335,PT01M20.00S,2021-05-16 18:05:15.300000+00:00,2,REGULAR,freethrow,2 of 2,fastbreak,1626169,,,1610612761,52,64,2021-05-16T18:05:15Z,3280000,,,0,,S. Johnson Free Throw 2 of 2 (11 PTS),1626169,1610612761.0,TOR,,,,,,,,,Johnson,S. Johnson,,,,,Made,11.0,,,,,,,,,,,,,,22001079,,3288.6,7382.0,80.0,12,720,1360.0,0,0,0,0,0,0,0,0,1,19,4,12,0,29,2.0,0,0,0,0,0,0,0,0,275,12.13235294117647,2.4180882352941175
336,PT01M18.00S,2021-05-16 18:05:22+00:00,2,REGULAR,stoppage,equipment issue,,0,,,1610612754,52,64,2021-05-16T18:05:22Z,3290000,,,0,,,,,,,,,,,,,,,,,,,,,,,,,,,,,,,,,,,22001079,,3295.3,7382.0,78.0,12,720,1362.0,0,0,0,0,0,0,0,0,0,19,4,12,0,29,2.0,0,0,0,0,0,0,0,0,276,12.158590308370044,2.4194566813509546
337,PT01M07.00S,2021-05-16 18:05:40.600000+00:00,2,REGULAR,2pt,Jump Shot,,1627734,21.8955321944809,58.8924632352941,1610612754,52,66,2021-05-16T18:05:44Z,3300000,-44.0,153.0,1,left,D. Sabonis 15' Jump Shot (9 PTS) (C. LeVert 6 AST),"1627734, 1627747",1610612754.0,IND,,,,,,,,,Sabonis,D. Sabonis,,,,,Made,9.0,15.96,C. LeVert,1627747.0,6.0,,,,,,,,,,22001079,,3313.9,7382.0,67.0,14,720,1373.0,0,0,0,0,0,0,0,0,0,19,4,12,0,29,2.0,0,0,0,0,0,0,0,0,277,12.10487982520029,2.413619810633649
339,PT00M53.70S,2021-05-16 18:05:55.500000+00:00,2,REGULAR,3pt,Jump Shot,,1627761,87.9927726675427,2.51991421568627,1610612761,52,66,2021-05-16T18:05:59Z,3320000,-237.0,60.0,1,right,MISS D. Bembry 24' 3PT,1627761,1610612761.0,TOR,,,,,,,,,Bembry,D. Bembry,,,,,Missed,,24.5,,,,,,,,,,,,,22001079,,3328.8,7382.0,53.7,14,720,1386.3,0,0,0,0,0,0,0,0,0,19,4,12,0,29,2.0,0,0,0,0,0,0,0,0,278,12.032027699632113,2.401211858904999
340,PT00M51.30S,2021-05-16 18:05:57.900000+00:00,2,REGULAR,rebound,defensive,,1627734,,,1610612754,52,66,2021-05-16T18:05:59Z,3330000,,,0,,D. Sabonis REBOUND (Off:1 Def:6),1627734,1610612754.0,IND,,,,,,,,,Sabonis,D. Sabonis,,,,,,,,,,,339.0,7.0,6.0,1.0,,,,,,22001079,,3331.2,7382.0,51.3,14,720,1388.7,0,0,0,0,0,0,0,0,0,19,4,12,0,29,2.0,0,0,0,0,0,0,0,0,279,12.054439403758911,2.398790235472024
341,PT00M36.20S,2021-05-16 18:06:13+00:00,2,REGULAR,2pt,Layup,pointsinthepaint,1629052,8.36070959264126,44.921875,1610612754,52,66,2021-05-16T18:06:16Z,3340000,25.0,26.0,1,left,MISS O. Brissett driving Layup,1629052,1610612754.0,IND,driving,,,,,,,,Brissett,O. Brissett,,,,,Missed,,3.64,,,,,,,,,,,,,22001079,,3346.3,7382.0,36.2,14,720,1403.8,0,0,0,0,0,0,0,0,0,19,4,12,0,29,2.0,0,0,0,0,0,0,0,0,280,11.967516740276393,2.3837441230944583
342,PT00M34.50S,2021-05-16 18:06:14.700000+00:00,2,REGULAR,rebound,defensive,,1630273,,,1610612761,52,66,2021-05-16T18:06:16Z,3350000,,,0,,F. Gillespie REBOUND (Off:3 Def:2),1630273,1610612761.0,TOR,,,,,,,,,Gillespie,F. Gillespie,,,,,,,,,,,341.0,5.0,2.0,3.0,,,,,,22001079,,3348.0,7382.0,34.5,14,720,1405.5,0,0,0,0,0,0,0,0,0,19,4,12,0,29,2.0,0,0,0,0,0,0,0,0,281,11.9957310565635,2.382070437566702
343,PT00M29.20S,2021-05-16 18:06:21.500000+00:00,2,REGULAR,turnover,out-of-bounds,,1630201,,,1610612761,52,66,2021-05-16T18:06:50Z,3360000,,,0,,M. Flynn bad pass out-of-bounds TURNOVER (2 TO),1630201,1610612761.0,TOR,bad pass,,,,,,1199.0,2.0,Flynn,M. Flynn,,,,,,,,,,,,,,,,,,,,22001079,,3354.8,7382.0,29.2,14,720,1410.8,0,0,0,0,0,0,1,0,0,19,4,13,0,29,2.0,0,0,0,0,0,0,0,0,282,11.99319535015594,2.377941593422172
344,PT00M29.20S,2021-05-16 18:06:25.400000+00:00,2,REGULAR,stoppage,out-of-bounds,,0,,,1610612754,52,66,2021-05-16T18:06:25Z,3370000,,,0,,,,,,,,,,,,,,,,,,,,,,,,,,,,,,,,,,,22001079,,3358.7,7382.0,29.2,14,720,1410.8,0,0,0,0,0,0,0,0,0,19,4,13,0,29,2.0,0,0,0,0,0,0,0,0,283,12.035724411681317,2.380705982421321
345,PT00M12.50S,2021-05-16 18:06:46.800000+00:00,2,REGULAR,2pt,Jump Shot,"pointsinthepaint, fromturnover",1627747,16.5078843626807,41.000306372549,1610612754,52,68,2021-05-16T18:06:54Z,3380000,45.0,103.0,1,left,C. LeVert 11' fadeaway Jump Shot (13 PTS),1627747,1610612754.0,IND,fadeaway,,,,,,,,LeVert,C. LeVert,,,,,Made,13.0,11.21,,,,,,,,,,,,,22001079,,3380.1,7382.0,12.5,16,720,1427.5,0,0,0,0,0,0,0,0,0,19,4,13,0,29,2.0,0,0,0,0,0,0,0,0,284,11.9369527145359,2.36784588441331
346,PT00M03.00S,2021-05-16 18:06:59.800000+00:00,2,REGULAR,3pt,Jump Shot,,1630201,65.2595269382391,26.7846200980392,1610612761,55,68,2021-05-16T18:07:04Z,3390000,-116.0,274.0,1,right,M. Flynn 29' 3PT pullup (7 PTS),1630201,1610612761.0,TOR,pullup,,,,,,,,Flynn,M. Flynn,,,,,Made,7.0,29.77,,,,,,,,,,,,,22001079,,3393.1,7382.0,3.0,13,720,1437.0,0,0,0,0,0,0,0,0,0,19,4,13,0,29,2.0,0,0,0,0,0,0,0,0,285,11.899791231732777,2.361238691718859
347,PT00M00.00S,2021-05-16 18:07:11.500000+00:00,2,REGULAR,period,end,,0,,,1610612754,55,68,2021-05-16T18:07:11Z,3400000,,,0,,Period End,,,,,,,,,,,,,,,,,,,,,,,,,,,,,,,,,22001079,,3404.8,7382.0,0.0,13,720,1440.0,0,0,0,0,0,0,0,0,0,19,4,13,0,29,1.0,0,0,0,0,0,0,0,0,286,11.916666666666666,2.3644444444444446
348,PT12M00.00S,2021-05-16 18:21:52.500000+00:00,3,REGULAR,substitution,out,startperiod,203382,,,1610612754,55,68,2021-05-16T18:22:37Z,3410000,,,0,,SUB out: A. Baynes,203382,1610612761.0,TOR,,,,,,,,,Baynes,A. Baynes,,,,,,,,,,,,,,,,,,,,22001079,,4285.8,7382.0,720.0,13,720,1440.0,0,0,0,0,0,0,0,0,0,19,4,13,0,29,1.0,0,0,0,0,0,0,0,0,287,11.958333333333334,2.9762500000000003
349,PT12M00.00S,2021-05-16 18:21:52.500000+00:00,3,REGULAR,substitution,out,startperiod,1627747,,,1610612754,55,68,2021-05-16T18:22:37Z,3420000,,,0,,SUB out: C. LeVert,1627747,1610612754.0,IND,,,,,,,,,LeVert,C. LeVert,,,,,,,,,,,,,,,,,,,,22001079,,4285.8,7382.0,720.0,13,720,1440.0,0,0,0,0,0,0,0,0,0,19,4,13,0,29,1.0,0,0,0,0,0,0,0,0,288,12.0,2.9762500000000003
350,PT12M00.00S,2021-05-16 18:21:52.500000+00:00,3,REGULAR,substitution,in,startperiod,203920,,,1610612754,55,68,2021-05-16T18:22:37Z,3430000,,,0,,SUB in: K. Birch,203920,1610612761.0,TOR,,,,,,,,,Birch,K. Birch,,,,,,,,,,,,,,,,,,,,22001079,,4285.8,7382.0,720.0,13,720,1440.0,0,0,0,0,0,0,0,0,0,19,4,13,0,29,1.0,0,0,0,0,0,0,0,0,289,12.041666666666666,2.9762500000000003
351,PT12M00.00S,2021-05-16 18:21:52.500000+00:00,3,REGULAR,substitution,in,startperiod,203926,,,1610612754,55,68,2021-05-16T18:22:37Z,3440000,,,0,,SUB in: D. McDermott,203926,1610612754.0,IND,,,,,,,,,McDermott,D. McDermott,,,,,,,,,,,,,,,,,,,,22001079,,4285.8,7382.0,720.0,13,720,1440.0,0,0,0,0,0,0,0,0,0,19,4,13,0,29,1.0,0,0,0,0,0,0,0,0,290,12.083333333333334,2.9762500000000003
352,PT12M00.00S,2021-05-16 18:22:51.700000+00:00,3,REGULAR,period,start,,0,,,1610612761,55,68,2021-05-16T18:22:51Z,3450000,,,0,,Period Start,,,,,,,,,,,,,,,,,,,,,,,,,,,,,,,,,22001079,,4345.0,7382.0,720.0,13,720,1440.0,0,0,0,0,0,0,0,0,0,19,4,13,0,29,1.0,0,0,0,0,0,0,0,0,291,12.125,3.017361111111111
353,PT11M42.00S,2021-05-16 18:23:08.500000+00:00,3,REGULAR,2pt,Jump Shot,pointsinthepaint,203920,15.1938239159001,45.1669730392157,1610612761,55,68,2021-05-16T18:23:13Z,3460000,24.0,90.0,1,left,MISS K. Birch 9' fadeaway Shot,203920,1610612761.0,TOR,fadeaway,,,,,,,,Birch,K. Birch,,,,,Missed,,9.35,,,,,,,,,,,,,22001079,,4361.8,7382.0,702.0,13,720,1458.0,0,0,0,0,0,0,0,0,0,19,4,13,0,29,1.0,0,0,0,0,0,0,0,0,292,12.016460905349794,2.9916323731138545
354,PT11M41.00S,2021-05-16 18:23:09.500000+00:00,3,REGULAR,rebound,defensive,,1627734,,,1610612754,55,68,2021-05-16T18:23:13Z,3470000,,,0,,D. Sabonis REBOUND (Off:1 Def:7),1627734,1610612754.0,IND,,,,,,,,,Sabonis,D. Sabonis,,,,,,,,,,,353.0,8.0,7.0,1.0,,,,,,22001079,,4362.8,7382.0,701.0,13,720,1459.0,0,0,0,0,0,0,0,0,0,19,4,13,0,29,0.0,0,0,0,0,0,0,0,0,293,12.049348869088417,2.990267306374229
355,PT11M37.00S,2021-05-16 18:23:16.600000+00:00,3,REGULAR,turnover,palming,,1627734,,,1610612754,55,68,2021-05-16T18:23:26Z,3480000,,,0,,D. Sabonis palming TURNOVER (3 TO),1627734,1610612754.0,IND,,,,,,,1174.0,3.0,Sabonis,D. Sabonis,,,,,,,,,,,,,,,,,,,,22001079,,4369.9,7382.0,697.0,13,720,1463.0,0,0,0,0,0,0,1,0,0,19,4,14,0,29,0.0,0,0,0,0,0,0,0,0,294,12.057416267942584,2.9869446343130552
356,PT11M26.00S,2021-05-16 18:23:38.800000+00:00,3,REGULAR,2pt,Layup,"pointsinthepaint, fromturnover",1627761,8.36070959264126,47.3728553921569,1610612761,55,68,2021-05-16T18:23:44Z,3490000,13.0,26.0,1,left,MISS D. Bembry driving reverse Layup,1627761,1610612761.0,TOR,driving reverse,,,,,,,,Bembry,D. Bembry,,,,,Missed,,2.92,,,,,,,,,,,,,22001079,,4392.1,7382.0,686.0,13,720,1474.0,0,0,0,0,0,0,0,0,0,19,4,14,0,29,0.0,0,0,0,0,0,0,0,0,295,12.008141112618725,2.9797150610583447
357,PT11M23.00S,2021-05-16 18:23:41.800000+00:00,3,REGULAR,rebound,defensive,,203926,,,1610612754,55,68,2021-05-16T18:23:44Z,3500000,,,0,,D. McDermott REBOUND (Off:0 Def:1),203926,1610612754.0,IND,,,,,,,,,McDermott,D. McDermott,,,,,,,,,,,356.0,1.0,1.0,0.0,,,,,,22001079,,4395.1,7382.0,683.0,13,720,1477.0,0,0,0,0,0,0,0,0,0,19,4,14,0,29,0.0,0,0,0,0,0,0,0,0,296,12.024373730534867,2.9756939742721737
358,PT11M22.00S,2021-05-16 18:23:45.200000+00:00,3,REGULAR,2pt,Layup,"pointsinthepaint, fastbreak",1629052,92.7233902759527,48.3532475490196,1610612754,55,70,2021-05-16T18:23:50Z,3510000,-8.0,16.0,1,right,O. Brissett cutting Layup (18 PTS) (T. McConnell 5 AST),"1629052, 204456",1610612754.0,IND,cutting,,,,,,,,Brissett,O. Brissett,,,,,Made,18.0,1.79,T. McConnell,204456.0,5.0,,,,,,,,,,22001079,,4398.5,7382.0,682.0,15,720,1478.0,0,0,0,0,0,0,0,0,0,19,4,14,0,29,0.0,0,0,0,0,0,0,0,0,297,12.056833558863328,2.975981055480379
360,PT11M22.00S,2021-05-16 18:23:48.600000+00:00,3,REGULAR,foul,personal,1freethrow,1630273,,,1610612754,55,70,2021-05-16T18:23:59Z,3530000,,,0,,F. Gillespie shooting personal FOUL (2 PF) (Brissett 1 FT),"1630273, 1629052",1610612761.0,TOR,shooting,,,,,,1174.0,,Gillespie,F. Gillespie,2.0,0.0,Brissett,1629052.0,,,,,,,,,,,,,,,,22001079,,4401.9,7382.0,682.0,15,720,1478.0,0,0,0,0,1,0,0,0,0,20,4,14,0,29,1.0,0,0,0,0,0,0,0,0,298,12.09742895805142,2.9782814614343707
362,PT11M22.00S,2021-05-16 18:24:08.700000+00:00,3,REGULAR,freethrow,1 of 1,fastbreak,1629052,,,1610612754,55,70,2021-05-16T18:24:08Z,3550000,,,0,,MISS O. Brissett Free Throw 1 of 1,1629052,1610612754.0,IND,,,,,,,,,Brissett,O. Brissett,,,,,Missed,,,,,,,,,,,,,,,22001079,,4422.0,7382.0,682.0,15,720,1478.0,0,0,0,0,0,0,0,0,1,20,4,14,0,30,1.0,0,0,0,0,0,0,0,0,299,12.138024357239512,2.9918809201623815
363,PT11M19.00S,2021-05-16 18:24:11.700000+00:00,3,REGULAR,rebound,defensive,,1630273,,,1610612761,55,70,2021-05-16T18:24:11Z,3560000,,,0,,F. Gillespie REBOUND (Off:3 Def:3),1630273,1610612761.0,TOR,,,,,,,,,Gillespie,F. Gillespie,,,,,,,,,,,362.0,6.0,3.0,3.0,,,,,,22001079,,4425.0,7382.0,679.0,15,720,1481.0,0,0,0,0,0,0,0,0,0,20,4,14,0,30,1.0,0,0,0,0,0,0,0,0,300,12.153950033760973,2.987846049966239
364,PT11M07.00S,2021-05-16 18:24:22.100000+00:00,3,REGULAR,2pt,Jump Shot,pointsinthepaint,203920,18.3475689881735,46.8826593137255,1610612761,57,70,2021-05-16T18:24:27Z,3570000,16.0,120.0,1,left,K. Birch 12' floating Jump Shot (10 PTS) (M. Flynn 2 AST),"203920, 1630201",1610612761.0,TOR,floating,,,,,,,,Birch,K. Birch,,,,,Made,10.0,12.1,M. Flynn,1630201.0,2.0,,,,,,,,,,22001079,,4435.4,7382.0,667.0,13,720,1493.0,0,0,0,0,0,0,0,0,0,20,4,14,0,30,1.0,0,0,0,0,0,0,0,0,301,12.096450100468855,2.9707970529135967
366,PT10M52.00S,2021-05-16 18:24:37.800000+00:00,3,REGULAR,2pt,Jump Shot,pointsinthepaint,203926,87.0729303547963,58.8924632352941,1610612754,57,72,2021-05-16T18:24:42Z,3590000,44.0,69.0,1,right,D. McDermott 8' driving floating Jump Shot (13 PTS) (O. Brissett 2 AST),"203926, 1629052",1610612754.0,IND,driving floating,,,,,,,,McDermott,D. McDermott,,,,,Made,13.0,8.21,O. Brissett,1629052.0,2.0,,,,,,,,,,22001079,,4451.1,7382.0,652.0,15,720,1508.0,0,0,0,0,0,0,0,0,0,20,4,14,0,30,1.0,0,0,0,0,0,0,0,0,302,12.015915119363395,2.951657824933687
368,PT10M41.00S,2021-05-16 18:24:49.300000+00:00,3,REGULAR,2pt,Layup,pointsinthepaint,1630201,6.25821287779238,54.2356004901961,1610612761,59,72,2021-05-16T18:24:53Z,3610000,-21.0,6.0,1,left,M. Flynn driving finger roll Layup (9 PTS),1630201,1610612761.0,TOR,driving finger roll,,,,,,,,Flynn,M. Flynn,,,,,Made,9.0,2.21,,,,,,,,,,,,,22001079,,4462.6,7382.0,641.0,13,720,1519.0,0,0,0,0,0,0,0,0,0,20,4,14,0,30,1.0,0,0,0,0,0,0,0,0,303,11.968400263331139,2.937853851217907
369,PT10M22.00S,2021-05-16 18:25:07.300000+00:00,3,REGULAR,3pt,Jump Shot,,1627734,71.3042049934297,77.2748161764706,1610612754,59,72,2021-05-16T18:25:44Z,3620000,136.0,217.0,1,right,MISS D. Sabonis 25' 3PT,1627734,1610612754.0,IND,,,,,,,,,Sabonis,D. Sabonis,,,,,Missed,,25.65,,,,,,,,,,,,,22001079,,4480.6,7382.0,622.0,13,720,1538.0,0,0,0,0,0,0,0,0,0,20,4,14,0,30,1.0,0,0,0,0,0,0,0,0,304,11.85955786736021,2.9132639791937582
370,PT10M20.00S,2021-05-16 18:25:09.900000+00:00,3,REGULAR,rebound,defensive,,1630201,,,1610612761,59,72,2021-05-16T18:25:09Z,3630000,,,0,,M. Flynn REBOUND (Off:0 Def:4),1630201,1610612761.0,TOR,,,,,,,,,Flynn,M. Flynn,,,,,,,,,,,369.0,4.0,4.0,0.0,,,,,,22001079,,4483.2,7382.0,620.0,13,720,1540.0,0,0,0,0,0,0,0,0,0,20,4,14,0,30,1.0,0,0,0,0,0,0,0,0,305,11.883116883116882,2.911168831168831
371,PT10M13.00S,2021-05-16 18:25:16.900000+00:00,3,REGULAR,2pt,Jump Shot,pointsinthepaint,203920,14.1425755584757,48.5983455882353,1610612761,61,72,2021-05-16T18:31:46Z,3640000,7.0,80.0,1,left,K. Birch 8' fadeaway Jump Shot (12 PTS) (S. Johnson 5 AST),"203920, 1626169",1610612761.0,TOR,fadeaway,,,,,,,,Birch,K. Birch,,,,,Made,12.0,8.07,S. Johnson,1626169.0,5.0,,,,,,,,,,22001079,,4490.2,7382.0,613.0,11,720,1547.0,0,0,0,0,0,0,0,0,0,20,4,14,0,30,1.0,0,0,0,0,0,0,0,0,306,11.868131868131867,2.9025210084033612
373,PT09M58.00S,2021-05-16 18:25:32.200000+00:00,3,REGULAR,turnover,bad pass,,204456,,,1610612754,61,72,2021-05-16T18:25:51Z,3660000,,,0,,T. McConnell bad pass TURNOVER (1 TO),"204456, 1627761",1610612754.0,IND,,,,,,,,1.0,McConnell,T. McConnell,,,,,,,,,,,,,,,,,,Bembry,1627761.0,22001079,,4505.5,7382.0,598.0,11,720,1562.0,0,0,0,0,0,0,1,0,0,20,4,15,0,30,1.0,0,0,0,0,0,0,0,0,307,11.792573623559539,2.884443021766965
374,PT09M58.00S,2021-05-16 18:25:32.200000+00:00,3,REGULAR,steal,,,1627761,,,1610612761,61,72,2021-05-16T18:25:34Z,3670000,,,0,,D. Bembry STEAL (2 STL),1627761,1610612761.0,TOR,,,,,,,,,Bembry,D. Bembry,,,,,,,,,,,,,,,,,,,,22001079,,4505.5,7382.0,598.0,11,720,1562.0,0,0,0,0,0,0,0,0,0,20,4,15,0,30,1.0,0,0,0,0,0,0,0,0,308,11.830985915492956,2.884443021766965
375,PT09M48.00S,2021-05-16 18:25:42.400000+00:00,3,REGULAR,3pt,Jump Shot,fromturnover,1630201,20.8442838370565,8.40226715686275,1610612761,64,72,2021-05-16T18:25:53Z,3680000,208.0,143.0,1,left,M. Flynn 25' 3PT  (12 PTS) (S. Johnson 6 AST),"1630201, 1626169",1610612761.0,TOR,,,,,,,,,Flynn,M. Flynn,,,,,Made,12.0,25.26,S. Johnson,1626169.0,6.0,,,,,,,,,,22001079,,4515.7,7382.0,588.0,8,720,1572.0,0,0,0,0,0,0,0,0,0,20,4,15,0,30,1.0,0,0,0,0,0,0,0,0,309,11.793893129770993,2.8725826972010178
377,PT09M34.00S,2021-05-16 18:25:55.800000+00:00,3,REGULAR,2pt,Layup,pointsinthepaint,1627734,92.3291721419185,46.8826593137255,1610612754,64,74,2021-05-16T18:25:59Z,3700000,-16.0,20.0,1,right,D. Sabonis cutting Layup (11 PTS) (T. McConnell 6 AST),"1627734, 204456",1610612754.0,IND,cutting,,,,,,,,Sabonis,D. Sabonis,,,,,Made,11.0,2.51,T. McConnell,204456.0,6.0,,,,,,,,,,22001079,,4529.1,7382.0,574.0,10,720,1586.0,0,0,0,0,0,0,0,0,0,20,4,15,0,30,1.0,0,0,0,0,0,0,0,0,310,11.727616645649432,2.855674653215637
379,PT09M24.00S,2021-05-16 18:26:10.100000+00:00,3,REGULAR,2pt,Layup,pointsinthepaint,1630201,9.4119579500657,38.0591299019608,1610612761,64,74,2021-05-16T18:26:16Z,3720000,60.0,36.0,1,left,MISS M. Flynn 6' driving Layup - blocked,"1630201, 204456",1610612761.0,TOR,driving,,,,,,,,Flynn,M. Flynn,,,,,Missed,,6.97,,,,,,,,McConnell,204456.0,,,,22001079,,4543.4,7382.0,564.0,10,720,1596.0,0,0,0,0,0,0,0,0,0,20,4,15,0,30,1.0,0,0,0,0,0,0,0,0,311,11.69172932330827,2.8467418546365915
380,PT09M24.00S,2021-05-16 18:26:10.100000+00:00,3,REGULAR,block,,,204456,,,1610612761,64,74,2021-05-16T18:26:13Z,3730000,,,0,,T. McConnell BLOCK (1 BLK),204456,1610612754.0,IND,,,,,,,,,McConnell,T. McConnell,,,,,,,,,,,,,,,,,,,,22001079,,4543.4,7382.0,564.0,10,720,1596.0,0,0,0,0,0,0,0,0,0,20,4,15,0,30,1.0,0,0,0,0,0,0,0,0,312,11.729323308270676,2.8467418546365915
381,PT09M24.00S,2021-05-16 18:26:10.100000+00:00,3,REGULAR,rebound,defensive,team,0,,,1610612754,64,74,2021-05-16T18:26:16Z,3740000,,,0,,TEAM defensive REBOUND,,1610612754.0,IND,,,,,,,,,,,,,,,,,,,,,379.0,,,,,,,,,22001079,,4543.4,7382.0,564.0,10,720,1596.0,0,0,0,0,0,0,0,0,0,20,4,15,0,30,1.0,0,0,0,0,0,0,0,0,313,11.766917293233082,2.8467418546365915
382,PT09M24.00S,2021-05-16 18:26:15.400000+00:00,3,REGULAR,stoppage,out-of-bounds,,0,,,1610612754,64,74,2021-05-16T18:26:15Z,3750000,,,0,,,,,,,,,,,,,,,,,,,,,,,,,,,,,,,,,,,22001079,,4548.7,7382.0,564.0,10,720,1596.0,0,0,0,0,0,0,0,0,0,20,4,15,0,30,1.0,0,0,0,0,0,0,0,0,314,11.804511278195488,2.850062656641604
383,PT09M15.00S,2021-05-16 18:26:26.100000+00:00,3,REGULAR,turnover,out-of-bounds,,204456,,,1610612754,64,74,2021-05-16T18:26:34Z,3760000,,,0,,T. McConnell lost ball out-of-bounds TURNOVER (2 TO),204456,1610612754.0,IND,lost ball,,,,,,1628172.0,2.0,McConnell,T. McConnell,,,,,,,,,,,,,,,,,,,,22001079,,4559.4,7382.0,555.0,10,720,1605.0,0,0,0,0,0,0,1,0,0,20,4,16,0,30,1.0,0,0,0,0,0,0,0,0,315,11.77570093457944,2.8407476635514017
384,PT09M15.00S,2021-05-16 18:26:30.600000+00:00,3,REGULAR,stoppage,out-of-bounds,,0,,,1610612761,64,74,2021-05-16T18:26:30Z,3770000,,,0,,,,,,,,,,,,,,,,,,,,,,,,,,,,,,,,,,,22001079,,4563.9,7382.0,555.0,10,720,1605.0,0,0,0,0,0,0,0,0,0,20,4,16,0,30,1.0,0,0,0,0,0,0,0,0,316,11.813084112149532,2.8435514018691586
385,PT09M02.00S,2021-05-16 18:26:46.300000+00:00,3,REGULAR,3pt,Jump Shot,fromturnover,1626169,33.1964520367937,37.3238357843137,1610612761,64,74,2021-05-16T18:26:49Z,3780000,63.0,260.0,1,left,MISS S. Johnson 26' 3PT,1626169,1610612761.0,TOR,,,,,,,,,Johnson,S. Johnson,,,,,Missed,,26.71,,,,,,,,,,,,,22001079,,4579.6,7382.0,542.0,10,720,1618.0,0,0,0,0,0,0,0,0,0,20,4,16,0,30,1.0,0,0,0,0,0,0,0,0,317,11.755253399258345,2.8304079110012363
386,PT08M59.00S,2021-05-16 18:26:49.300000+00:00,3,REGULAR,rebound,defensive,,1629052,,,1610612754,64,74,2021-05-16T18:26:49Z,3790000,,,0,,O. Brissett REBOUND (Off:1 Def:4),1629052,1610612754.0,IND,,,,,,,,,Brissett,O. Brissett,,,,,,,,,,,385.0,5.0,4.0,1.0,,,,,,22001079,,4582.6,7382.0,539.0,10,720,1621.0,0,0,0,0,0,0,0,0,0,20,4,16,0,30,0.0,0,0,0,0,0,0,0,0,318,11.770512029611352,2.827020357803825
387,PT08M54.00S,2021-05-16 18:26:57.300000+00:00,3,REGULAR,foul,personal,2freethrow,203920,,,1610612754,64,74,2021-05-16T18:27:02Z,3800000,,,0,,K. Birch shooting personal FOUL (2 PF) (Brissett 2 FT),"203920, 1629052",1610612761.0,TOR,shooting,,,,,,1628172.0,,Birch,K. Birch,2.0,0.0,Brissett,1629052.0,,,,,,,,,,,,,,,,22001079,,4590.6,7382.0,534.0,10,720,1626.0,0,0,0,0,1,0,0,0,0,21,4,16,0,30,1.0,0,0,0,0,0,0,0,0,319,11.77121771217712,2.823247232472325
389,PT08M54.00S,2021-05-16 18:27:20.900000+00:00,3,REGULAR,freethrow,1 of 2,,1629052,,,1610612754,64,75,2021-05-16T18:27:20Z,3820000,,,0,,O. Brissett Free Throw 1 of 2 (19 PTS),1629052,1610612754.0,IND,,,,,,,,,Brissett,O. Brissett,,,,,Made,19.0,,,,,,,,,,,,,,22001079,,4614.2,7382.0,534.0,11,720,1626.0,0,0,0,0,0,0,0,0,1,21,4,16,0,31,1.0,0,0,0,0,0,0,0,0,320,11.808118081180812,2.8377613776137762
390,PT08M54.00S,2021-05-16 18:27:33.900000+00:00,3,REGULAR,freethrow,2 of 2,,1629052,,,1610612754,64,76,2021-05-16T18:27:33Z,3830000,,,0,,O. Brissett Free Throw 2 of 2 (20 PTS),1629052,1610612754.0,IND,,,,,,,,,Brissett,O. Brissett,,,,,Made,20.0,,,,,,,,,,,,,,22001079,,4627.2,7382.0,534.0,12,720,1626.0,0,0,0,0,0,0,0,0,1,21,4,16,0,32,1.0,0,0,0,0,0,0,0,0,321,11.8450184501845,2.8457564575645757
391,PT08M38.00S,2021-05-16 18:27:52.300000+00:00,3,REGULAR,2pt,DUNK,pointsinthepaint,1630273,6.7838370565046,55.7061887254902,1610612761,66,76,2021-05-16T18:34:38Z,3840000,-29.0,11.0,1,left,F. Gillespie driving DUNK (7 PTS),1630273,1610612761.0,TOR,driving,,,,,,,,Gillespie,F. Gillespie,,,,,Made,7.0,3.07,,,,,,,,,,,,,22001079,,4645.6,7382.0,518.0,10,720,1642.0,0,0,0,0,0,0,0,0,0,21,4,16,0,32,1.0,0,0,0,0,0,0,0,0,322,11.76613885505481,2.8292326431181487
392,PT08M18.00S,2021-05-16 18:28:12.300000+00:00,3,REGULAR,2pt,Jump Shot,pointsinthepaint,204456,85.7588699080158,54.2356004901961,1610612754,66,78,2021-05-16T18:28:23Z,3850000,21.0,81.0,1,right,T. McConnell 8' pullup Jump Shot (8 PTS),204456,1610612754.0,IND,pullup,,,,,,,,McConnell,T. McConnell,,,,,Made,8.0,8.41,,,,,,,,,,,,,22001079,,4665.6,7382.0,498.0,12,720,1662.0,0,0,0,0,0,0,0,0,0,21,4,16,0,32,1.0,0,0,0,0,0,0,0,0,323,11.660649819494585,2.8072202166064986
393,PT08M05.00S,2021-05-16 18:28:24.600000+00:00,3,REGULAR,2pt,Jump Shot,,1630273,5.46977660972405,80.7061887254902,1610612761,66,78,2021-05-16T18:28:29Z,3860000,-154.0,-1.0,1,left,MISS F. Gillespie 15' turnaround fadeaway Shot,1630273,1610612761.0,TOR,turnaround fadeaway,,,,,,,,Gillespie,F. Gillespie,,,,,Missed,,15.35,,,,,,,,,,,,,22001079,,4677.9,7382.0,485.0,12,720,1675.0,0,0,0,0,0,0,0,0,0,21,4,16,0,32,1.0,0,0,0,0,0,0,0,0,324,11.60597014925373,2.7927761194029848
394,PT08M03.00S,2021-05-16 18:28:26.600000+00:00,3,REGULAR,rebound,defensive,,1627734,,,1610612754,66,78,2021-05-16T18:28:29Z,3870000,,,0,,D. Sabonis REBOUND (Off:1 Def:8),1627734,1610612754.0,IND,,,,,,,,,Sabonis,D. Sabonis,,,,,,,,,,,393.0,9.0,8.0,1.0,,,,,,22001079,,4679.9,7382.0,483.0,12,720,1677.0,0,0,0,0,0,0,0,0,0,21,4,16,0,32,1.0,0,0,0,0,0,0,0,0,325,11.627906976744187,2.790638044126416
395,PT07M52.00S,2021-05-16 18:28:38.200000+00:00,3,REGULAR,2pt,Jump Shot,pointsinthepaint,1627734,85.6274638633377,42.9610906862745,1610612754,66,78,2021-05-16T18:28:42Z,3880000,-35.0,83.0,1,right,MISS D. Sabonis 8' turnaround fadeaway Shot,1627734,1610612754.0,IND,turnaround fadeaway,,,,,,,,Sabonis,D. Sabonis,,,,,Missed,,8.98,,,,,,,,,,,,,22001079,,4691.5,7382.0,472.0,12,720,1688.0,0,0,0,0,0,0,0,0,0,21,4,16,0,32,1.0,0,0,0,0,0,0,0,0,326,11.587677725118484,2.7793246445497632
396,PT07M50.00S,2021-05-16 18:28:40.200000+00:00,3,REGULAR,rebound,defensive,,203920,,,1610612761,66,78,2021-05-16T18:28:42Z,3890000,,,0,,K. Birch REBOUND (Off:2 Def:5),203920,1610612761.0,TOR,,,,,,,,,Birch,K. Birch,,,,,,,,,,,395.0,7.0,5.0,2.0,,,,,,22001079,,4693.5,7382.0,470.0,12,720,1690.0,0,0,0,0,0,0,0,0,0,21,4,16,0,32,1.0,0,0,0,0,0,0,0,0,327,11.609467455621301,2.7772189349112426
397,PT07M38.00S,2021-05-16 18:28:52.900000+00:00,3,REGULAR,3pt,Jump Shot,,1627761,18.4789750328515,4.97089460784314,1610612761,66,78,2021-05-16T18:28:58Z,3900000,225.0,121.0,1,left,MISS D. Bembry 25' 3PT,1627761,1610612761.0,TOR,,,,,,,,,Bembry,D. Bembry,,,,,Missed,,25.57,,,,,,,,,,,,,22001079,,4706.2,7382.0,458.0,12,720,1702.0,0,0,0,0,0,0,0,0,0,21,4,16,0,32,1.0,0,0,0,0,0,0,0,0,328,11.562867215041129,2.7650998824911865
398,PT07M35.00S,2021-05-16 18:28:55.900000+00:00,3,REGULAR,rebound,defensive,,1627734,,,1610612754,66,78,2021-05-16T18:28:56Z,3910000,,,0,,D. Sabonis REBOUND (Off:1 Def:9),1627734,1610612754.0,IND,,,,,,,,,Sabonis,D. Sabonis,,,,,,,,,,,397.0,10.0,9.0,1.0,,,,,,22001079,,4709.2,7382.0,455.0,12,720,1705.0,0,0,0,0,0,0,0,0,0,21,4,16,0,32,1.0,0,0,0,0,0,0,0,0,329,11.577712609970675,2.7619941348973605
399,PT07M26.00S,2021-05-16 18:29:03.900000+00:00,3,REGULAR,turnover,bad pass,,203200,,,1610612754,66,78,2021-05-16T18:29:08Z,3920000,,,0,,J. Holiday bad pass TURNOVER (1 TO),"203200, 203920",1610612754.0,IND,,,,,,,,1.0,Holiday,J. Holiday,,,,,,,,,,,,,,,,,,Birch,203920.0,22001079,,4717.2,7382.0,446.0,12,720,1714.0,0,0,0,0,0,0,1,0,0,21,4,17,0,32,1.0,0,0,0,0,0,0,0,0,330,11.551925320886815,2.7521586931155193
400,PT07M26.00S,2021-05-16 18:29:03.900000+00:00,3,REGULAR,steal,,,203920,,,1610612761,66,78,2021-05-16T18:29:06Z,3930000,,,0,,K. Birch STEAL (1 STL),203920,1610612761.0,TOR,,,,,,,,,Birch,K. Birch,,,,,,,,,,,,,,,,,,,,22001079,,4717.2,7382.0,446.0,12,720,1714.0,0,0,0,0,0,0,0,0,0,21,4,17,0,32,1.0,0,0,0,0,0,0,0,0,331,11.586931155192532,2.7521586931155193
401,PT07M13.00S,2021-05-16 18:29:17+00:00,3,REGULAR,3pt,Jump Shot,fromturnover,1626169,33.4592641261498,43.9414828431373,1610612761,66,78,2021-05-16T18:29:20Z,3940000,30.0,262.0,1,left,MISS S. Johnson 26' 3PT,1626169,1610612761.0,TOR,,,,,,,,,Johnson,S. Johnson,,,,,Missed,,26.37,,,,,,,,,,,,,22001079,,4730.3,7382.0,433.0,12,720,1727.0,0,0,0,0,0,0,0,0,0,21,4,17,0,32,1.0,0,0,0,0,0,0,0,0,332,11.534452808338157,2.7390272148233934
402,PT07M11.00S,2021-05-16 18:29:19+00:00,3,REGULAR,rebound,defensive,,1629052,,,1610612754,66,78,2021-05-16T18:29:20Z,3950000,,,0,,O. Brissett REBOUND (Off:1 Def:5),1629052,1610612754.0,IND,,,,,,,,,Brissett,O. Brissett,,,,,,,,,,,401.0,6.0,5.0,1.0,,,,,,22001079,,4732.3,7382.0,431.0,12,720,1729.0,0,0,0,0,0,0,0,0,0,21,4,17,0,32,1.0,0,0,0,0,0,0,0,0,333,11.555812608444187,2.7370156159629846
403,PT06M58.00S,2021-05-16 18:29:32.400000+00:00,3,REGULAR,2pt,Layup,pointsinthepaint,203200,93.7746386333771,59.8728553921569,1610612754,66,80,2021-05-16T18:29:37Z,3960000,49.0,6.0,1,right,J. Holiday driving finger roll Layup (5 PTS) (T. McConnell 7 AST),"203200, 204456",1610612754.0,IND,driving finger roll,,,,,,,,Holiday,J. Holiday,,,,,Made,5.0,4.98,T. McConnell,204456.0,7.0,,,,,,,,,,22001079,,4745.7,7382.0,418.0,14,720,1742.0,0,0,0,0,0,0,0,0,0,21,4,17,0,32,1.0,0,0,0,0,0,0,0,0,334,11.50401836969001,2.724282433983926
405,PT06M44.00S,2021-05-16 18:29:45.200000+00:00,3,REGULAR,2pt,Jump Shot,pointsinthepaint,203920,12.0400788436268,59.8728553921569,1610612761,66,80,2021-05-16T18:29:54Z,3980000,-49.0,61.0,1,left,MISS K. Birch 7' floating Shot,203920,1610612761.0,TOR,floating,,,,,,,,Birch,K. Birch,,,,,Missed,,7.83,,,,,,,,,,,,,22001079,,4758.5,7382.0,404.0,14,720,1756.0,0,0,0,0,0,0,0,0,0,21,4,17,0,32,1.0,0,0,0,0,0,0,0,0,335,11.446469248291573,2.709851936218679
406,PT06M43.00S,2021-05-16 18:29:46.200000+00:00,3,REGULAR,rebound,defensive,,1627734,,,1610612754,66,80,2021-05-16T18:30:01Z,3990000,,,0,,D. Sabonis REBOUND (Off:1 Def:10),1627734,1610612754.0,IND,,,,,,,,,Sabonis,D. Sabonis,,,,,,,,,,,405.0,11.0,10.0,1.0,,,,,,22001079,,4759.5,7382.0,403.0,14,720,1757.0,0,0,0,0,0,0,0,0,0,21,4,17,0,32,1.0,0,0,0,0,0,0,0,0,336,11.47410358565737,2.7088787706317587
407,PT06M43.00S,2021-05-16 18:29:50.800000+00:00,3,REGULAR,foul,personal,,1627761,,,1610612754,66,80,2021-05-16T18:39:29Z,4000000,,,0,,D. Bembry take personal FOUL (3 PF),"1627761, 1627734",1610612761.0,TOR,take,,,,,,1174.0,,Bembry,D. Bembry,3.0,0.0,Sabonis,1627734.0,,,,,,,,,,,,,,,,22001079,,4764.1,7382.0,403.0,14,720,1757.0,0,0,0,0,1,0,0,0,0,22,4,17,0,32,2.0,0,0,0,0,0,0,0,0,337,11.508252703471827,2.7114968696642006
409,PT06M43.00S,2021-05-16 18:30:03.400000+00:00,3,REGULAR,timeout,full,"team, mandatory",0,,,1610612754,66,80,2021-05-16T18:30:03Z,4020000,,,0,,TOR Timeout,,1610612761.0,TOR,,,,,,,,,,,,,,,,,,,,,,,,,,,,,,22001079,,4776.7,7382.0,403.0,14,720,1757.0,0,0,0,0,0,1,0,0,0,22,5,17,0,32,2.0,0,0,0,0,0,0,0,0,338,11.542401821286283,2.718668184405236
410,PT06M43.00S,2021-05-16 18:30:04.600000+00:00,3,REGULAR,substitution,out,,203920,,,1610612754,66,80,2021-05-16T18:32:50Z,4030000,,,0,,SUB out: K. Birch,203920,1610612761.0,TOR,,,,,,,,,Birch,K. Birch,,,,,,,,,,,,,,,,,,,,22001079,,4777.9,7382.0,403.0,14,720,1757.0,0,0,0,0,0,0,0,0,0,22,5,17,0,32,1.0,0,0,0,0,0,0,0,0,339,11.57655093910074,2.719351166761525
411,PT06M43.00S,2021-05-16 18:30:04.600000+00:00,3,REGULAR,substitution,in,,203382,,,1610612754,66,80,2021-05-16T18:32:50Z,4040000,,,0,,SUB in: A. Baynes,203382,1610612761.0,TOR,,,,,,,,,Baynes,A. Baynes,,,,,,,,,,,,,,,,,,,,22001079,,4777.9,7382.0,403.0,14,720,1757.0,0,0,0,0,0,0,0,0,0,22,5,17,0,32,1.0,0,0,0,0,0,0,0,0,340,11.610700056915196,2.719351166761525
412,PT06M33.00S,2021-05-16 18:33:25.800000+00:00,3,REGULAR,3pt,Jump Shot,,203926,94.8258869908016,96.8826593137255,1610612754,66,80,2021-05-16T18:33:29Z,4050000,234.0,-4.0,1,right,MISS D. McDermott 3PT,203926,1610612754.0,IND,,,,,,,,,McDermott,D. McDermott,,,,,Missed,,23.44,,,,,,,,,,,,,22001079,,4979.1,7382.0,393.0,14,720,1767.0,0,0,0,0,0,0,0,0,0,22,5,17,0,32,1.0,0,0,0,0,0,0,0,0,341,11.578947368421053,2.8178268251273346
413,PT06M30.00S,2021-05-16 18:33:28.800000+00:00,3,REGULAR,rebound,defensive,,1626169,,,1610612761,66,80,2021-05-16T18:33:29Z,4060000,,,0,,S. Johnson REBOUND (Off:2 Def:2),1626169,1610612761.0,TOR,,,,,,,,,Johnson,S. Johnson,,,,,,,,,,,412.0,4.0,2.0,2.0,,,,,,22001079,,4982.1,7382.0,390.0,14,720,1770.0,0,0,0,0,0,0,0,0,0,22,5,17,0,32,1.0,0,0,0,0,0,0,0,0,342,11.59322033898305,2.8147457627118646
414,PT06M18.00S,2021-05-16 18:33:40.100000+00:00,3,REGULAR,2pt,Layup,pointsinthepaint,1627761,6.65243101182654,55.9512867647059,1610612761,66,80,2021-05-16T18:33:44Z,4070000,-30.0,10.0,1,left,MISS D. Bembry driving Layup,1627761,1610612761.0,TOR,driving,,,,,,,,Bembry,D. Bembry,,,,,Missed,,3.14,,,,,,,,,,,,,22001079,,4993.4,7382.0,378.0,14,720,1782.0,0,0,0,0,0,0,0,0,0,22,5,17,0,32,1.0,0,0,0,0,0,0,0,0,343,11.548821548821548,2.8021324354657686
415,PT06M17.00S,2021-05-16 18:33:41.100000+00:00,3,REGULAR,rebound,defensive,,1629052,,,1610612754,66,80,2021-05-16T18:33:44Z,4080000,,,0,,O. Brissett REBOUND (Off:1 Def:6),1629052,1610612754.0,IND,,,,,,,,,Brissett,O. Brissett,,,,,,,,,,,414.0,7.0,6.0,1.0,,,,,,22001079,,4994.4,7382.0,377.0,14,720,1783.0,0,0,0,0,0,0,0,0,0,22,5,17,0,32,1.0,0,0,0,0,0,0,0,0,344,11.575995513180034,2.801121704991587
416,PT06M08.00S,2021-05-16 18:33:50.700000+00:00,3,REGULAR,2pt,Jump Shot,pointsinthepaint,204456,85.6274638633377,52.5199142156863,1610612754,66,80,2021-05-16T18:33:56Z,4090000,13.0,83.0,1,right,MISS T. McConnell 8' pullup Shot,204456,1610612754.0,IND,pullup,,,,,,,,McConnell,T. McConnell,,,,,Missed,,8.36,,,,,,,,,,,,,22001079,,5004.0,7382.0,368.0,14,720,1792.0,0,0,0,0,0,0,0,0,0,22,5,17,0,32,1.0,0,0,0,0,0,0,0,0,345,11.551339285714285,2.7924107142857144
417,PT06M06.00S,2021-05-16 18:33:52.700000+00:00,3,REGULAR,rebound,defensive,,203382,,,1610612761,66,80,2021-05-16T18:33:56Z,4100000,,,0,,A. Baynes REBOUND (Off:1 Def:5),203382,1610612761.0,TOR,,,,,,,,,Baynes,A. Baynes,,,,,,,,,,,416.0,6.0,5.0,1.0,,,,,,22001079,,5006.0,7382.0,366.0,14,720,1794.0,0,0,0,0,0,0,0,0,0,22,5,17,0,32,1.0,0,0,0,0,0,0,0,0,346,11.57190635451505,2.79041248606466
418,PT05M59.00S,2021-05-16 18:34:00.100000+00:00,3,REGULAR,turnover,bad pass,,1626169,,,1610612761,66,80,2021-05-16T18:34:03Z,4110000,,,0,,S. Johnson bad pass TURNOVER (5 TO),"1626169, 1627734",1610612761.0,TOR,,,,,,,,5.0,Johnson,S. Johnson,,,,,,,,,,,,,,,,,,Sabonis,1627734.0,22001079,,5013.4,7382.0,359.0,14,720,1801.0,0,0,0,0,0,0,1,0,0,22,5,18,0,32,1.0,0,0,0,0,0,0,0,0,347,11.56024430871738,2.7836757357023876
419,PT05M59.00S,2021-05-16 18:34:00.100000+00:00,3,REGULAR,steal,,,1627734,,,1610612754,66,80,2021-05-16T18:34:01Z,4120000,,,0,,D. Sabonis STEAL (3 STL),1627734,1610612754.0,IND,,,,,,,,,Sabonis,D. Sabonis,,,,,,,,,,,,,,,,,,,,22001079,,5013.4,7382.0,359.0,14,720,1801.0,0,0,0,0,0,0,0,0,0,22,5,18,0,32,1.0,0,0,0,0,0,0,0,0,348,11.593559133814548,2.7836757357023876
420,PT05M52.00S,2021-05-16 18:34:07.200000+00:00,3,REGULAR,2pt,Jump Shot,"pointsinthepaint, fromturnover, fastbreak",1627734,88.2555847568988,45.9022671568627,1610612754,66,82,2021-05-16T18:34:12Z,4130000,-20.0,58.0,1,right,D. Sabonis 6' driving floating Jump Shot (13 PTS),1627734,1610612754.0,IND,driving floating,,,,,,,,Sabonis,D. Sabonis,,,,,Made,13.0,6.14,,,,,,,,,,,,,22001079,,5020.5,7382.0,352.0,16,720,1808.0,0,0,0,0,0,0,0,0,0,22,5,18,0,32,1.0,0,0,0,0,0,0,0,0,349,11.581858407079647,2.776825221238938
421,PT05M33.00S,2021-05-16 18:34:25.600000+00:00,3,REGULAR,2pt,Jump Shot,,1630273,5.33837056504599,68.2061887254902,1610612761,66,82,2021-05-16T18:34:29Z,4140000,-91.0,-2.0,1,left,MISS F. Gillespie 9' turnaround fadeaway Shot,1630273,1610612761.0,TOR,turnaround fadeaway,,,,,,,,Gillespie,F. Gillespie,,,,,Missed,,9.1,,,,,,,,,,,,,22001079,,5038.9,7382.0,333.0,16,720,1827.0,0,0,0,0,0,0,0,0,0,22,5,18,0,32,1.0,0,0,0,0,0,0,0,0,350,11.49425287356322,2.7580186097427473
422,PT05M32.00S,2021-05-16 18:34:26.600000+00:00,3,REGULAR,rebound,defensive,,1627734,,,1610612754,66,82,2021-05-16T18:34:29Z,4150000,,,0,,D. Sabonis REBOUND (Off:1 Def:11),1627734,1610612754.0,IND,,,,,,,,,Sabonis,D. Sabonis,,,,,,,,,,,421.0,12.0,11.0,1.0,,,,,,22001079,,5039.9,7382.0,332.0,16,720,1828.0,0,0,0,0,0,0,0,0,0,22,5,18,0,32,1.0,0,0,0,0,0,0,0,0,351,11.52078774617068,2.7570568927789934
423,PT05M14.00S,2021-05-16 18:34:44.600000+00:00,3,REGULAR,2pt,DUNK,pointsinthepaint,1629052,90.4894875164258,54.2356004901961,1610612754,66,82,2021-05-16T18:34:49Z,4160000,21.0,37.0,1,right,MISS O. Brissett cutting DUNK,1629052,1610612754.0,IND,cutting,,,,,,,,Brissett,O. Brissett,,,,,Missed,,4.26,,,,,,,,,,,,,22001079,,5057.9,7382.0,314.0,16,720,1846.0,0,0,0,0,0,0,0,0,0,22,5,18,0,32,1.0,0,0,0,0,0,0,0,0,352,11.440953412784399,2.7399241603466953
424,PT05M13.00S,2021-05-16 18:34:45.800000+00:00,3,REGULAR,rebound,offensive,,1627734,,,1610612754,66,82,2021-05-16T18:34:45Z,4170000,,,0,,D. Sabonis REBOUND (Off:2 Def:11),1627734,1610612754.0,IND,,,,,,,,,Sabonis,D. Sabonis,,,,,,,,,,,423.0,13.0,11.0,2.0,,,,,,22001079,,5059.1,7382.0,313.0,16,720,1847.0,0,0,0,0,0,0,0,0,0,22,5,18,0,32,1.0,0,0,0,0,0,0,0,0,353,11.467244179750947,2.739090416892258
425,PT05M11.00S,2021-05-16 18:34:47.500000+00:00,3,REGULAR,3pt,Jump Shot,2ndchance,203926,77.8745072273325,9.38265931372549,1610612754,66,82,2021-05-16T18:34:59Z,4180000,-203.0,155.0,1,right,MISS D. McDermott 25' 3PT,203926,1610612754.0,IND,,,,,,,,,McDermott,D. McDermott,,,,,Missed,,25.58,,,,,,,,,,,,,22001079,,5060.8,7382.0,311.0,16,720,1849.0,0,0,0,0,0,0,0,0,0,22,5,18,0,32,1.0,0,0,0,0,0,0,0,0,354,11.487290427257978,2.7370470524607895
427,PT05M02.00S,2021-05-16 18:34:56.400000+00:00,3,REGULAR,2pt,DUNK,"pointsinthepaint, 2ndchance",203200,94.4099998474121,50.0,1610612754,66,82,2021-05-16T18:34:56Z,4200000,0.0,0.0,1,right,MISS J. Holiday tip DUNK,203200,1610612754.0,IND,tip,,,,,,,,Holiday,J. Holiday,,,,,Missed,,0.0,,,,,,,,,,,,,22001079,,5069.7,7382.0,302.0,16,720,1858.0,0,0,0,0,0,0,0,0,0,22,5,18,0,32,1.0,0,0,0,0,0,0,0,0,355,11.463939720129172,2.7285791173304625
426,PT05M02.00S,2021-05-16 18:34:56.500000+00:00,3,REGULAR,rebound,offensive,,203200,,,1610612754,66,82,2021-05-16T18:34:59Z,4190000,,,0,,J. Holiday REBOUND (Off:1 Def:1),203200,1610612754.0,IND,,,,,,,,,Holiday,J. Holiday,,,,,,,,,,,425.0,2.0,1.0,1.0,,,,,,22001079,,5069.8,7382.0,302.0,16,720,1858.0,0,0,0,0,0,0,0,0,0,22,5,18,0,32,1.0,0,0,0,0,0,0,0,0,356,11.496232508073197,2.728632938643703
428,PT05M02.00S,2021-05-16 18:34:57.100000+00:00,3,REGULAR,rebound,defensive,,203382,,,1610612761,66,82,2021-05-16T18:34:57Z,4210000,,,0,,A. Baynes REBOUND (Off:1 Def:6),203382,1610612761.0,TOR,,,,,,,,,Baynes,A. Baynes,,,,,,,,,,,427.0,7.0,6.0,1.0,,,,,,22001079,,5070.4,7382.0,302.0,16,720,1858.0,0,0,0,0,0,0,0,0,0,22,5,18,0,32,0.0,0,0,0,0,0,0,0,0,357,11.528525296017223,2.728955866523143
429,PT05M01.00S,2021-05-16 18:34:57.800000+00:00,3,REGULAR,3pt,Jump Shot,fastbreak,1630201,32.0137976346912,30.7061887254902,1610612761,66,82,2021-05-16T18:35:03Z,4220000,96.0,248.0,1,left,MISS M. Flynn 26' pullup 3PT,1630201,1610612761.0,TOR,pullup,,,,,,,,Flynn,M. Flynn,,,,,Missed,,26.65,,,,,,,,,,,,,22001079,,5071.1,7382.0,301.0,16,720,1859.0,0,0,0,0,0,0,0,0,0,22,5,18,0,32,0.0,0,0,0,0,0,0,0,0,358,11.554599246906939,2.7278644432490586
430,PT05M01.00S,2021-05-16 18:34:57.800000+00:00,3,REGULAR,rebound,defensive,,1629052,,,1610612754,66,82,2021-05-16T18:35:03Z,4230000,,,0,,O. Brissett REBOUND (Off:1 Def:7),1629052,1610612754.0,IND,,,,,,,,,Brissett,O. Brissett,,,,,,,,,,,429.0,8.0,7.0,1.0,,,,,,22001079,,5071.1,7382.0,301.0,16,720,1859.0,0,0,0,0,0,0,0,0,0,22,5,18,0,32,0.0,0,0,0,0,0,0,0,0,359,11.58687466379774,2.7278644432490586
431,PT04M57.00S,2021-05-16 18:35:04.200000+00:00,3,REGULAR,foul,personal,2freethrow,1630201,,,1610612754,66,82,2021-05-16T18:35:12Z,4240000,,,0,,M. Flynn shooting personal FOUL (1 PF) (Brissett 2 FT),"1630201, 1629052",1610612761.0,TOR,shooting,,,,,,1199.0,,Flynn,M. Flynn,1.0,0.0,Brissett,1629052.0,,,,,,,,,,,,,,,,22001079,,5077.5,7382.0,297.0,16,720,1863.0,0,0,0,0,1,0,0,0,0,23,5,18,0,32,1.0,0,0,0,0,0,0,0,0,360,11.594202898550725,2.7254428341384864
433,PT04M57.00S,2021-05-16 18:35:38.500000+00:00,3,REGULAR,freethrow,1 of 2,fastbreak,1629052,,,1610612754,66,82,2021-05-16T18:35:38Z,4260000,,,0,,MISS O. Brissett Free Throw 1 of 2,1629052,1610612754.0,IND,,,,,,,,,Brissett,O. Brissett,,,,,Missed,,,,,,,,,,,,,,,22001079,,5111.8,7382.0,297.0,16,720,1863.0,0,0,0,0,0,0,0,0,1,23,5,18,0,33,1.0,0,0,0,0,0,0,0,0,361,11.626409017713366,2.743853998926463
434,PT04M57.00S,2021-05-16 18:35:38.500000+00:00,3,REGULAR,rebound,offensive,"deadball, team",0,,,1610612754,66,82,2021-05-16T18:35:38Z,4270000,,,0,,TEAM offensive REBOUND,,1610612754.0,IND,,,,,,,,,,,,,,,,,,,,,433.0,,,,,,,,,22001079,,5111.8,7382.0,297.0,16,720,1863.0,0,0,0,0,0,0,0,0,0,23,5,18,0,33,1.0,0,0,0,0,0,0,0,0,362,11.658615136876007,2.743853998926463
435,PT04M57.00S,2021-05-16 18:35:42.200000+00:00,3,REGULAR,substitution,out,,1630273,,,1610612754,66,82,2021-05-16T18:35:45Z,4280000,,,0,,SUB out: F. Gillespie,1630273,1610612761.0,TOR,,,,,,,,,Gillespie,F. Gillespie,,,,,,,,,,,,,,,,,,,,22001079,,5115.5,7382.0,297.0,16,720,1863.0,0,0,0,0,0,0,0,0,0,23,5,18,0,33,1.0,0,0,0,0,0,0,0,0,363,11.690821256038648,2.7458400429414924
436,PT04M57.00S,2021-05-16 18:35:42.200000+00:00,3,REGULAR,substitution,in,,203920,,,1610612754,66,82,2021-05-16T18:35:45Z,4290000,,,0,,SUB in: K. Birch,203920,1610612761.0,TOR,,,,,,,,,Birch,K. Birch,,,,,,,,,,,,,,,,,,,,22001079,,5115.5,7382.0,297.0,16,720,1863.0,0,0,0,0,0,0,0,0,0,23,5,18,0,33,1.0,0,0,0,0,0,0,0,0,364,11.723027375201289,2.7458400429414924
437,PT04M57.00S,2021-05-16 18:35:57.700000+00:00,3,REGULAR,freethrow,2 of 2,fastbreak,1629052,,,1610612754,66,83,2021-05-16T18:35:57Z,4300000,,,0,,O. Brissett Free Throw 2 of 2 (21 PTS),1629052,1610612754.0,IND,,,,,,,,,Brissett,O. Brissett,,,,,Made,21.0,,,,,,,,,,,,,,22001079,,5131.0,7382.0,297.0,17,720,1863.0,0,0,0,0,0,0,0,0,1,23,5,18,0,34,1.0,0,0,0,0,0,0,0,0,365,11.755233494363928,2.7541599570585076
438,PT04M41.00S,2021-05-16 18:36:15.200000+00:00,3,REGULAR,3pt,Jump Shot,,1630201,19.530223390276,94.1865808823529,1610612761,69,83,2021-05-16T18:36:19Z,4310000,-221.0,131.0,1,left,M. Flynn 25' 3PT  (15 PTS) (S. Johnson 7 AST),"1630201, 1626169",1610612761.0,TOR,,,,,,,,,Flynn,M. Flynn,,,,,Made,15.0,25.69,S. Johnson,1626169.0,7.0,,,,,,,,,,22001079,,5148.5,7382.0,281.0,14,720,1879.0,0,0,0,0,0,0,0,0,0,23,5,18,0,34,1.0,0,0,0,0,0,0,0,0,366,11.687067589143162,2.740021287919106
440,PT04M25.00S,2021-05-16 18:36:31+00:00,3,REGULAR,2pt,Layup,pointsinthepaint,203926,90.3580814717477,58.1571691176471,1610612754,69,83,2021-05-16T18:36:37Z,4330000,41.0,38.0,1,right,MISS D. McDermott driving Layup,203926,1610612754.0,IND,driving,,,,,,,,McDermott,D. McDermott,,,,,Missed,,5.58,,,,,,,,,,,,,22001079,,5164.3,7382.0,265.0,14,720,1895.0,0,0,0,0,0,0,0,0,0,23,5,18,0,34,1.0,0,0,0,0,0,0,0,0,367,11.620052770448549,2.7252242744063326
441,PT04M22.00S,2021-05-16 18:36:34.400000+00:00,3,REGULAR,rebound,defensive,,203920,,,1610612761,69,83,2021-05-16T18:36:34Z,4340000,,,0,,K. Birch REBOUND (Off:2 Def:6),203920,1610612761.0,TOR,,,,,,,,,Birch,K. Birch,,,,,,,,,,,440.0,8.0,6.0,2.0,,,,,,22001079,,5167.7,7382.0,262.0,14,720,1898.0,0,0,0,0,0,0,0,0,0,23,5,18,0,34,1.0,0,0,0,0,0,0,0,0,368,11.633298208640674,2.722708113804004
442,PT04M19.00S,2021-05-16 18:36:37.500000+00:00,3,REGULAR,3pt,Jump Shot,,203382,29.7798948751643,72.3728553921569,1610612761,69,83,2021-05-16T18:36:44Z,4350000,-112.0,227.0,1,left,MISS A. Baynes 25' 3PT,203382,1610612761.0,TOR,,,,,,,,,Baynes,A. Baynes,,,,,Missed,,25.34,,,,,,,,,,,,,22001079,,5170.8,7382.0,259.0,14,720,1901.0,0,0,0,0,0,0,0,0,0,23,5,18,0,34,1.0,0,0,0,0,0,0,0,0,369,11.646501841136244,2.7200420831141505
443,PT04M16.00S,2021-05-16 18:36:40.500000+00:00,3,REGULAR,rebound,defensive,,203200,,,1610612754,69,83,2021-05-16T18:36:45Z,4360000,,,0,,J. Holiday REBOUND (Off:1 Def:2),203200,1610612754.0,IND,,,,,,,,,Holiday,J. Holiday,,,,,,,,,,,442.0,3.0,2.0,1.0,,,,,,22001079,,5173.8,7382.0,256.0,14,720,1904.0,0,0,0,0,0,0,0,0,0,23,5,18,0,34,1.0,0,0,0,0,0,0,0,0,370,11.659663865546218,2.717331932773109
444,PT04M09.00S,2021-05-16 18:36:48+00:00,3,REGULAR,2pt,Jump Shot,"fastbreak, pointsinthepaint",204456,89.8324572930355,64.7748161764706,1610612754,69,83,2021-05-16T18:37:05Z,4370000,74.0,43.0,1,right,MISS T. McConnell 8' driving floating Shot,204456,1610612754.0,IND,driving floating,,,,,,,,McConnell,T. McConnell,,,,,Missed,,8.56,,,,,,,,,,,,,22001079,,5181.3,7382.0,249.0,14,720,1911.0,0,0,0,0,0,0,0,0,0,23,5,18,0,34,1.0,0,0,0,0,0,0,0,0,371,11.648351648351648,2.7113029827315542
445,PT04M07.00S,2021-05-16 18:36:50+00:00,3,REGULAR,rebound,offensive,,204456,,,1610612754,69,83,2021-05-16T18:37:05Z,4380000,,,0,,T. McConnell REBOUND (Off:1 Def:3),204456,1610612754.0,IND,,,,,,,,,McConnell,T. McConnell,,,,,,,,,,,444.0,4.0,3.0,1.0,,,,,,22001079,,5183.3,7382.0,247.0,14,720,1913.0,0,0,0,0,0,0,0,0,0,23,5,18,0,34,1.0,0,0,0,0,0,0,0,0,372,11.667537898588604,2.709513852587559
446,PT04M04.00S,2021-05-16 18:36:51.900000+00:00,3,REGULAR,2pt,DUNK,"pointsinthepaint, 2ndchance",1629052,92.0663600525624,51.0493259803922,1610612754,69,85,2021-05-16T18:48:06Z,4390000,5.0,22.0,1,right,O. Brissett cutting DUNK (23 PTS) (T. McConnell 8 AST),"1629052, 204456",1610612754.0,IND,cutting,,,,,,,,Brissett,O. Brissett,,,,,Made,23.0,2.27,T. McConnell,204456.0,8.0,,,,,,,,,,22001079,,5185.2,7382.0,244.0,16,720,1916.0,0,0,0,0,0,0,0,0,0,23,5,18,0,34,1.0,0,0,0,0,0,0,0,0,373,11.680584551148225,2.706263048016701
448,PT03M52.00S,2021-05-16 18:37:04+00:00,3,REGULAR,3pt,Jump Shot,,1630201,28.7286465177398,77.765012254902,1610612761,72,85,2021-05-16T18:37:08Z,4410000,-139.0,218.0,1,left,M. Flynn 25' 3PT  (18 PTS) (D. Bembry 3 AST),"1630201, 1627761",1610612761.0,TOR,,,,,,,,,Flynn,M. Flynn,,,,,Made,18.0,25.8,D. Bembry,1627761.0,3.0,,,,,,,,,,22001079,,5197.3,7382.0,232.0,13,720,1928.0,0,0,0,0,0,0,0,0,0,23,5,18,0,34,1.0,0,0,0,0,0,0,0,0,374,11.639004149377593,2.695695020746888
450,PT03M44.00S,2021-05-16 18:37:12.600000+00:00,3,REGULAR,turnover,bad pass,,1627734,,,1610612754,72,85,2021-05-16T18:37:43Z,4430000,,,0,,D. Sabonis bad pass TURNOVER (4 TO),"1627734, 1627761",1610612754.0,IND,,,,,,,,4.0,Sabonis,D. Sabonis,,,,,,,,,,,,,,,,,,Bembry,1627761.0,22001079,,5205.9,7382.0,224.0,13,720,1936.0,0,0,0,0,0,0,1,0,0,23,5,19,0,34,1.0,0,0,0,0,0,0,0,0,375,11.621900826446282,2.6889979338842975
451,PT03M44.00S,2021-05-16 18:37:12.600000+00:00,3,REGULAR,steal,,,1627761,,,1610612761,72,85,2021-05-16T18:37:17Z,4440000,,,0,,D. Bembry STEAL (3 STL),1627761,1610612761.0,TOR,,,,,,,,,Bembry,D. Bembry,,,,,,,,,,,,,,,,,,,,22001079,,5205.9,7382.0,224.0,13,720,1936.0,0,0,0,0,0,0,0,0,0,23,5,19,0,34,1.0,0,0,0,0,0,0,0,0,376,11.652892561983471,2.6889979338842975
452,PT03M37.00S,2021-05-16 18:37:21.800000+00:00,3,REGULAR,stoppage,out-of-bounds,,0,,,1610612761,72,85,2021-05-16T18:37:21Z,4450000,,,0,,,,,,,,,,,,,,,,,,,,,,,,,,,,,,,,,,,22001079,,5215.1,7382.0,217.0,13,720,1943.0,0,0,0,0,0,0,0,0,0,23,5,19,0,34,1.0,0,0,0,0,0,0,0,0,377,11.64179104477612,2.6840452907874424
453,PT03M37.00S,2021-05-16 18:37:23.300000+00:00,3,REGULAR,substitution,out,,203926,,,1610612761,72,85,2021-05-16T18:37:29Z,4460000,,,0,,SUB out: D. McDermott,203926,1610612754.0,IND,,,,,,,,,McDermott,D. McDermott,,,,,,,,,,,,,,,,,,,,22001079,,5216.6,7382.0,217.0,13,720,1943.0,0,0,0,0,0,0,0,0,0,23,5,19,0,34,1.0,0,0,0,0,0,0,0,0,378,11.672671127123007,2.6848172928461143
454,PT03M37.00S,2021-05-16 18:37:23.300000+00:00,3,REGULAR,substitution,in,,1629103,,,1610612761,72,85,2021-05-16T18:37:29Z,4470000,,,0,,SUB in: K. Martin,1629103,1610612754.0,IND,,,,,,,,,Martin,K. Martin,,,,,,,,,,,,,,,,,,,,22001079,,5216.6,7382.0,217.0,13,720,1943.0,0,0,0,0,0,0,0,0,0,23,5,19,0,34,1.0,0,0,0,0,0,0,0,0,379,11.703551209469891,2.6848172928461143
455,PT03M23.00S,2021-05-16 18:37:56.200000+00:00,3,REGULAR,3pt,Jump Shot,fromturnover,1626169,11.9086727989488,3.74540441176471,1610612761,72,85,2021-05-16T18:38:08Z,4480000,231.0,59.0,1,left,MISS S. Johnson 3PT,1626169,1610612761.0,TOR,,,,,,,,,Johnson,S. Johnson,,,,,Missed,,23.88,,,,,,,,,,,,,22001079,,5249.5,7382.0,203.0,13,720,1957.0,0,0,0,0,0,0,0,0,0,23,5,19,0,34,0.0,0,0,0,0,0,0,0,0,380,11.650485436893204,2.6824220746039855
456,PT03M19.00S,2021-05-16 18:38:00.300000+00:00,3,REGULAR,rebound,offensive,,203920,,,1610612761,72,85,2021-05-16T18:38:00Z,4490000,,,0,,K. Birch REBOUND (Off:3 Def:6),203920,1610612761.0,TOR,,,,,,,,,Birch,K. Birch,,,,,,,,,,,455.0,9.0,6.0,3.0,,,,,,22001079,,5253.6,7382.0,199.0,13,720,1961.0,0,0,0,0,0,0,0,0,0,23,5,19,0,34,0.0,0,0,0,0,0,0,0,0,381,11.657317695053544,2.6790413054564
457,PT03M16.00S,2021-05-16 18:38:03.200000+00:00,3,REGULAR,2pt,Layup,"pointsinthepaint, fromturnover, 2ndchance",1630201,7.17805519053876,45.4120710784314,1610612761,72,85,2021-05-16T18:38:11Z,4500000,23.0,15.0,1,left,MISS M. Flynn driving Layup,1630201,1610612761.0,TOR,driving,,,,,,,,Flynn,M. Flynn,,,,,Missed,,2.74,,,,,,,,,,,,,22001079,,5256.5,7382.0,196.0,13,720,1964.0,0,0,0,0,0,0,0,0,0,23,5,19,0,34,0.0,0,0,0,0,0,0,0,0,382,11.670061099796333,2.67642566191446
458,PT03M14.00S,2021-05-16 18:38:05.200000+00:00,3,REGULAR,rebound,defensive,,1627734,,,1610612754,72,85,2021-05-16T18:38:11Z,4510000,,,0,,D. Sabonis REBOUND (Off:2 Def:12),1627734,1610612754.0,IND,,,,,,,,,Sabonis,D. Sabonis,,,,,,,,,,,457.0,14.0,12.0,2.0,,,,,,22001079,,5258.5,7382.0,194.0,13,720,1966.0,0,0,0,0,0,0,0,0,0,23,5,19,0,34,0.0,0,0,0,0,0,0,0,0,383,11.688708036622584,2.6747202441505595
459,PT03M07.00S,2021-05-16 18:38:12.400000+00:00,3,REGULAR,3pt,Jump Shot,,1629103,78.9257555847569,93.6963848039216,1610612754,72,85,2021-05-16T18:38:16Z,4520000,218.0,146.0,1,right,MISS K. Martin 26' 3PT,1629103,1610612754.0,IND,,,,,,,,,Martin,K. Martin,,,,,Missed,,26.26,,,,,,,,,,,,,22001079,,5265.7,7382.0,187.0,13,720,1973.0,0,0,0,0,0,0,0,0,0,23,5,19,0,34,0.0,0,0,0,0,0,0,0,0,384,11.677648251393817,2.6688798783578305
460,PT03M04.00S,2021-05-16 18:38:15.400000+00:00,3,REGULAR,rebound,defensive,,203920,,,1610612761,72,85,2021-05-16T18:38:16Z,4530000,,,0,,K. Birch REBOUND (Off:3 Def:7),203920,1610612761.0,TOR,,,,,,,,,Birch,K. Birch,,,,,,,,,,,459.0,10.0,7.0,3.0,,,,,,22001079,,5268.7,7382.0,184.0,13,720,1976.0,0,0,0,0,0,0,0,0,0,23,5,19,0,34,0.0,0,0,0,0,0,0,0,0,385,11.690283400809717,2.666346153846154
461,PT02M52.00S,2021-05-16 18:38:26.700000+00:00,3,REGULAR,2pt,Hook,pointsinthepaint,203382,10.8574244415243,50.0689338235294,1610612761,72,85,2021-05-16T18:38:31Z,4540000,0.0,50.0,1,left,MISS A. Baynes Hook,203382,1610612761.0,TOR,,,,,,,,,Baynes,A. Baynes,,,,,Missed,,4.96,,,,,,,,,,,,,22001079,,5280.0,7382.0,172.0,13,720,1988.0,0,0,0,0,0,0,0,0,0,23,5,19,0,34,0.0,0,0,0,0,0,0,0,0,386,11.64989939637827,2.6559356136820926
462,PT02M51.00S,2021-05-16 18:38:29.600000+00:00,3,REGULAR,rebound,offensive,,203382,,,1610612761,72,85,2021-05-16T18:38:29Z,4550000,,,0,,A. Baynes REBOUND (Off:2 Def:6),203382,1610612761.0,TOR,,,,,,,,,Baynes,A. Baynes,,,,,,,,,,,461.0,8.0,6.0,2.0,,,,,,22001079,,5282.9,7382.0,171.0,13,720,1989.0,0,0,0,0,0,0,0,0,0,23,5,19,0,34,0.0,0,0,0,0,0,0,0,0,387,11.674208144796381,2.656058320764203
463,PT02M51.00S,2021-05-16 18:38:29.600000+00:00,3,REGULAR,2pt,Layup,"pointsinthepaint, 2ndchance",203382,5.59000015258789,50.0,1610612761,74,85,2021-05-16T18:38:29Z,4560000,0.0,0.0,1,left,A. Baynes tip Layup (14 PTS),203382,1610612761.0,TOR,tip,,,,,,,,Baynes,A. Baynes,,,,,Made,14.0,0.0,,,,,,,,,,,,,22001079,,5282.9,7382.0,171.0,11,720,1989.0,0,0,0,0,0,0,0,0,0,23,5,19,0,34,0.0,0,0,0,0,0,0,0,0,388,11.704374057315235,2.656058320764203
464,PT02M51.00S,2021-05-16 18:38:38.300000+00:00,3,REGULAR,timeout,full,"team, mandatory",0,,,1610612754,74,85,2021-05-16T18:38:38Z,4570000,,,0,,IND Timeout,,1610612754.0,IND,,,,,,,,,,,,,,,,,,,,,,,,,,,,,,22001079,,5291.6,7382.0,171.0,11,720,1989.0,0,0,0,0,0,1,0,0,0,23,6,19,0,34,0.0,0,0,0,0,0,0,0,0,389,11.734539969834088,2.660432378079437
465,PT02M51.00S,2021-05-16 18:38:39.300000+00:00,3,REGULAR,substitution,out,,1626169,,,1610612754,74,85,2021-05-16T18:41:12Z,4580000,,,0,,SUB out: S. Johnson,1626169,1610612761.0,TOR,,,,,,,,,Johnson,S. Johnson,,,,,,,,,,,,,,,,,,,,22001079,,5292.6,7382.0,171.0,11,720,1989.0,0,0,0,0,0,0,0,0,0,23,6,19,0,34,0.0,0,0,0,0,0,0,0,0,390,11.764705882352942,2.660935143288085
466,PT02M51.00S,2021-05-16 18:38:39.300000+00:00,3,REGULAR,substitution,in,,1630273,,,1610612754,74,85,2021-05-16T18:41:12Z,4590000,,,0,,SUB in: F. Gillespie,1630273,1610612761.0,TOR,,,,,,,,,Gillespie,F. Gillespie,,,,,,,,,,,,,,,,,,,,22001079,,5292.6,7382.0,171.0,11,720,1989.0,0,0,0,0,0,0,0,0,0,23,6,19,0,34,0.0,0,0,0,0,0,0,0,0,391,11.794871794871796,2.660935143288085
467,PT02M41.00S,2021-05-16 18:41:43.600000+00:00,3,REGULAR,foul,personal,"inpenalty, 3freethrow",203382,,,1610612754,74,85,2021-05-16T18:41:51Z,4600000,,,0,,A. Baynes shooting personal FOUL (2 PF) (Holiday 3 FT),"203382, 203200",1610612761.0,TOR,shooting,,,,,,1628172.0,,Baynes,A. Baynes,2.0,0.0,Holiday,203200.0,,,,,,,,,,,,,,,,22001079,,5476.9,7382.0,161.0,11,720,1999.0,0,0,0,0,1,0,0,0,0,24,6,19,0,34,1.0,0,0,0,0,0,0,0,0,392,11.765882941470734,2.7398199099549774
469,PT02M41.00S,2021-05-16 18:42:12.900000+00:00,3,REGULAR,freethrow,1 of 3,,203200,,,1610612754,74,86,2021-05-16T18:42:12Z,4620000,,,0,,J. Holiday Free Throw 1 of 3 (6 PTS),203200,1610612754.0,IND,,,,,,,,,Holiday,J. Holiday,,,,,Made,6.0,,,,,,,,,,,,,,22001079,,5506.2,7382.0,161.0,12,720,1999.0,0,0,0,0,0,0,0,0,1,24,6,19,0,35,1.0,0,0,0,0,0,0,0,0,393,11.795897948974487,2.7544772386193097
470,PT02M41.00S,2021-05-16 18:42:27.800000+00:00,3,REGULAR,freethrow,2 of 3,,203200,,,1610612754,74,86,2021-05-16T18:42:27Z,4630000,,,0,,MISS J. Holiday Free Throw 2 of 3,203200,1610612754.0,IND,,,,,,,,,Holiday,J. Holiday,,,,,Missed,,,,,,,,,,,,,,,22001079,,5521.1,7382.0,161.0,12,720,1999.0,0,0,0,0,0,0,0,0,1,24,6,19,0,36,1.0,0,0,0,0,0,0,0,0,394,11.825912956478238,2.7619309654827418
471,PT02M41.00S,2021-05-16 18:42:27.800000+00:00,3,REGULAR,rebound,offensive,"deadball, team",0,,,1610612754,74,86,2021-05-16T18:42:27Z,4640000,,,0,,TEAM offensive REBOUND,,1610612754.0,IND,,,,,,,,,,,,,,,,,,,,,470.0,,,,,,,,,22001079,,5521.1,7382.0,161.0,12,720,1999.0,0,0,0,0,0,0,0,0,0,24,6,19,0,36,1.0,0,0,0,0,0,0,0,0,395,11.85592796398199,2.7619309654827418
472,PT02M41.00S,2021-05-16 18:42:45.800000+00:00,3,REGULAR,freethrow,3 of 3,,203200,,,1610612754,74,87,2021-05-16T18:42:45Z,4650000,,,0,,J. Holiday Free Throw 3 of 3 (7 PTS),203200,1610612754.0,IND,,,,,,,,,Holiday,J. Holiday,,,,,Made,7.0,,,,,,,,,,,,,,22001079,,5539.1,7382.0,161.0,13,720,1999.0,0,0,0,0,0,0,0,0,1,24,6,19,0,37,1.0,0,0,0,0,0,0,0,0,396,11.885942971485742,2.770935467733867
473,PT02M20.00S,2021-05-16 18:43:08.100000+00:00,3,REGULAR,3pt,Jump Shot,,1630201,28.4658344283837,74.3336397058823,1610612761,74,87,2021-05-16T18:43:14Z,4660000,-122.0,215.0,1,left,MISS M. Flynn 24' pullup 3PT,1630201,1610612761.0,TOR,pullup,,,,,,,,Flynn,M. Flynn,,,,,Missed,,24.71,,,,,,,,,,,,,22001079,,5561.4,7382.0,140.0,13,720,2020.0,0,0,0,0,0,0,0,0,0,24,6,19,0,37,1.0,0,0,0,0,0,0,0,0,397,11.792079207920793,2.753168316831683
474,PT02M18.00S,2021-05-16 18:43:10.100000+00:00,3,REGULAR,rebound,defensive,,204456,,,1610612754,74,87,2021-05-16T18:43:14Z,4670000,,,0,,T. McConnell REBOUND (Off:1 Def:4),204456,1610612754.0,IND,,,,,,,,,McConnell,T. McConnell,,,,,,,,,,,473.0,5.0,4.0,1.0,,,,,,22001079,,5563.4,7382.0,138.0,13,720,2022.0,0,0,0,0,0,0,0,0,0,24,6,19,0,37,1.0,0,0,0,0,0,0,0,0,398,11.810089020771512,2.7514342235410485
475,PT02M15.00S,2021-05-16 18:43:12.600000+00:00,3,REGULAR,2pt,Layup,"pointsinthepaint, fastbreak",1629052,92.1977660972405,53.7454044117647,1610612754,74,89,2021-05-16T18:43:24Z,4680000,19.0,21.0,1,right,O. Brissett running Layup (25 PTS) (T. McConnell 9 AST),"1629052, 204456",1610612754.0,IND,running,,,,,,,,Brissett,O. Brissett,,,,,Made,25.0,2.8,T. McConnell,204456.0,9.0,,,,,,,,,,22001079,,5565.9,7382.0,135.0,15,720,2025.0,0,0,0,0,0,0,0,0,0,24,6,19,0,37,1.0,0,0,0,0,0,0,0,0,399,11.822222222222223,2.7485925925925923
477,PT02M02.00S,2021-05-16 18:43:27.700000+00:00,3,REGULAR,foul,personal,2freethrow,203200,,,1610612761,74,89,2021-05-16T18:43:37Z,4700000,,,0,,J. Holiday shooting personal FOUL (1 PF) (Bembry 2 FT),"203200, 1627761",1610612754.0,IND,shooting,,,,,,1199.0,,Holiday,J. Holiday,1.0,0.0,Bembry,1627761.0,,,,,,,,,,,,,,,,22001079,,5581.0,7382.0,122.0,15,720,2038.0,0,0,0,0,1,0,0,0,0,25,6,19,0,37,2.0,0,0,0,0,0,0,0,0,400,11.776251226692835,2.7384690873405297
479,PT02M02.00S,2021-05-16 18:43:47.600000+00:00,3,REGULAR,freethrow,1 of 2,,1627761,,,1610612761,75,89,2021-05-16T18:43:47Z,4720000,,,0,,D. Bembry Free Throw 1 of 2 (13 PTS),1627761,1610612761.0,TOR,,,,,,,,,Bembry,D. Bembry,,,,,Made,13.0,,,,,,,,,,,,,,22001079,,5600.9,7382.0,122.0,14,720,2038.0,0,0,0,0,0,0,0,0,1,25,6,19,0,38,2.0,0,0,0,0,0,0,0,0,401,11.805691854759568,2.748233562315996
480,PT02M02.00S,2021-05-16 18:43:50+00:00,3,REGULAR,substitution,out,,203200,,,1610612761,75,89,2021-05-16T18:43:52Z,4730000,,,0,,SUB out: J. Holiday,203200,1610612754.0,IND,,,,,,,,,Holiday,J. Holiday,,,,,,,,,,,,,,,,,,,,22001079,,5603.3,7382.0,122.0,14,720,2038.0,0,0,0,0,0,0,0,0,0,25,6,19,0,38,2.0,0,0,0,0,0,0,0,0,402,11.8351324828263,2.7494111874386653
481,PT02M02.00S,2021-05-16 18:43:50+00:00,3,REGULAR,substitution,in,,203960,,,1610612761,75,89,2021-05-16T18:43:52Z,4740000,,,0,,SUB in: J. Sampson,203960,1610612754.0,IND,,,,,,,,,Sampson,J. Sampson,,,,,,,,,,,,,,,,,,,,22001079,,5603.3,7382.0,122.0,14,720,2038.0,0,0,0,0,0,0,0,0,0,25,6,19,0,38,2.0,0,0,0,0,0,0,0,0,403,11.864573110893032,2.7494111874386653
482,PT02M02.00S,2021-05-16 18:44:06.700000+00:00,3,REGULAR,freethrow,2 of 2,,1627761,,,1610612761,76,89,2021-05-16T18:44:06Z,4750000,,,0,,D. Bembry Free Throw 2 of 2 (14 PTS),1627761,1610612761.0,TOR,,,,,,,,,Bembry,D. Bembry,,,,,Made,14.0,,,,,,,,,,,,,,22001079,,5620.0,7382.0,122.0,13,720,2038.0,0,0,0,0,0,0,0,0,1,25,6,19,0,39,2.0,0,0,0,0,0,0,0,0,404,11.894013738959764,2.7576054955839058
483,PT01M50.00S,2021-05-16 18:44:20.200000+00:00,3,REGULAR,2pt,Jump Shot,,1629103,79.057161629435,23.5983455882353,1610612754,76,91,2021-05-16T18:44:25Z,4760000,-132.0,144.0,1,right,K. Martin 19' pullup Jump Shot (10 PTS),1629103,1610612754.0,IND,pullup,,,,,,,,Martin,K. Martin,,,,,Made,10.0,19.56,,,,,,,,,,,,,22001079,,5633.5,7382.0,110.0,15,720,2050.0,0,0,0,0,0,0,0,0,0,25,6,19,0,39,2.0,0,0,0,0,0,0,0,0,405,11.853658536585368,2.748048780487805
484,PT01M35.00S,2021-05-16 18:44:35.800000+00:00,3,REGULAR,turnover,lost ball,,203920,,,1610612761,76,91,2021-05-16T18:44:39Z,4770000,,,0,,K. Birch lost ball TURNOVER (1 TO),"203920, 204456",1610612761.0,TOR,,,,,,,,1.0,Birch,K. Birch,,,,,,,,,,,,,,,,,,McConnell,204456.0,22001079,,5649.1,7382.0,95.0,15,720,2065.0,0,0,0,0,0,0,1,0,0,25,6,20,0,39,2.0,0,0,0,0,0,0,0,0,406,11.796610169491526,2.7356416464891042
485,PT01M35.00S,2021-05-16 18:44:35.800000+00:00,3,REGULAR,steal,,,204456,,,1610612754,76,91,2021-05-16T18:44:37Z,4780000,,,0,,T. McConnell STEAL (2 STL),204456,1610612754.0,IND,,,,,,,,,McConnell,T. McConnell,,,,,,,,,,,,,,,,,,,,22001079,,5649.1,7382.0,95.0,15,720,2065.0,0,0,0,0,0,0,0,0,0,25,6,20,0,39,2.0,0,0,0,0,0,0,0,0,407,11.825665859564165,2.7356416464891042
486,PT01M26.00S,2021-05-16 18:44:45.300000+00:00,3,REGULAR,3pt,Jump Shot,fromturnover,1629052,94.8258869908016,5.21599264705882,1610612754,76,94,2021-05-16T18:44:51Z,4790000,-224.0,-4.0,1,right,O. Brissett 3PT pullup (28 PTS) (T. McConnell 10 AST),"1629052, 204456",1610612754.0,IND,pullup,,,,,,,,Brissett,O. Brissett,,,,,Made,28.0,22.39,T. McConnell,204456.0,10.0,,,,,,,,,,22001079,,5658.6,7382.0,86.0,18,720,2074.0,0,0,0,0,0,0,0,0,0,25,6,20,0,39,2.0,0,0,0,0,0,0,0,0,408,11.803278688524589,2.7283510125361623
488,PT01M09.00S,2021-05-16 18:45:01+00:00,3,REGULAR,3pt,Jump Shot,,1627761,19.661629434954,91.7356004901961,1610612761,79,94,2021-05-16T18:45:04Z,4810000,-209.0,132.0,1,left,D. Bembry 24' 3PT  (17 PTS) (M. Flynn 3 AST),"1627761, 1630201",1610612761.0,TOR,,,,,,,,,Bembry,D. Bembry,,,,,Made,17.0,24.71,M. Flynn,1630201.0,3.0,,,,,,,,,,22001079,,5674.3,7382.0,69.0,15,720,2091.0,0,0,0,0,0,0,0,0,0,25,6,20,0,39,2.0,0,0,0,0,0,0,0,0,409,11.736011477761837,2.7136776661884268
490,PT00M40.60S,2021-05-16 18:45:30.800000+00:00,3,REGULAR,2pt,Layup,pointsinthepaint,203960,92.5919842312746,61.343443627451,1610612754,79,94,2021-05-16T18:45:35Z,4830000,57.0,17.0,1,right,MISS J. Sampson driving Layup,203960,1610612754.0,IND,driving,,,,,,,,Sampson,J. Sampson,,,,,Missed,,5.92,,,,,,,,,,,,,22001079,,5704.1,7382.0,40.6,15,720,2119.4,0,0,0,0,0,0,0,0,0,25,6,20,0,39,2.0,0,0,0,0,0,0,0,0,410,11.607058601490987,2.6913749174294614
491,PT00M37.80S,2021-05-16 18:45:33.600000+00:00,3,REGULAR,rebound,defensive,,1630273,,,1610612761,79,94,2021-05-16T18:45:35Z,4840000,,,0,,F. Gillespie REBOUND (Off:3 Def:4),1630273,1610612761.0,TOR,,,,,,,,,Gillespie,F. Gillespie,,,,,,,,,,,490.0,7.0,4.0,3.0,,,,,,22001079,,5706.9,7382.0,37.8,15,720,2122.2,0,0,0,0,0,0,0,0,0,25,6,20,0,39,2.0,0,0,0,0,0,0,0,0,411,11.620016963528414,2.6891433418150976
492,PT00M35.50S,2021-05-16 18:45:36.600000+00:00,3,REGULAR,2pt,Layup,"pointsinthepaint, fastbreak",1630201,7.30946123521682,47.3728553921569,1610612761,81,94,2021-05-16T18:45:42Z,4850000,13.0,16.0,1,left,M. Flynn running Layup (20 PTS),1630201,1610612761.0,TOR,running,,,,,,,,Flynn,M. Flynn,,,,,Made,20.0,2.08,,,,,,,,,,,,,22001079,,5709.9,7382.0,35.5,13,720,2124.5,0,0,0,0,0,0,0,0,0,25,6,20,0,39,1.0,0,0,0,0,0,0,0,0,412,11.635678983290186,2.687644151565074
493,PT00M23.10S,2021-05-16 18:45:50.800000+00:00,3,REGULAR,3pt,Jump Shot,,1629103,73.4067017082786,13.0591299019608,1610612754,81,94,2021-05-16T18:45:57Z,4860000,-185.0,197.0,1,right,MISS K. Martin 27' 3PT,1629103,1610612754.0,IND,,,,,,,,,Martin,K. Martin,,,,,Missed,,27.04,,,,,,,,,,,,,22001079,,5724.1,7382.0,23.1,13,720,2136.9,0,0,0,0,0,0,0,0,0,25,6,20,0,39,1.0,0,0,0,0,0,0,0,0,413,11.596237540362207,2.6786934344143387
494,PT00M21.30S,2021-05-16 18:45:55.900000+00:00,3,REGULAR,rebound,defensive,team,0,,,1610612761,81,94,2021-05-16T18:45:55Z,4870000,,,0,,TEAM defensive REBOUND,,1610612761.0,TOR,,,,,,,,,,,,,,,,,,,,,493.0,,,,,,,,,22001079,,5729.2,7382.0,21.3,13,720,2138.7,0,0,0,0,0,0,0,0,0,25,6,20,0,39,1.0,0,0,0,0,0,0,0,0,414,11.61453219245336,2.6788235844204427
495,PT00M21.30S,2021-05-16 18:45:56.900000+00:00,3,REGULAR,foul,personal,,1629052,,,1610612761,81,94,2021-05-16T18:46:07Z,4880000,,,0,,O. Brissett loose ball personal FOUL (3 PF),"1629052, 203382",1610612754.0,IND,loose ball,,,,,,1174.0,,Brissett,O. Brissett,3.0,0.0,Baynes,203382.0,,,,,,,,,,,,,,,,22001079,,5730.2,7382.0,21.3,13,720,2138.7,0,0,0,0,1,0,0,0,0,26,6,20,0,39,2.0,0,0,0,0,0,0,0,0,415,11.642586618038997,2.6792911581802032
497,PT00M03.50S,2021-05-16 18:46:33.600000+00:00,3,REGULAR,2pt,Layup,pointsinthepaint,1627761,6.25821287779238,42.9610906862745,1610612761,83,94,2021-05-16T18:46:37Z,4900000,35.0,6.0,1,left,D. Bembry driving Layup (19 PTS),1627761,1610612761.0,TOR,driving,,,,,,,,Bembry,D. Bembry,,,,,Made,19.0,3.58,,,,,,,,,,,,,22001079,,5766.9,7382.0,3.5,11,720,2156.5,0,0,0,0,0,0,0,0,0,26,6,20,0,39,2.0,0,0,0,0,0,0,0,0,416,11.57431022490146,2.6741942963134706
498,PT00M00.00S,2021-05-16 18:46:39.900000+00:00,3,REGULAR,3pt,Jump Shot,,204456,78.9257555847569,93.9414828431373,1610612754,83,94,2021-05-16T18:46:44Z,4910000,220.0,146.0,1,right,MISS T. McConnell 26' pullup 3PT,204456,1610612754.0,IND,pullup,,,,,,,,McConnell,T. McConnell,,,,,Missed,,26.36,,,,,,,,,,,,,22001079,,5773.2,7382.0,0.0,11,720,2160.0,0,0,0,0,0,0,0,0,0,26,6,20,0,39,2.0,0,0,0,0,0,0,0,0,417,11.583333333333334,2.6727777777777777
499,PT00M00.00S,2021-05-16 18:46:39.900000+00:00,3,REGULAR,rebound,offensive,team,0,,,1610612754,83,94,2021-05-16T18:46:44Z,4920000,,,0,,TEAM offensive REBOUND,,1610612754.0,IND,,,,,,,,,,,,,,,,,,,,,498.0,,,,,,,,,22001079,,5773.2,7382.0,0.0,11,720,2160.0,0,0,0,0,0,0,0,0,0,26,6,20,0,39,2.0,0,0,0,0,0,0,0,0,418,11.61111111111111,2.6727777777777777
500,PT00M00.00S,2021-05-16 18:46:42.700000+00:00,3,REGULAR,period,end,,0,,,1610612754,83,94,2021-05-16T18:46:42Z,4930000,,,0,,Period End,,,,,,,,,,,,,,,,,,,,,,,,,,,,,,,,,22001079,,5776.0,7382.0,0.0,11,720,2160.0,0,0,0,0,0,0,0,0,0,26,6,20,0,39,2.0,0,0,0,0,0,0,0,0,419,11.63888888888889,2.674074074074074
501,PT12M00.00S,2021-05-16 18:46:47.700000+00:00,4,REGULAR,substitution,out,startperiod,1627761,,,1610612754,83,94,2021-05-16T18:49:23Z,4940000,,,0,,SUB out: D. Bembry,1627761,1610612761.0,TOR,,,,,,,,,Bembry,D. Bembry,,,,,,,,,,,,,,,,,,,,22001079,,5781.0,7382.0,720.0,11,720,2160.0,0,0,0,0,0,0,0,0,0,26,6,20,0,39,1.0,0,0,0,0,0,0,0,0,420,11.666666666666666,2.676388888888889
502,PT12M00.00S,2021-05-16 18:46:47.700000+00:00,4,REGULAR,substitution,out,startperiod,1627734,,,1610612754,83,94,2021-05-16T18:49:23Z,4950000,,,0,,SUB out: D. Sabonis,1627734,1610612754.0,IND,,,,,,,,,Sabonis,D. Sabonis,,,,,,,,,,,,,,,,,,,,22001079,,5781.0,7382.0,720.0,11,720,2160.0,0,0,0,0,0,0,0,0,0,26,6,20,0,39,1.0,0,0,0,0,0,0,0,0,421,11.694444444444445,2.676388888888889
503,PT12M00.00S,2021-05-16 18:46:47.700000+00:00,4,REGULAR,substitution,out,startperiod,1629052,,,1610612754,83,94,2021-05-16T18:49:23Z,4960000,,,0,,SUB out: O. Brissett,1629052,1610612754.0,IND,,,,,,,,,Brissett,O. Brissett,,,,,,,,,,,,,,,,,,,,22001079,,5781.0,7382.0,720.0,11,720,2160.0,0,0,0,0,0,0,0,0,0,26,6,20,0,39,1.0,0,0,0,0,0,0,0,0,422,11.722222222222221,2.676388888888889
504,PT12M00.00S,2021-05-16 18:46:47.700000+00:00,4,REGULAR,substitution,in,startperiod,1626169,,,1610612754,83,94,2021-05-16T18:49:23Z,4970000,,,0,,SUB in: S. Johnson,1626169,1610612761.0,TOR,,,,,,,,,Johnson,S. Johnson,,,,,,,,,,,,,,,,,,,,22001079,,5781.0,7382.0,720.0,11,720,2160.0,0,0,0,0,0,0,0,0,0,26,6,20,0,39,1.0,0,0,0,0,0,0,0,0,423,11.75,2.676388888888889
505,PT12M00.00S,2021-05-16 18:46:47.700000+00:00,4,REGULAR,substitution,in,startperiod,203926,,,1610612754,83,94,2021-05-16T18:49:23Z,4980000,,,0,,SUB in: D. McDermott,203926,1610612754.0,IND,,,,,,,,,McDermott,D. McDermott,,,,,,,,,,,,,,,,,,,,22001079,,5781.0,7382.0,720.0,11,720,2160.0,0,0,0,0,0,0,0,0,0,26,6,20,0,39,1.0,0,0,0,0,0,0,0,0,424,11.777777777777779,2.676388888888889
506,PT12M00.00S,2021-05-16 18:46:47.700000+00:00,4,REGULAR,substitution,in,startperiod,1629048,,,1610612754,83,94,2021-05-16T18:49:23Z,4990000,,,0,,SUB in: G. Bitadze,1629048,1610612754.0,IND,,,,,,,,,Bitadze,G. Bitadze,,,,,,,,,,,,,,,,,,,,22001079,,5781.0,7382.0,720.0,11,720,2160.0,0,0,0,0,0,0,0,0,0,26,6,20,0,39,1.0,0,0,0,0,0,0,0,0,425,11.805555555555555,2.676388888888889
507,PT12M00.00S,2021-05-16 18:49:27.800000+00:00,4,REGULAR,period,start,,0,,,1610612754,83,94,2021-05-16T18:49:27Z,5000000,,,0,,Period Start,,,,,,,,,,,,,,,,,,,,,,,,,,,,,,,,,22001079,,5941.1,7382.0,720.0,11,720,2160.0,0,0,0,0,0,0,0,0,0,26,6,20,0,39,1.0,0,0,0,0,0,0,0,0,426,11.833333333333334,2.7505092592592595
508,PT11M49.00S,2021-05-16 18:49:38.200000+00:00,4,REGULAR,2pt,Layup,pointsinthepaint,204456,91.146517739816,57.421875,1610612754,83,96,2021-05-16T18:49:43Z,5010000,37.0,31.0,1,right,T. McConnell driving Layup (10 PTS),204456,1610612754.0,IND,driving,,,,,,,,McConnell,T. McConnell,,,,,Made,10.0,4.82,,,,,,,,,,,,,22001079,,5951.5,7382.0,709.0,13,720,2171.0,0,0,0,0,0,0,0,0,0,26,6,20,0,39,1.0,0,0,0,0,0,0,0,0,427,11.801013357899587,2.7413634269921694
509,PT11M30.00S,2021-05-16 18:49:56.700000+00:00,4,REGULAR,3pt,Jump Shot,,1630201,13.0913272010512,94.921875,1610612761,83,96,2021-05-16T18:50:01Z,5020000,-225.0,71.0,1,left,MISS M. Flynn 3PT,1630201,1610612761.0,TOR,,,,,,,,,Flynn,M. Flynn,,,,,Missed,,23.54,,,,,,,,,,,,,22001079,,5970.0,7382.0,690.0,13,720,2190.0,0,0,0,0,0,0,0,0,0,26,6,20,0,39,1.0,0,0,0,0,0,0,0,0,428,11.726027397260275,2.7260273972602738
510,PT11M27.00S,2021-05-16 18:49:59.700000+00:00,4,REGULAR,rebound,defensive,,1629103,,,1610612754,83,96,2021-05-16T18:50:01Z,5030000,,,0,,K. Martin REBOUND (Off:0 Def:3),1629103,1610612754.0,IND,,,,,,,,,Martin,K. Martin,,,,,,,,,,,509.0,3.0,3.0,0.0,,,,,,22001079,,5973.0,7382.0,687.0,13,720,2193.0,0,0,0,0,0,0,0,0,0,26,6,20,0,39,1.0,0,0,0,0,0,0,0,0,429,11.737346101231191,2.7236662106703147
511,PT11M21.00S,2021-05-16 18:50:05.600000+00:00,4,REGULAR,3pt,Jump Shot,,1629048,68.9388961892247,32.6669730392157,1610612754,83,96,2021-05-16T18:50:10Z,5040000,-87.0,239.0,1,right,MISS G. Bitadze 25' 3PT,1629048,1610612754.0,IND,,,,,,,,,Bitadze,G. Bitadze,,,,,Missed,,25.47,,,,,,,,,,,,,22001079,,5978.9,7382.0,681.0,13,720,2199.0,0,0,0,0,0,0,0,0,0,26,6,20,0,39,1.0,0,0,0,0,0,0,0,0,430,11.732605729877218,2.7189176898590266
512,PT11M18.00S,2021-05-16 18:50:08.600000+00:00,4,REGULAR,rebound,defensive,,203382,,,1610612761,83,96,2021-05-16T18:50:10Z,5050000,,,0,,A. Baynes REBOUND (Off:2 Def:7),203382,1610612761.0,TOR,,,,,,,,,Baynes,A. Baynes,,,,,,,,,,,511.0,9.0,7.0,2.0,,,,,,22001079,,5981.9,7382.0,678.0,13,720,2202.0,0,0,0,0,0,0,0,0,0,26,6,20,0,39,1.0,0,0,0,0,0,0,0,0,431,11.743869209809263,2.7165758401453224
513,PT10M57.00S,2021-05-16 18:50:29.600000+00:00,4,REGULAR,2pt,Hook,pointsinthepaint,203382,8.2293035479632,42.4708946078431,1610612761,83,96,2021-05-16T18:50:34Z,5060000,38.0,25.0,1,left,MISS A. Baynes driving Hook,203382,1610612761.0,TOR,driving,,,,,,,,Baynes,A. Baynes,,,,,Missed,,4.51,,,,,,,,,,,,,22001079,,6002.9,7382.0,657.0,13,720,2223.0,0,0,0,0,0,0,0,0,0,26,6,20,0,39,1.0,0,0,0,0,0,0,0,0,432,11.659919028340083,2.7003598740440844
514,PT10M54.00S,2021-05-16 18:50:32.600000+00:00,4,REGULAR,rebound,offensive,,1630273,,,1610612761,83,96,2021-05-16T18:50:34Z,5070000,,,0,,F. Gillespie REBOUND (Off:4 Def:4),1630273,1610612761.0,TOR,,,,,,,,,Gillespie,F. Gillespie,,,,,,,,,,,513.0,8.0,4.0,4.0,,,,,,22001079,,6005.9,7382.0,654.0,13,720,2226.0,0,0,0,0,0,0,0,0,0,26,6,20,0,39,1.0,0,0,0,0,0,0,0,0,433,11.671159029649596,2.6980682839173404
515,PT10M54.00S,2021-05-16 18:50:32.900000+00:00,4,REGULAR,2pt,Layup,"pointsinthepaint, 2ndchance",1630273,5.59000015258789,50.0,1610612761,83,96,2021-05-16T18:50:32Z,5080000,0.0,0.0,1,left,MISS F. Gillespie tip Layup,1630273,1610612761.0,TOR,tip,,,,,,,,Gillespie,F. Gillespie,,,,,Missed,,0.0,,,,,,,,,,,,,22001079,,6006.2,7382.0,654.0,13,720,2226.0,0,0,0,0,0,0,0,0,0,26,6,20,0,39,1.0,0,0,0,0,0,0,0,0,434,11.69811320754717,2.6982030548068283
516,PT10M53.00S,2021-05-16 18:50:34.200000+00:00,4,REGULAR,rebound,defensive,,1629048,,,1610612754,83,96,2021-05-16T18:50:34Z,5090000,,,0,,G. Bitadze REBOUND (Off:2 Def:1),1629048,1610612754.0,IND,,,,,,,,,Bitadze,G. Bitadze,,,,,,,,,,,515.0,3.0,1.0,2.0,,,,,,22001079,,6007.5,7382.0,653.0,13,720,2227.0,0,0,0,0,0,0,0,0,0,26,6,20,0,39,0.0,0,0,0,0,0,0,0,0,435,11.719802424786709,2.6975752132914232
517,PT10M51.00S,2021-05-16 18:50:35.700000+00:00,4,REGULAR,3pt,Jump Shot,fastbreak,1629103,81.8166885676741,93.9414828431373,1610612754,83,99,2021-05-16T18:50:41Z,5100000,220.0,118.0,1,right,K. Martin 24' 3PT  (13 PTS) (T. McConnell 11 AST),"1629103, 204456",1610612754.0,IND,,,,,,,,,Martin,K. Martin,,,,,Made,13.0,24.96,T. McConnell,204456.0,11.0,,,,,,,,,,22001079,,6009.0,7382.0,651.0,16,720,2229.0,0,0,0,0,0,0,0,0,0,26,6,20,0,39,0.0,0,0,0,0,0,0,0,0,436,11.736204576043068,2.695827725437416
519,PT10M41.00S,2021-05-16 18:50:46+00:00,4,REGULAR,2pt,Layup,pointsinthepaint,1626169,5.99540078843627,56.1963848039216,1610612761,85,99,2021-05-16T18:50:59Z,5120000,-31.0,4.0,1,left,S. Johnson driving reverse Layup (13 PTS),1626169,1610612761.0,TOR,driving reverse,,,,,,,,Johnson,S. Johnson,,,,,Made,13.0,3.12,,,,,,,,,,,,,22001079,,6019.3,7382.0,641.0,14,720,2239.0,0,0,0,0,0,0,0,0,0,26,6,20,0,39,0.0,0,0,0,0,0,0,0,0,437,11.71058508262617,2.688387673068334
520,PT10M20.00S,2021-05-16 18:51:06.200000+00:00,4,REGULAR,turnover,lost ball,,1629103,,,1610612754,85,99,2021-05-16T18:51:09Z,5130000,,,0,,K. Martin lost ball TURNOVER (1 TO),"1629103, 1630201",1610612754.0,IND,,,,,,,,1.0,Martin,K. Martin,,,,,,,,,,,,,,,,,,Flynn,1630201.0,22001079,,6039.5,7382.0,620.0,14,720,2260.0,0,0,0,0,0,0,1,0,0,26,6,21,0,39,0.0,0,0,0,0,0,0,0,0,438,11.628318584070797,2.672345132743363
521,PT10M20.00S,2021-05-16 18:51:06.200000+00:00,4,REGULAR,steal,,,1630201,,,1610612761,85,99,2021-05-16T18:51:08Z,5140000,,,0,,M. Flynn STEAL (2 STL),1630201,1610612761.0,TOR,,,,,,,,,Flynn,M. Flynn,,,,,,,,,,,,,,,,,,,,22001079,,6039.5,7382.0,620.0,14,720,2260.0,0,0,0,0,0,0,0,0,0,26,6,21,0,39,0.0,0,0,0,0,0,0,0,0,439,11.65486725663717,2.672345132743363
522,PT10M15.00S,2021-05-16 18:51:12.300000+00:00,4,REGULAR,2pt,Layup,"pointsinthepaint, fromturnover, fastbreak",203920,9.14914586070959,50.0689338235294,1610612761,87,99,2021-05-16T18:51:20Z,5150000,0.0,34.0,1,left,K. Birch cutting finger roll Layup (14 PTS) (M. Flynn 4 AST),"203920, 1630201",1610612761.0,TOR,cutting finger roll,,,,,,,,Birch,K. Birch,,,,,Made,14.0,3.35,M. Flynn,1630201.0,4.0,,,,,,,,,,22001079,,6045.6,7382.0,615.0,12,720,2265.0,0,0,0,0,0,0,0,0,0,26,6,21,0,39,0.0,0,0,0,0,0,0,0,0,440,11.655629139072847,2.6691390728476825
524,PT10M01.00S,2021-05-16 18:51:26.900000+00:00,4,REGULAR,stoppage,out-of-bounds,,0,,,1610612754,87,99,2021-05-16T18:51:26Z,5170000,,,0,,,,,,,,,,,,,,,,,,,,,,,,,,,,,,,,,,,22001079,,6060.2,7382.0,601.0,12,720,2279.0,0,0,0,0,0,0,0,0,0,26,6,21,0,39,0.0,0,0,0,0,0,0,0,0,441,11.61035541904344,2.659148749451514
525,PT09M59.00S,2021-05-16 18:51:44.700000+00:00,4,REGULAR,2pt,Layup,pointsinthepaint,203926,92.3291721419185,60.1179534313725,1610612754,87,101,2021-05-16T18:51:49Z,5180000,51.0,20.0,1,right,D. McDermott cutting Layup (15 PTS) (T. McConnell 12 AST),"203926, 204456",1610612754.0,IND,cutting,,,,,,,,McDermott,D. McDermott,,,,,Made,15.0,5.43,T. McConnell,204456.0,12.0,,,,,,,,,,22001079,,6078.0,7382.0,599.0,14,720,2281.0,0,0,0,0,0,0,0,0,0,26,6,21,0,39,0.0,0,0,0,0,0,0,0,0,442,11.626479614204296,2.6646207803594915
527,PT09M41.00S,2021-05-16 18:52:05.200000+00:00,4,REGULAR,foul,personal,2freethrow,1629048,,,1610612761,87,101,2021-05-16T18:52:15Z,5200000,,,0,,G. Bitadze shooting personal FOUL (2 PF) (Johnson 2 FT),"1629048, 1626169",1610612754.0,IND,shooting,,,,,,1199.0,,Bitadze,G. Bitadze,2.0,0.0,Johnson,1626169.0,,,,,,,,,,,,,,,,22001079,,6098.5,7382.0,581.0,14,720,2299.0,0,0,0,0,1,0,0,0,0,27,6,21,0,39,1.0,0,0,0,0,0,0,0,0,443,11.561548499347541,2.6526750761200524
529,PT09M41.00S,2021-05-16 18:52:28.200000+00:00,4,REGULAR,freethrow,1 of 2,,1626169,,,1610612761,87,101,2021-05-16T18:52:28Z,5220000,,,0,,MISS S. Johnson Free Throw 1 of 2,1626169,1610612761.0,TOR,,,,,,,,,Johnson,S. Johnson,,,,,Missed,,,,,,,,,,,,,,,22001079,,6121.5,7382.0,581.0,14,720,2299.0,0,0,0,0,0,0,0,0,1,27,6,21,0,40,1.0,0,0,0,0,0,0,0,0,444,11.587646802957806,2.6626794258373208
530,PT09M41.00S,2021-05-16 18:52:28.200000+00:00,4,REGULAR,rebound,offensive,"deadball, team",0,,,1610612761,87,101,2021-05-16T18:52:28Z,5230000,,,0,,TEAM offensive REBOUND,,1610612761.0,TOR,,,,,,,,,,,,,,,,,,,,,529.0,,,,,,,,,22001079,,6121.5,7382.0,581.0,14,720,2299.0,0,0,0,0,0,0,0,0,0,27,6,21,0,40,1.0,0,0,0,0,0,0,0,0,445,11.613745106568071,2.6626794258373208
531,PT09M41.00S,2021-05-16 18:52:41.100000+00:00,4,REGULAR,freethrow,2 of 2,,1626169,,,1610612761,88,101,2021-05-16T18:52:41Z,5240000,,,0,,S. Johnson Free Throw 2 of 2 (14 PTS),1626169,1610612761.0,TOR,,,,,,,,,Johnson,S. Johnson,,,,,Made,14.0,,,,,,,,,,,,,,22001079,,6134.4,7382.0,581.0,13,720,2299.0,0,0,0,0,0,0,0,0,1,27,6,21,0,41,1.0,0,0,0,0,0,0,0,0,446,11.639843410178337,2.6682905611135275
532,PT09M28.00S,2021-05-16 18:52:56.800000+00:00,4,REGULAR,turnover,out-of-bounds,,203960,,,1610612754,88,101,2021-05-16T18:53:03Z,5250000,,,0,,J. Sampson bad pass out-of-bounds TURNOVER (1 TO),203960,1610612754.0,IND,bad pass,,,,,,1628172.0,1.0,Sampson,J. Sampson,,,,,,,,,,,,,,,,,,,,22001079,,6150.1,7382.0,568.0,13,720,2312.0,0,0,0,0,0,0,1,0,0,27,6,22,0,41,1.0,0,0,0,0,0,0,0,0,447,11.600346020761247,2.66007785467128
533,PT09M28.00S,2021-05-16 18:53:00+00:00,4,REGULAR,stoppage,out-of-bounds,,0,,,1610612761,88,101,2021-05-16T18:53:00Z,5260000,,,0,,,,,,,,,,,,,,,,,,,,,,,,,,,,,,,,,,,22001079,,6153.3,7382.0,568.0,13,720,2312.0,0,0,0,0,0,0,0,0,0,27,6,22,0,41,1.0,0,0,0,0,0,0,0,0,448,11.626297577854672,2.661461937716263
534,PT09M11.00S,2021-05-16 18:53:20.900000+00:00,4,REGULAR,2pt,Layup,"pointsinthepaint, fromturnover",1630201,7.44086727989488,42.7159926470588,1610612761,88,101,2021-05-16T18:53:25Z,5270000,36.0,17.0,1,left,MISS M. Flynn driving Layup,1630201,1610612761.0,TOR,driving,,,,,,,,Flynn,M. Flynn,,,,,Missed,,4.03,,,,,,,,,,,,,22001079,,6174.2,7382.0,551.0,13,720,2329.0,0,0,0,0,0,0,0,0,0,27,6,22,0,41,1.0,0,0,0,0,0,0,0,0,449,11.567196221554314,2.6510090167453844
535,PT09M11.00S,2021-05-16 18:53:20.900000+00:00,4,REGULAR,rebound,offensive,,1630273,,,1610612761,88,101,2021-05-16T18:53:25Z,5280000,,,0,,F. Gillespie REBOUND (Off:5 Def:4),1630273,1610612761.0,TOR,,,,,,,,,Gillespie,F. Gillespie,,,,,,,,,,,534.0,9.0,4.0,5.0,,,,,,22001079,,6174.2,7382.0,551.0,13,720,2329.0,0,0,0,0,0,0,0,0,0,27,6,22,0,41,1.0,0,0,0,0,0,0,0,0,450,11.5929583512237,2.6510090167453844
536,PT09M11.00S,2021-05-16 18:53:24.700000+00:00,4,REGULAR,foul,personal,2freethrow,203926,,,1610612761,88,101,2021-05-16T18:53:30Z,5290000,,,0,,D. McDermott shooting personal FOUL (4 PF) (Gillespie 2 FT),"203926, 1630273",1610612754.0,IND,shooting,,,,,,1628172.0,,McDermott,D. McDermott,4.0,0.0,Gillespie,1630273.0,,,,,,,,,,,,,,,,22001079,,6178.0,7382.0,551.0,13,720,2329.0,0,0,0,0,1,0,0,0,0,28,6,22,0,41,2.0,0,0,0,0,0,0,0,0,451,11.618720480893087,2.652640618291112
538,PT09M11.00S,2021-05-16 18:53:43.200000+00:00,4,REGULAR,freethrow,1 of 2,"fromturnover, 2ndchance",1630273,,,1610612761,88,101,2021-05-16T18:53:43Z,5310000,,,0,,MISS F. Gillespie Free Throw 1 of 2,1630273,1610612761.0,TOR,,,,,,,,,Gillespie,F. Gillespie,,,,,Missed,,,,,,,,,,,,,,,22001079,,6196.5,7382.0,551.0,13,720,2329.0,0,0,0,0,0,0,0,0,1,28,6,22,0,42,2.0,0,0,0,0,0,0,0,0,452,11.644482610562472,2.6605839416058394
539,PT09M11.00S,2021-05-16 18:53:43.200000+00:00,4,REGULAR,rebound,offensive,"deadball, team",0,,,1610612761,88,101,2021-05-16T18:53:43Z,5320000,,,0,,TEAM offensive REBOUND,,1610612761.0,TOR,,,,,,,,,,,,,,,,,,,,,538.0,,,,,,,,,22001079,,6196.5,7382.0,551.0,13,720,2329.0,0,0,0,0,0,0,0,0,0,28,6,22,0,42,2.0,0,0,0,0,0,0,0,0,453,11.670244740231858,2.6605839416058394
540,PT09M11.00S,2021-05-16 18:53:43.200000+00:00,4,REGULAR,freethrow,2 of 2,"fromturnover, 2ndchance",1630273,,,1610612761,88,101,2021-05-16T18:54:03Z,5330000,,,0,,MISS F. Gillespie Free Throw 2 of 2,1630273,1610612761.0,TOR,,,,,,,,,Gillespie,F. Gillespie,,,,,Missed,,,,,,,,,,,,,,,22001079,,6196.5,7382.0,551.0,13,720,2329.0,0,0,0,0,0,0,0,0,1,28,6,22,0,43,2.0,0,0,0,0,0,0,0,0,454,11.696006869901245,2.6605839416058394
541,PT09M08.00S,2021-05-16 18:53:46.200000+00:00,4,REGULAR,rebound,defensive,,203960,,,1610612754,88,101,2021-05-16T18:54:03Z,5340000,,,0,,J. Sampson REBOUND (Off:1 Def:2),203960,1610612754.0,IND,,,,,,,,,Sampson,J. Sampson,,,,,,,,,,,540.0,3.0,2.0,1.0,,,,,,22001079,,6199.5,7382.0,548.0,13,720,2332.0,0,0,0,0,0,0,0,0,0,28,6,22,0,43,2.0,0,0,0,0,0,0,0,0,455,11.706689536878216,2.6584476843910805
542,PT08M51.00S,2021-05-16 18:54:16.500000+00:00,4,REGULAR,2pt,Layup,pointsinthepaint,1629103,92.5919842312746,60.6081495098039,1610612754,88,101,2021-05-16T18:54:21Z,5350000,53.0,17.0,1,right,MISS K. Martin driving Layup,1629103,1610612754.0,IND,driving,,,,,,,,Martin,K. Martin,,,,,Missed,,5.57,,,,,,,,,,,,,22001079,,6229.8,7382.0,531.0,13,720,2349.0,0,0,0,0,0,0,0,0,0,28,6,22,0,43,2.0,0,0,0,0,0,0,0,0,456,11.647509578544062,2.6521072796934866
543,PT08M50.00S,2021-05-16 18:54:17.500000+00:00,4,REGULAR,rebound,offensive,,1629048,,,1610612754,88,101,2021-05-16T18:54:17Z,5360000,,,0,,G. Bitadze REBOUND (Off:3 Def:1),1629048,1610612754.0,IND,,,,,,,,,Bitadze,G. Bitadze,,,,,,,,,,,542.0,4.0,1.0,3.0,,,,,,22001079,,6230.8,7382.0,530.0,13,720,2350.0,0,0,0,0,0,0,0,0,0,28,6,22,0,43,2.0,0,0,0,0,0,0,0,0,457,11.66808510638298,2.651404255319149
544,PT08M46.00S,2021-05-16 18:54:21.800000+00:00,4,REGULAR,3pt,Jump Shot,2ndchance,1629103,78.4001314060447,91.7356004901961,1610612754,88,101,2021-05-16T18:54:28Z,5370000,209.0,151.0,1,right,MISS K. Martin 25' 3PT,1629103,1610612754.0,IND,,,,,,,,,Martin,K. Martin,,,,,Missed,,25.73,,,,,,,,,,,,,22001079,,6235.1,7382.0,526.0,13,720,2354.0,0,0,0,0,0,0,0,0,0,28,6,22,0,43,2.0,0,0,0,0,0,0,0,0,458,11.673746813933729,2.648725573491929
545,PT08M42.00S,2021-05-16 18:54:25.800000+00:00,4,REGULAR,rebound,defensive,,203382,,,1610612761,88,101,2021-05-16T18:54:28Z,5380000,,,0,,A. Baynes REBOUND (Off:2 Def:8),203382,1610612761.0,TOR,,,,,,,,,Baynes,A. Baynes,,,,,,,,,,,544.0,10.0,8.0,2.0,,,,,,22001079,,6239.1,7382.0,522.0,13,720,2358.0,0,0,0,0,0,0,0,0,0,28,6,22,0,43,2.0,0,0,0,0,0,0,0,0,459,11.6793893129771,2.645928753180662
546,PT08M33.00S,2021-05-16 18:54:37.400000+00:00,4,REGULAR,stoppage,out-of-bounds,,0,,,1610612761,88,101,2021-05-16T18:54:37Z,5390000,,,0,,,,,,,,,,,,,,,,,,,,,,,,,,,,,,,,,,,22001079,,6250.7,7382.0,513.0,13,720,2367.0,0,0,0,0,0,0,0,0,0,28,6,22,0,43,2.0,0,0,0,0,0,0,0,0,460,11.660329531051964,2.640768905787917
547,PT08M27.00S,2021-05-16 18:54:57.800000+00:00,4,REGULAR,3pt,Jump Shot,,1626169,31.0939553219448,44.6767769607843,1610612761,91,101,2021-05-16T18:55:03Z,5400000,27.0,240.0,1,left,S. Johnson 24' 3PT  (17 PTS) (M. Flynn 5 AST),"1626169, 1630201",1610612761.0,TOR,,,,,,,,,Johnson,S. Johnson,,,,,Made,17.0,24.13,M. Flynn,1630201.0,5.0,,,,,,,,,,22001079,,6271.1,7382.0,507.0,10,720,2373.0,0,0,0,0,0,0,0,0,0,28,6,22,0,43,2.0,0,0,0,0,0,0,0,0,461,11.65613147914033,2.6426885798567215
549,PT08M05.00S,2021-05-16 18:55:20+00:00,4,REGULAR,2pt,Layup,pointsinthepaint,203926,89.7010512483574,53.2552083333333,1610612754,91,101,2021-05-16T18:55:23Z,5420000,16.0,44.0,1,right,MISS D. McDermott driving Layup,203926,1610612754.0,IND,driving,,,,,,,,McDermott,D. McDermott,,,,,Missed,,4.72,,,,,,,,,,,,,22001079,,6293.3,7382.0,485.0,10,720,2395.0,0,0,0,0,0,0,0,0,0,28,6,22,0,43,2.0,0,0,0,0,0,0,0,0,462,11.5741127348643,2.6276826722338207
550,PT08M03.00S,2021-05-16 18:55:22+00:00,4,REGULAR,rebound,defensive,,203920,,,1610612761,91,101,2021-05-16T19:04:15Z,5430000,,,0,,K. Birch REBOUND (Off:3 Def:8),203920,1610612761.0,TOR,,,,,,,,,Birch,K. Birch,,,,,,,,,,,549.0,11.0,8.0,3.0,,,,,,22001079,,6295.3,7382.0,483.0,10,720,2397.0,0,0,0,0,0,0,0,0,0,28,6,22,0,43,1.0,0,0,0,0,0,0,0,0,463,11.589486858573215,2.6263245723821442
551,PT07M57.00S,2021-05-16 18:55:27.300000+00:00,4,REGULAR,turnover,bad pass,,1626169,,,1610612761,91,101,2021-05-16T18:55:31Z,5440000,,,0,,S. Johnson bad pass TURNOVER (6 TO),"1626169, 203926",1610612761.0,TOR,,,,,,,,6.0,Johnson,S. Johnson,,,,,,,,,,,,,,,,,,McDermott,203926.0,22001079,,6300.6,7382.0,477.0,10,720,2403.0,0,0,0,0,0,0,1,0,0,28,6,23,0,43,1.0,0,0,0,0,0,0,0,0,464,11.585518102372037,2.621972534332085
552,PT07M57.00S,2021-05-16 18:55:27.300000+00:00,4,REGULAR,steal,,,203926,,,1610612754,91,101,2021-05-16T18:55:28Z,5450000,,,0,,D. McDermott STEAL (1 STL),203926,1610612754.0,IND,,,,,,,,,McDermott,D. McDermott,,,,,,,,,,,,,,,,,,,,22001079,,6300.6,7382.0,477.0,10,720,2403.0,0,0,0,0,0,0,0,0,0,28,6,23,0,43,1.0,0,0,0,0,0,0,0,0,465,11.610486891385769,2.621972534332085
554,PT07M51.00S,2021-05-16 18:55:33.900000+00:00,4,REGULAR,2pt,Jump Shot,"pointsinthepaint, fromturnover, fastbreak",1629048,93.2490144546649,62.078737745098,1610612754,91,103,2021-05-16T18:55:39Z,5470000,60.0,11.0,1,right,G. Bitadze 6' driving floating Jump Shot (4 PTS) (T. McConnell 13 AST),"1629048, 204456",1610612754.0,IND,driving floating,,,,,,,,Bitadze,G. Bitadze,,,,,Made,4.0,6.14,T. McConnell,204456.0,13.0,,,,,,,,,,22001079,,6307.2,7382.0,471.0,12,720,2409.0,0,0,0,0,0,0,0,0,0,28,6,23,0,43,1.0,0,0,0,0,0,0,0,0,466,11.606475716064757,2.618181818181818
556,PT07M33.00S,2021-05-16 18:55:51.500000+00:00,4,REGULAR,2pt,Layup,pointsinthepaint,1626169,11.2516425755585,46.6375612745098,1610612761,91,103,2021-05-16T18:55:56Z,5490000,17.0,53.0,1,left,MISS S. Johnson driving Layup - blocked,"1626169, 203960",1610612761.0,TOR,driving,,,,,,,,Johnson,S. Johnson,,,,,Missed,,5.59,,,,,,,,Sampson,203960.0,,,,22001079,,6324.8,7382.0,453.0,12,720,2427.0,0,0,0,0,0,0,0,0,0,28,6,23,0,43,1.0,0,0,0,0,0,0,0,0,467,11.545117428924597,2.6060156571899467
557,PT07M33.00S,2021-05-16 18:55:51.500000+00:00,4,REGULAR,block,,,203960,,,1610612761,91,103,2021-05-16T18:55:53Z,5500000,,,0,,J. Sampson BLOCK (1 BLK),203960,1610612754.0,IND,,,,,,,,,Sampson,J. Sampson,,,,,,,,,,,,,,,,,,,,22001079,,6324.8,7382.0,453.0,12,720,2427.0,0,0,0,0,0,0,0,0,0,28,6,23,0,43,1.0,0,0,0,0,0,0,0,0,468,11.56983930778739,2.6060156571899467
558,PT07M30.00S,2021-05-16 18:55:54.500000+00:00,4,REGULAR,rebound,offensive,,1626169,,,1610612761,91,103,2021-05-16T18:55:56Z,5510000,,,0,,S. Johnson REBOUND (Off:3 Def:2),1626169,1610612761.0,TOR,,,,,,,,,Johnson,S. Johnson,,,,,,,,,,,556.0,5.0,2.0,3.0,,,,,,22001079,,6327.8,7382.0,450.0,12,720,2430.0,0,0,0,0,0,0,0,0,0,28,6,23,0,43,1.0,0,0,0,0,0,0,0,0,469,11.580246913580247,2.6040329218106995
559,PT07M29.00S,2021-05-16 18:55:55.200000+00:00,4,REGULAR,3pt,Jump Shot,2ndchance,203920,6.12680683311432,95.6571691176471,1610612761,91,103,2021-05-16T18:55:58Z,5520000,-228.0,5.0,1,left,MISS K. Birch 3PT,203920,1610612761.0,TOR,,,,,,,,,Birch,K. Birch,,,,,Missed,,22.84,,,,,,,,,,,,,22001079,,6328.5,7382.0,449.0,12,720,2431.0,0,0,0,0,0,0,0,0,0,28,6,23,0,43,1.0,0,0,0,0,0,0,0,0,470,11.600164541341012,2.6032496914849856
560,PT07M29.00S,2021-05-16 18:55:55.200000+00:00,4,REGULAR,rebound,defensive,,1629103,,,1610612754,91,103,2021-05-16T18:55:58Z,5530000,,,0,,K. Martin REBOUND (Off:0 Def:4),1629103,1610612754.0,IND,,,,,,,,,Martin,K. Martin,,,,,,,,,,,559.0,4.0,4.0,0.0,,,,,,22001079,,6328.5,7382.0,449.0,12,720,2431.0,0,0,0,0,0,0,0,0,0,28,6,23,0,43,0.0,0,0,0,0,0,0,0,0,471,11.624845742492802,2.6032496914849856
561,PT07M25.00S,2021-05-16 18:56:01.900000+00:00,4,REGULAR,foul,personal,,1630201,,,1610612754,91,103,2021-05-16T18:56:07Z,5540000,,,0,,M. Flynn personal FOUL (2 PF),"1630201, 1629048",1610612761.0,TOR,,,,,,,1628172.0,,Flynn,M. Flynn,2.0,0.0,Bitadze,1629048.0,,,,,,,,,,,,,,,,22001079,,6335.2,7382.0,445.0,12,720,2435.0,0,0,0,0,1,0,0,0,0,29,6,23,0,43,1.0,0,0,0,0,0,0,0,0,472,11.630390143737166,2.6017248459958933
563,PT07M25.00S,2021-05-16 18:56:08.600000+00:00,4,REGULAR,substitution,out,,203382,,,1610612754,91,103,2021-05-16T18:56:17Z,5560000,,,0,,SUB out: A. Baynes,203382,1610612761.0,TOR,,,,,,,,,Baynes,A. Baynes,,,,,,,,,,,,,,,,,,,,22001079,,6341.9,7382.0,445.0,12,720,2435.0,0,0,0,0,0,0,0,0,0,29,6,23,0,43,1.0,0,0,0,0,0,0,0,0,473,11.655030800821354,2.6044763860369606
564,PT07M25.00S,2021-05-16 18:56:08.600000+00:00,4,REGULAR,substitution,out,,203960,,,1610612754,91,103,2021-05-16T18:56:17Z,5570000,,,0,,SUB out: J. Sampson,203960,1610612754.0,IND,,,,,,,,,Sampson,J. Sampson,,,,,,,,,,,,,,,,,,,,22001079,,6341.9,7382.0,445.0,12,720,2435.0,0,0,0,0,0,0,0,0,0,29,6,23,0,43,1.0,0,0,0,0,0,0,0,0,474,11.679671457905544,2.6044763860369606
565,PT07M25.00S,2021-05-16 18:56:08.600000+00:00,4,REGULAR,substitution,in,,1627761,,,1610612754,91,103,2021-05-16T18:56:17Z,5580000,,,0,,SUB in: D. Bembry,1627761,1610612761.0,TOR,,,,,,,,,Bembry,D. Bembry,,,,,,,,,,,,,,,,,,,,22001079,,6341.9,7382.0,445.0,12,720,2435.0,0,0,0,0,0,0,0,0,0,29,6,23,0,43,1.0,0,0,0,0,0,0,0,0,475,11.704312114989733,2.6044763860369606
566,PT07M25.00S,2021-05-16 18:56:08.600000+00:00,4,REGULAR,substitution,in,,1627734,,,1610612754,91,103,2021-05-16T18:56:17Z,5590000,,,0,,SUB in: D. Sabonis,1627734,1610612754.0,IND,,,,,,,,,Sabonis,D. Sabonis,,,,,,,,,,,,,,,,,,,,22001079,,6341.9,7382.0,445.0,12,720,2435.0,0,0,0,0,0,0,0,0,0,29,6,23,0,43,1.0,0,0,0,0,0,0,0,0,476,11.72895277207392,2.6044763860369606
567,PT07M19.00S,2021-05-16 18:56:39.700000+00:00,4,REGULAR,3pt,Jump Shot,,203926,93.380420499343,3.74540441176471,1610612754,91,106,2021-05-16T18:56:44Z,5600000,-231.0,10.0,1,right,D. McDermott 3PT  (18 PTS) (T. McConnell 14 AST),"203926, 204456",1610612754.0,IND,,,,,,,,,McDermott,D. McDermott,,,,,Made,18.0,23.15,T. McConnell,204456.0,14.0,,,,,,,,,,22001079,,6373.0,7382.0,439.0,15,720,2441.0,0,0,0,0,0,0,0,0,0,29,6,23,0,43,1.0,0,0,0,0,0,0,0,0,477,11.724702990577633,2.610815239655879
569,PT06M56.00S,2021-05-16 18:57:03.300000+00:00,4,REGULAR,2pt,Hook,pointsinthepaint,203920,8.88633377135348,38.7944240196078,1610612761,93,106,2021-05-16T18:57:07Z,5620000,56.0,31.0,1,left,K. Birch 6' turnaround bank Hook (16 PTS) (D. Bembry 4 AST),"203920, 1627761",1610612761.0,TOR,turnaround bank,,,,,,,,Birch,K. Birch,,,,,Made,16.0,6.4,D. Bembry,1627761.0,4.0,,,,,,,,,,22001079,,6396.6,7382.0,416.0,13,720,2464.0,0,0,0,0,0,0,0,0,0,29,6,23,0,43,1.0,0,0,0,0,0,0,0,0,478,11.63961038961039,2.5960227272727274
571,PT06M44.00S,2021-05-16 18:57:16.800000+00:00,4,REGULAR,stoppage,out-of-bounds,,0,,,1610612754,93,106,2021-05-16T18:57:16Z,5640000,,,0,,,,,,,,,,,,,,,,,,,,,,,,,,,,,,,,,,,22001079,,6410.1,7382.0,404.0,13,720,2476.0,0,0,0,0,0,0,0,0,0,29,6,23,0,43,1.0,0,0,0,0,0,0,0,0,479,11.607431340872376,2.58889337641357
572,PT06M44.00S,2021-05-16 18:57:23+00:00,4,REGULAR,timeout,full,"team, mandatory",0,,,1610612754,93,106,2021-05-16T18:57:23Z,5650000,,,0,,TOR Timeout,,1610612761.0,TOR,,,,,,,,,,,,,,,,,,,,,,,,,,,,,,22001079,,6416.3,7382.0,404.0,13,720,2476.0,0,0,0,0,0,1,0,0,0,29,7,23,0,43,1.0,0,0,0,0,0,0,0,0,480,11.631663974151857,2.5913974151857837
573,PT06M39.00S,2021-05-16 19:00:30.100000+00:00,4,REGULAR,2pt,Layup,pointsinthepaint,1627734,90.6208935611038,45.9022671568627,1610612754,93,108,2021-05-16T19:00:36Z,5660000,-20.0,36.0,1,right,D. Sabonis Layup (15 PTS) (T. McConnell 15 AST),"1627734, 204456",1610612754.0,IND,,,,,,,,,Sabonis,D. Sabonis,,,,,Made,15.0,4.12,T. McConnell,204456.0,15.0,,,,,,,,,,22001079,,6603.4,7382.0,399.0,15,720,2481.0,0,0,0,0,0,0,0,0,0,29,7,23,0,43,1.0,0,0,0,0,0,0,0,0,481,11.632406287787182,2.6615880693268843
575,PT06M15.00S,2021-05-16 19:00:54.400000+00:00,4,REGULAR,2pt,Layup,pointsinthepaint,1630201,6.52102496714849,55.7061887254902,1610612761,95,108,2021-05-16T19:00:58Z,5680000,-29.0,9.0,1,left,M. Flynn driving Layup (22 PTS),1630201,1610612761.0,TOR,driving,,,,,,,,Flynn,M. Flynn,,,,,Made,22.0,2.98,,,,,,,,,,,,,22001079,,6627.7,7382.0,375.0,13,720,2505.0,0,0,0,0,0,0,0,0,0,29,7,23,0,43,1.0,0,0,0,0,0,0,0,0,482,11.544910179640718,2.6457884231536926
576,PT06M01.00S,2021-05-16 19:01:08.500000+00:00,4,REGULAR,turnover,bad pass,,1627734,,,1610612754,95,108,2021-05-16T19:01:14Z,5690000,,,0,,D. Sabonis bad pass TURNOVER (5 TO),"1627734, 1626169",1610612754.0,IND,,,,,,,,5.0,Sabonis,D. Sabonis,,,,,,,,,,,,,,,,,,Johnson,1626169.0,22001079,,6641.8,7382.0,361.0,13,720,2519.0,0,0,0,0,0,0,1,0,0,29,7,24,0,43,1.0,0,0,0,0,0,0,0,0,483,11.50456530369194,2.6366812227074234
577,PT06M01.00S,2021-05-16 19:01:08.500000+00:00,4,REGULAR,steal,,,1626169,,,1610612761,95,108,2021-05-16T19:01:10Z,5700000,,,0,,S. Johnson STEAL (2 STL),1626169,1610612761.0,TOR,,,,,,,,,Johnson,S. Johnson,,,,,,,,,,,,,,,,,,,,22001079,,6641.8,7382.0,361.0,13,720,2519.0,0,0,0,0,0,0,0,0,0,29,7,24,0,43,1.0,0,0,0,0,0,0,0,0,484,11.528384279475983,2.6366812227074234
578,PT05M57.00S,2021-05-16 19:01:11.900000+00:00,4,REGULAR,2pt,Layup,"pointsinthepaint, fromturnover, fastbreak",1626169,6.38961892247043,44.4316789215686,1610612761,97,108,2021-05-16T19:01:19Z,5710000,28.0,8.0,1,left,S. Johnson running Layup (19 PTS),1626169,1610612761.0,TOR,running,,,,,,,,Johnson,S. Johnson,,,,,Made,19.0,2.88,,,,,,,,,,,,,22001079,,6645.2,7382.0,357.0,11,720,2523.0,0,0,0,0,0,0,0,0,0,29,7,24,0,43,1.0,0,0,0,0,0,0,0,0,485,11.533888228299643,2.633848592944907
579,PT05M35.00S,2021-05-16 19:01:33.700000+00:00,4,REGULAR,2pt,Jump Shot,pointsinthepaint,1627734,82.6051248357424,50.8042279411765,1610612754,97,110,2021-05-16T19:01:40Z,5720000,4.0,111.0,1,right,D. Sabonis 11' driving floating bank Jump Shot (17 PTS) (D. McDermott 2 AST),"1627734, 203926",1610612754.0,IND,driving floating bank,,,,,,,,Sabonis,D. Sabonis,,,,,Made,17.0,11.11,D. McDermott,203926.0,2.0,,,,,,,,,,22001079,,6667.0,7382.0,335.0,13,720,2545.0,0,0,0,0,0,0,0,0,0,29,7,24,0,43,1.0,0,0,0,0,0,0,0,0,486,11.457760314341847,2.6196463654223967
581,PT05M24.00S,2021-05-16 19:01:47.200000+00:00,4,REGULAR,foul,personal,2freethrow,204456,,,1610612761,97,110,2021-05-16T19:01:59Z,5740000,,,0,,T. McConnell shooting personal FOUL (2 PF) (Flynn 2 FT),"204456, 1630201",1610612754.0,IND,shooting,,,,,,1174.0,,McConnell,T. McConnell,2.0,0.0,Flynn,1630201.0,,,,,,,,,,,,,,,,22001079,,6680.5,7382.0,324.0,13,720,2556.0,0,0,0,0,1,0,0,0,0,30,7,24,0,43,2.0,0,0,0,0,0,0,0,0,487,11.431924882629108,2.6136541471048513
583,PT05M24.00S,2021-05-16 19:02:09.800000+00:00,4,REGULAR,freethrow,1 of 2,,1630201,,,1610612761,98,110,2021-05-16T19:02:09Z,5760000,,,0,,M. Flynn Free Throw 1 of 2 (23 PTS),1630201,1610612761.0,TOR,,,,,,,,,Flynn,M. Flynn,,,,,Made,23.0,,,,,,,,,,,,,,22001079,,6703.1,7382.0,324.0,12,720,2556.0,0,0,0,0,0,0,0,0,1,30,7,24,0,44,2.0,0,0,0,0,0,0,0,0,488,11.455399061032864,2.6224960876369328
584,PT05M24.00S,2021-05-16 19:02:11.100000+00:00,4,REGULAR,substitution,out,,1629103,,,1610612761,98,110,2021-05-16T19:02:14Z,5770000,,,0,,SUB out: K. Martin,1629103,1610612754.0,IND,,,,,,,,,Martin,K. Martin,,,,,,,,,,,,,,,,,,,,22001079,,6704.4,7382.0,324.0,12,720,2556.0,0,0,0,0,0,0,0,0,0,30,7,24,0,44,2.0,0,0,0,0,0,0,0,0,489,11.47887323943662,2.6230046948356804
585,PT05M24.00S,2021-05-16 19:02:11.100000+00:00,4,REGULAR,substitution,in,,203200,,,1610612761,98,110,2021-05-16T19:02:14Z,5780000,,,0,,SUB in: J. Holiday,203200,1610612754.0,IND,,,,,,,,,Holiday,J. Holiday,,,,,,,,,,,,,,,,,,,,22001079,,6704.4,7382.0,324.0,12,720,2556.0,0,0,0,0,0,0,0,0,0,30,7,24,0,44,2.0,0,0,0,0,0,0,0,0,490,11.502347417840376,2.6230046948356804
586,PT05M24.00S,2021-05-16 19:02:23.100000+00:00,4,REGULAR,freethrow,2 of 2,,1630201,,,1610612761,99,110,2021-05-16T19:02:23Z,5790000,,,0,,M. Flynn Free Throw 2 of 2 (24 PTS),1630201,1610612761.0,TOR,,,,,,,,,Flynn,M. Flynn,,,,,Made,24.0,,,,,,,,,,,,,,22001079,,6716.4,7382.0,324.0,11,720,2556.0,0,0,0,0,0,0,0,0,1,30,7,24,0,45,2.0,0,0,0,0,0,0,0,0,491,11.525821596244132,2.627699530516432
587,PT05M13.00S,2021-05-16 19:02:35.900000+00:00,4,REGULAR,3pt,Jump Shot,,203926,68.2818659658344,22.6179534313725,1610612754,99,110,2021-05-16T19:02:42Z,5800000,-137.0,246.0,1,right,MISS D. McDermott 28' 3PT,203926,1610612754.0,IND,,,,,,,,,McDermott,D. McDermott,,,,,Missed,,28.13,,,,,,,,,,,,,22001079,,6729.2,7382.0,313.0,11,720,2567.0,0,0,0,0,0,0,0,0,0,30,7,24,0,45,1.0,0,0,0,0,0,0,0,0,492,11.499805220101287,2.62142578885859
588,PT05M08.00S,2021-05-16 19:02:40.900000+00:00,4,REGULAR,rebound,defensive,,1630273,,,1610612761,99,110,2021-05-16T19:09:25Z,5810000,,,0,,F. Gillespie REBOUND (Off:5 Def:5),1630273,1610612761.0,TOR,,,,,,,,,Gillespie,F. Gillespie,,,,,,,,,,,587.0,10.0,5.0,5.0,,,,,,22001079,,6734.2,7382.0,308.0,11,720,2572.0,0,0,0,0,0,0,0,0,0,30,7,24,0,45,1.0,0,0,0,0,0,0,0,0,493,11.500777604976673,2.6182737169517885
591,PT05M04.00S,2021-05-16 19:02:48.500000+00:00,4,REGULAR,foul,personal,2freethrow,1627734,,,1610612761,99,110,2021-05-16T19:03:09Z,5840000,,,0,,D. Sabonis shooting personal FOUL (2 PF) (Johnson 2 FT),"1627734, 1626169",1610612754.0,IND,shooting,,,,,,1628172.0,,Sabonis,D. Sabonis,2.0,0.0,Johnson,1626169.0,,,,,,,,,,,,,,,,22001079,,6741.8,7382.0,304.0,11,720,2576.0,0,0,0,0,1,0,0,0,0,31,7,24,0,45,2.0,0,0,0,0,0,0,0,0,494,11.506211180124225,2.617158385093168
593,PT05M04.00S,2021-05-16 19:03:10.600000+00:00,4,REGULAR,freethrow,1 of 2,,1626169,,,1610612761,100,110,2021-05-16T19:03:10Z,5860000,,,0,,S. Johnson Free Throw 1 of 2 (20 PTS),1626169,1610612761.0,TOR,,,,,,,,,Johnson,S. Johnson,,,,,Made,20.0,,,,,,,,,,,,,,22001079,,6763.9,7382.0,304.0,10,720,2576.0,0,0,0,0,0,0,0,0,1,31,7,24,0,46,2.0,0,0,0,0,0,0,0,0,495,11.529503105590063,2.6257375776397516
594,PT05M04.00S,2021-05-16 19:03:11.200000+00:00,4,REGULAR,substitution,out,,1629048,,,1610612761,100,110,2021-05-16T19:03:13Z,5870000,,,0,,SUB out: G. Bitadze,1629048,1610612754.0,IND,,,,,,,,,Bitadze,G. Bitadze,,,,,,,,,,,,,,,,,,,,22001079,,6764.5,7382.0,304.0,10,720,2576.0,0,0,0,0,0,0,0,0,0,31,7,24,0,46,2.0,0,0,0,0,0,0,0,0,496,11.5527950310559,2.6259704968944098
595,PT05M04.00S,2021-05-16 19:03:11.200000+00:00,4,REGULAR,substitution,in,,1629052,,,1610612761,100,110,2021-05-16T19:03:13Z,5880000,,,0,,SUB in: O. Brissett,1629052,1610612754.0,IND,,,,,,,,,Brissett,O. Brissett,,,,,,,,,,,,,,,,,,,,22001079,,6764.5,7382.0,304.0,10,720,2576.0,0,0,0,0,0,0,0,0,0,31,7,24,0,46,2.0,0,0,0,0,0,0,0,0,497,11.57608695652174,2.6259704968944098
596,PT05M04.00S,2021-05-16 19:03:26.700000+00:00,4,REGULAR,freethrow,2 of 2,,1626169,,,1610612761,101,110,2021-05-16T19:03:26Z,5890000,,,0,,S. Johnson Free Throw 2 of 2 (21 PTS),1626169,1610612761.0,TOR,,,,,,,,,Johnson,S. Johnson,,,,,Made,21.0,,,,,,,,,,,,,,22001079,,6780.0,7382.0,304.0,9,720,2576.0,0,0,0,0,0,0,0,0,1,31,7,24,0,47,2.0,0,0,0,0,0,0,0,0,498,11.599378881987578,2.6319875776397517
597,PT04M49.00S,2021-05-16 19:03:43.900000+00:00,4,REGULAR,2pt,Layup,pointsinthepaint,1627734,93.2490144546649,44.1865808823529,1610612754,101,110,2021-05-16T19:03:49Z,5900000,-29.0,11.0,1,right,MISS D. Sabonis driving Layup - blocked,"1627734, 1630273",1610612754.0,IND,driving,,,,,,,,Sabonis,D. Sabonis,,,,,Missed,,3.11,,,,,,,,Gillespie,1630273.0,,,,22001079,,6797.2,7382.0,289.0,9,720,2591.0,0,0,0,0,0,0,0,0,0,31,7,24,0,47,2.0,0,0,0,0,0,0,0,0,499,11.555384021613278,2.623388653029718
598,PT04M49.00S,2021-05-16 19:03:43.900000+00:00,4,REGULAR,block,,,1630273,,,1610612754,101,110,2021-05-16T19:03:46Z,5910000,,,0,,F. Gillespie BLOCK (1 BLK),1630273,1610612761.0,TOR,,,,,,,,,Gillespie,F. Gillespie,,,,,,,,,,,,,,,,,,,,22001079,,6797.2,7382.0,289.0,9,720,2591.0,0,0,0,0,0,0,0,0,0,31,7,24,0,47,2.0,0,0,0,0,0,0,0,0,500,11.57854110382092,2.623388653029718
599,PT04M46.00S,2021-05-16 19:03:46.900000+00:00,4,REGULAR,rebound,offensive,,1627734,,,1610612754,101,110,2021-05-16T19:03:49Z,5920000,,,0,,D. Sabonis REBOUND (Off:3 Def:12),1627734,1610612754.0,IND,,,,,,,,,Sabonis,D. Sabonis,,,,,,,,,,,597.0,15.0,12.0,3.0,,,,,,22001079,,6800.2,7382.0,286.0,9,720,2594.0,0,0,0,0,0,0,0,0,0,31,7,24,0,47,2.0,0,0,0,0,0,0,0,0,501,11.58828064764842,2.6215111796453354
600,PT04M45.00S,2021-05-16 19:03:47.600000+00:00,4,REGULAR,2pt,Layup,"pointsinthepaint, 2ndchance",1627734,91.4093298291721,51.0493259803922,1610612754,101,112,2021-05-16T19:10:26Z,5930000,5.0,28.0,1,right,D. Sabonis putback Layup (19 PTS),1627734,1610612754.0,IND,putback,,,,,,,,Sabonis,D. Sabonis,,,,,Made,19.0,2.88,,,,,,,,,,,,,22001079,,6800.9,7382.0,285.0,11,720,2595.0,0,0,0,0,0,0,0,0,0,31,7,24,0,47,2.0,0,0,0,0,0,0,0,0,502,11.606936416184972,2.620770712909441
601,PT04M33.00S,2021-05-16 19:03:59.900000+00:00,4,REGULAR,2pt,Layup,pointsinthepaint,1627761,6.91524310118265,44.921875,1610612761,103,112,2021-05-16T19:04:20Z,5940000,25.0,13.0,1,left,D. Bembry driving Layup (21 PTS) (K. Birch 3 AST),"1627761, 203920",1610612761.0,TOR,driving,,,,,,,,Bembry,D. Bembry,,,,,Made,21.0,2.83,K. Birch,203920.0,3.0,,,,,,,,,,22001079,,6813.2,7382.0,273.0,9,720,2607.0,0,0,0,0,0,0,0,0,0,31,7,24,0,47,2.0,0,0,0,0,0,0,0,0,503,11.576524741081702,2.6134253931722284
602,PT04M10.00S,2021-05-16 19:04:22.600000+00:00,4,REGULAR,3pt,Jump Shot,,1629052,66.7049934296978,46.6375612745098,1610612754,103,115,2021-05-16T19:04:29Z,5950000,-17.0,260.0,1,right,O. Brissett 26' 3PT  (31 PTS) (D. Sabonis 5 AST),"1629052, 1627734",1610612754.0,IND,,,,,,,,,Brissett,O. Brissett,,,,,Made,31.0,26.1,D. Sabonis,1627734.0,5.0,,,,,,,,,,22001079,,6835.9,7382.0,250.0,12,720,2630.0,0,0,0,0,0,0,0,0,0,31,7,24,0,47,2.0,0,0,0,0,0,0,0,0,504,11.498098859315588,2.599201520912547
604,PT03M56.00S,2021-05-16 19:04:37+00:00,4,REGULAR,3pt,Jump Shot,,1627761,31.488173455979,74.0885416666667,1610612761,103,115,2021-05-16T19:04:41Z,5970000,-120.0,243.0,1,left,MISS D. Bembry 27' 3PT,1627761,1610612761.0,TOR,,,,,,,,,Bembry,D. Bembry,,,,,Missed,,27.16,,,,,,,,,,,,,22001079,,6850.3,7382.0,236.0,12,720,2644.0,1,0,0,0,0,0,0,0,0,31,7,24,0,47,2.0,0,0,0,0,0,0,0,0,505,11.459909228441754,2.5908850226928895
605,PT03M53.00S,2021-05-16 19:04:40+00:00,4,REGULAR,rebound,defensive,,1627734,,,1610612754,103,115,2021-05-16T19:04:41Z,5980000,,,0,,D. Sabonis REBOUND (Off:3 Def:13),1627734,1610612754.0,IND,,,,,,,,,Sabonis,D. Sabonis,,,,,,,,,,,604.0,16.0,13.0,3.0,,,,,,22001079,,6853.3,7382.0,233.0,12,720,2647.0,1,0,0,0,0,0,0,0,0,31,7,24,0,47,2.0,0,0,0,0,0,0,0,0,506,11.469588213071402,2.5890819795995466
606,PT03M43.00S,2021-05-16 19:04:50.400000+00:00,4,REGULAR,2pt,Jump Shot,,1627734,79.3199737187911,38.0591299019608,1610612754,103,117,2021-05-16T19:04:54Z,5990000,-60.0,142.0,1,right,D. Sabonis 15' pullup Jump Shot (21 PTS),1627734,1610612754.0,IND,pullup,,,,,,,,Sabonis,D. Sabonis,,,,,Made,21.0,15.39,,,,,,,,,,,,,22001079,,6863.7,7382.0,223.0,14,720,2657.0,1,0,0,0,0,0,0,0,0,31,7,24,0,47,1.0,0,0,0,0,0,0,0,0,507,11.449002634550245,2.583251787730523
607,PT03M39.00S,2021-05-16 19:04:59.400000+00:00,4,REGULAR,timeout,full,"team, mandatory",0,,,1610612761,103,117,2021-05-16T19:04:59Z,6000000,,,0,,TOR Timeout,,1610612761.0,TOR,,,,,,,,,,,,,,,,,,,,,,,,,,,,,,22001079,,6872.7,7382.0,219.0,14,720,2661.0,1,0,0,0,0,1,0,0,0,31,8,24,0,47,1.0,0,0,1,1,0,0,0,0,508,11.4543404735062,2.5827508455467867
608,PT03M28.00S,2021-05-16 19:08:04.100000+00:00,4,REGULAR,2pt,Jump Shot,pointsinthepaint,1630273,11.1202365308804,55.7061887254902,1610612761,103,117,2021-05-16T19:08:08Z,6010000,-29.0,52.0,1,left,MISS F. Gillespie turnaround fadeaway Shot,1630273,1610612761.0,TOR,turnaround fadeaway,,,,,,,,Gillespie,F. Gillespie,,,,,Missed,,5.93,,,,,,,,,,,,,22001079,,7057.4,7382.0,208.0,14,720,2672.0,1,0,0,0,0,0,0,0,0,31,8,24,0,47,1.0,0,0,0,1,0,0,0,0,509,11.429640718562874,2.6412425149700596
609,PT03M24.00S,2021-05-16 19:08:08.100000+00:00,4,REGULAR,rebound,defensive,,1629052,,,1610612754,103,117,2021-05-16T19:08:08Z,6020000,,,0,,O. Brissett REBOUND (Off:1 Def:8),1629052,1610612754.0,IND,,,,,,,,,Brissett,O. Brissett,,,,,,,,,,,608.0,9.0,8.0,1.0,,,,,,22001079,,7061.4,7382.0,204.0,14,720,2676.0,1,0,0,0,0,0,0,0,0,31,8,24,0,47,1.0,0,0,0,1,0,0,0,0,510,11.434977578475335,2.638789237668161
610,PT03M06.00S,2021-05-16 19:08:27.800000+00:00,4,REGULAR,foul,offensive,,1627734,,,1610612754,103,117,2021-05-16T19:08:33Z,6030000,,,0,,D. Sabonis charge offensive FOUL (3 PF),"1627734, 1630273",1610612754.0,IND,charge,,,,,,1199.0,,Sabonis,D. Sabonis,3.0,0.0,Gillespie,1630273.0,,,,,,,,,,,,,,,,22001079,,7081.1,7382.0,186.0,14,720,2694.0,1,0,0,0,1,0,0,0,0,32,8,24,0,47,2.0,1,1,0,1,0,0,0,0,511,11.380846325167038,2.6284706755753526
612,PT03M06.00S,2021-05-16 19:08:27.800000+00:00,4,REGULAR,turnover,offensive foul,,1627734,,,1610612754,103,117,2021-05-16T19:08:27Z,6050000,,,0,,D. Sabonis offensive foul TURNOVER (6 TO),1627734,1610612754.0,IND,,,,,,,1199.0,6.0,Sabonis,D. Sabonis,,,,,,,,,,,,,,,,,,,,22001079,,7081.1,7382.0,186.0,14,720,2694.0,1,0,0,0,1,0,1,0,0,33,8,25,0,47,3.0,1,2,0,1,1,1,0,0,512,11.403118040089087,2.6284706755753526
613,PT02M55.00S,2021-05-16 19:09:02.400000+00:00,4,REGULAR,2pt,Layup,"pointsinthepaint, fromturnover",1627761,10.3318002628121,43.6963848039216,1610612761,103,117,2021-05-16T19:09:28Z,6060000,32.0,45.0,1,left,MISS D. Bembry driving Layup - blocked,"1627761, 203926",1610612761.0,TOR,driving,,,,,,,,Bembry,D. Bembry,,,,,Missed,,5.46,,,,,,,,McDermott,203926.0,,,,22001079,,7115.7,7382.0,175.0,14,720,2705.0,1,0,0,0,0,0,0,0,0,33,8,25,0,47,3.0,0,2,0,1,0,1,0,0,513,11.378927911275415,2.630573012939002
614,PT02M55.00S,2021-05-16 19:09:02.400000+00:00,4,REGULAR,block,,,203926,,,1610612761,103,117,2021-05-16T19:15:03Z,6070000,,,0,,D. McDermott BLOCK (1 BLK),203926,1610612754.0,IND,,,,,,,,,McDermott,D. McDermott,,,,,,,,,,,,,,,,,,,,22001079,,7115.7,7382.0,175.0,14,720,2705.0,1,0,0,0,0,0,0,0,0,33,8,25,0,47,2.0,0,2,0,1,0,1,0,0,514,11.401109057301293,2.630573012939002
615,PT02M55.00S,2021-05-16 19:09:02.400000+00:00,4,REGULAR,rebound,defensive,team,0,,,1610612754,103,117,2021-05-16T19:10:07Z,6080000,,,0,,TEAM defensive REBOUND,,1610612754.0,IND,,,,,,,,,,,,,,,,,,,,,613.0,,,,,,,,,22001079,,7115.7,7382.0,175.0,14,720,2705.0,1,0,0,0,0,0,0,0,0,33,8,25,0,47,2.0,0,2,0,1,0,1,0,0,515,11.423290203327172,2.630573012939002
616,PT02M53.00S,2021-05-16 19:09:38.500000+00:00,4,REGULAR,jumpball,recovered,,203200,,,1610612754,103,117,2021-05-16T19:10:07Z,6090000,,,0,,Jump Ball D. Sabonis vs. D. Bembry: Tip to J. Holiday,"203200, 1627734, 1627761",1610612754.0,IND,heldball,J. Holiday,Sabonis,1627734.0,Bembry,1627761.0,,,Holiday,J. Holiday,,,,,,,,,,,,,,,,,203200.0,,,22001079,,7151.8,7382.0,173.0,14,720,2707.0,1,0,0,0,0,0,0,0,0,33,8,25,0,47,2.0,0,2,0,1,0,1,0,0,516,11.43701514591799,2.6419652752124123
621,PT02M49.00S,2021-05-16 19:09:42.200000+00:00,4,REGULAR,2pt,Layup,"pointsinthepaint, fastbreak",203926,94.1688567674113,56.1963848039216,1610612754,103,119,2021-05-16T19:24:07Z,6140000,31.0,2.0,1,right,D. McDermott running Layup (20 PTS) (T. McConnell 16 AST),"203926, 204456",1610612754.0,IND,running,,,,,,,,McDermott,D. McDermott,,,,,Made,20.0,3.11,T. McConnell,204456.0,16.0,,,,,,,,,,22001079,,7155.5,7382.0,169.0,16,720,2711.0,1,0,0,0,0,0,0,0,0,33,8,25,0,47,2.0,0,2,0,1,0,1,0,0,517,11.442272224271488,2.6394319439321285
623,PT02M40.00S,2021-05-16 19:09:56.200000+00:00,4,REGULAR,2pt,Layup,pointsinthepaint,1627761,12.2207621550591,57.977175245098,1610612761,103,119,2021-05-16T19:10:03Z,6160000,-40.0,62.0,1,left,MISS D. Bembry 7' driving Layup,1627761,1610612761.0,TOR,driving,,,,,,,,Bembry,D. Bembry,,,,,Missed,,7.41,,,,,,,,,,,,,22001079,,7169.5,7382.0,160.0,16,720,2720.0,1,0,0,0,0,0,0,0,0,33,8,25,0,47,2.0,0,2,0,1,0,1,0,0,518,11.426470588235293,2.635845588235294
624,PT02M40.00S,2021-05-16 19:09:56.200000+00:00,4,REGULAR,rebound,offensive,team,0,,,1610612761,103,119,2021-05-16T19:10:03Z,6170000,,,0,,TEAM offensive REBOUND,,1610612761.0,TOR,,,,,,,,,,,,,,,,,,,,,623.0,,,,,,,,,22001079,,7169.5,7382.0,160.0,16,720,2720.0,1,0,0,0,0,0,0,0,0,33,8,25,0,47,2.0,0,2,0,1,0,1,0,0,519,11.448529411764705,2.635845588235294
625,PT02M40.00S,2021-05-16 19:09:59.500000+00:00,4,REGULAR,stoppage,out-of-bounds,,0,,,1610612761,103,119,2021-05-16T19:09:59Z,6180000,,,0,,,,,,,,,,,,,,,,,,,,,,,,,,,,,,,,,,,22001079,,7172.8,7382.0,160.0,16,720,2720.0,1,0,0,0,0,0,0,0,0,33,8,25,0,47,2.0,0,2,0,1,0,1,0,0,520,11.470588235294118,2.637058823529412
626,PT02M37.00S,2021-05-16 19:10:16+00:00,4,REGULAR,3pt,Jump Shot,2ndchance,1626169,33.984888304862,15.5101102941176,1610612761,103,119,2021-05-16T19:10:23Z,6190000,172.0,267.0,1,left,MISS S. Johnson 31' 3PT,1626169,1610612761.0,TOR,,,,,,,,,Johnson,S. Johnson,,,,,Missed,,31.78,,,,,,,,,,,,,22001079,,7189.3,7382.0,157.0,16,720,2723.0,1,0,0,0,0,0,0,0,0,33,8,25,0,47,2.0,0,2,0,1,0,1,0,0,521,11.4799853103195,2.640213000367242
627,PT02M33.00S,2021-05-16 19:10:19.600000+00:00,4,REGULAR,rebound,offensive,,203920,,,1610612761,103,119,2021-05-16T19:10:19Z,6200000,,,0,,K. Birch REBOUND (Off:4 Def:8),203920,1610612761.0,TOR,,,,,,,,,Birch,K. Birch,,,,,,,,,,,626.0,12.0,8.0,4.0,,,,,,22001079,,7192.9,7382.0,153.0,16,720,2727.0,1,0,0,0,0,0,0,0,0,33,8,25,0,47,2.0,0,2,0,1,0,1,0,0,522,11.485148514851485,2.6376604327099376
628,PT02M28.00S,2021-05-16 19:10:24.500000+00:00,4,REGULAR,3pt,Jump Shot,2ndchance,1626169,33.5906701708279,53.500306372549,1610612761,106,119,2021-05-16T19:10:28Z,6210000,-18.0,263.0,1,left,S. Johnson 26' 3PT  (24 PTS) (K. Birch 4 AST),"1626169, 203920",1610612761.0,TOR,,,,,,,,,Johnson,S. Johnson,,,,,Made,24.0,26.39,K. Birch,203920.0,4.0,,,,,,,,,,22001079,,7197.8,7382.0,148.0,13,720,2732.0,1,0,0,0,0,0,0,0,0,33,8,25,0,47,2.0,0,2,0,1,0,1,0,0,523,11.486090775988288,2.6346266471449487
629,PT02M10.00S,2021-05-16 19:10:44.100000+00:00,4,REGULAR,2pt,Layup,pointsinthepaint,1627734,92.7233902759527,46.3924632352941,1610612754,106,121,2021-05-16T19:10:50Z,6220000,-18.0,16.0,1,right,D. Sabonis Layup (23 PTS) (O. Brissett 3 AST),"1627734, 1629052",1610612754.0,IND,,,,,,,,,Sabonis,D. Sabonis,,,,,Made,23.0,2.4,O. Brissett,1629052.0,3.0,,,,,,,,,,22001079,,7217.4,7382.0,130.0,15,720,2750.0,1,0,0,0,0,0,0,0,0,33,8,25,0,47,2.0,0,2,0,1,0,1,0,0,524,11.432727272727272,2.6245090909090907
631,PT01M55.00S,2021-05-16 19:10:59.200000+00:00,4,REGULAR,2pt,Layup,pointsinthepaint,1627761,7.83508541392904,45.4120710784314,1610612761,108,121,2021-05-16T19:11:03Z,6240000,23.0,21.0,1,left,D. Bembry driving finger roll Layup (23 PTS),1627761,1610612761.0,TOR,driving finger roll,,,,,,,,Bembry,D. Bembry,,,,,Made,23.0,3.11,,,,,,,,,,,,,22001079,,7232.5,7382.0,115.0,13,720,2765.0,1,1,0,0,0,0,0,0,0,33,8,25,0,47,2.0,0,2,0,1,0,1,0,0,525,11.392405063291138,2.615732368896926
632,PT01M35.00S,2021-05-16 19:11:21.900000+00:00,4,REGULAR,3pt,Jump Shot,,204456,94.1688567674113,4.48069852941176,1610612754,108,121,2021-05-16T19:11:28Z,6250000,-228.0,2.0,1,right,MISS T. McConnell 3PT,204456,1610612754.0,IND,,,,,,,,,McConnell,T. McConnell,,,,,Missed,,22.76,,,,,,,,,,,,,22001079,,7255.2,7382.0,95.0,13,720,2785.0,1,1,0,0,0,0,0,0,0,33,8,25,0,47,2.0,0,2,0,1,0,1,0,0,526,11.332136445242371,2.6050987432675043
633,PT01M32.00S,2021-05-16 19:11:24.900000+00:00,4,REGULAR,rebound,defensive,,203920,,,1610612761,108,121,2021-05-16T19:11:28Z,6260000,,,0,,K. Birch REBOUND (Off:4 Def:9),203920,1610612761.0,TOR,,,,,,,,,Birch,K. Birch,,,,,,,,,,,632.0,13.0,9.0,4.0,,,,,,22001079,,7258.2,7382.0,92.0,13,720,2788.0,1,1,0,0,0,0,0,0,0,33,8,25,0,47,2.0,0,2,0,1,0,1,0,0,527,11.341463414634147,2.603371592539455
634,PT01M25.00S,2021-05-16 19:11:32.700000+00:00,4,REGULAR,3pt,Jump Shot,,1630201,31.3567674113009,75.8042279411765,1610612761,111,121,2021-05-16T19:11:37Z,6270000,-129.0,242.0,1,left,M. Flynn 27' 3PT pullup (27 PTS),1630201,1610612761.0,TOR,pullup,,,,,,,,Flynn,M. Flynn,,,,,Made,27.0,27.45,,,,,,,,,,,,,22001079,,7266.0,7382.0,85.0,10,720,2795.0,1,1,0,0,0,0,0,0,0,33,8,25,0,47,2.0,0,2,0,1,0,1,0,0,528,11.334525939177102,2.5996422182468693
635,PT01M04.00S,2021-05-16 19:11:56.400000+00:00,4,REGULAR,2pt,Layup,pointsinthepaint,204456,93.1176084099869,56.4414828431373,1610612754,111,123,2021-05-16T19:12:11Z,6280000,32.0,12.0,1,right,T. McConnell driving Layup (12 PTS),204456,1610612754.0,IND,driving,,,,,,,,McConnell,T. McConnell,,,,,Made,12.0,3.44,,,,,,,,,,,,,22001079,,7289.7,7382.0,64.0,12,720,2816.0,1,1,0,0,0,0,0,0,0,33,8,25,0,47,2.0,0,2,0,1,0,1,0,0,529,11.271306818181818,2.5886718749999997
637,PT00M56.80S,2021-05-16 19:12:10.800000+00:00,4,REGULAR,3pt,Jump Shot,,1626169,5.86399474375821,95.6571691176471,1610612761,111,123,2021-05-16T19:12:17Z,6290000,-228.0,3.0,1,left,MISS S. Johnson 3PT,1626169,1610612761.0,TOR,,,,,,,,,Johnson,S. Johnson,,,,,Missed,,22.83,,,,,,,,,,,,,22001079,,7304.1,7382.0,56.8,12,720,2823.2,1,1,0,0,0,0,0,0,0,33,8,25,0,47,2.0,0,2,0,1,0,1,0,0,530,11.26381411164636,2.5871705865684334
638,PT00M54.50S,2021-05-16 19:12:13.100000+00:00,4,REGULAR,rebound,defensive,,1629052,,,1610612754,111,123,2021-05-16T19:12:17Z,6300000,,,0,,O. Brissett REBOUND (Off:1 Def:9),1629052,1610612754.0,IND,,,,,,,,,Brissett,O. Brissett,,,,,,,,,,,637.0,10.0,9.0,1.0,,,,,,22001079,,7306.4,7382.0,54.5,12,720,2825.5,1,1,0,0,0,0,0,0,0,33,8,25,0,47,1.0,0,2,0,1,0,1,0,0,531,11.27588037515484,2.5858786055565384
640,PT00M36.80S,2021-05-16 19:12:32.300000+00:00,4,REGULAR,2pt,Layup,pointsinthepaint,1627734,92.3291721419185,47.1277573529412,1610612754,111,125,2021-05-16T19:12:36Z,6310000,-14.0,20.0,1,right,D. Sabonis cutting Layup (25 PTS) (T. McConnell 17 AST),"1627734, 204456",1610612754.0,IND,cutting,,,,,,,,Sabonis,D. Sabonis,,,,,Made,25.0,2.43,T. McConnell,204456.0,17.0,,,,,,,,,,22001079,,7325.6,7382.0,36.8,14,720,2843.2,1,1,0,0,0,0,0,0,0,33,8,25,0,47,0.0,0,2,0,1,0,1,0,0,532,11.226786719189647,2.5765334833989875
642,PT00M25.30S,2021-05-16 19:12:49.100000+00:00,4,REGULAR,3pt,Jump Shot,,1630201,31.488173455979,85.3630514705882,1610612761,111,125,2021-05-16T19:12:52Z,6330000,-177.0,243.0,1,left,MISS M. Flynn 30' 3PT,1630201,1610612761.0,TOR,,,,,,,,,Flynn,M. Flynn,,,,,Missed,,30.09,,,,,,,,,,,,,22001079,,7342.4,7382.0,25.3,14,720,2854.7,1,1,0,0,0,0,0,0,0,33,8,25,0,47,0.0,0,2,0,1,0,1,0,0,533,11.202578204364732,2.5720390934248782
643,PT00M23.80S,2021-05-16 19:12:50.500000+00:00,4,REGULAR,rebound,offensive,,203920,,,1610612761,111,125,2021-05-16T19:12:50Z,6340000,,,0,,K. Birch REBOUND (Off:5 Def:9),203920,1610612761.0,TOR,,,,,,,,,Birch,K. Birch,,,,,,,,,,,642.0,14.0,9.0,5.0,,,,,,22001079,,7343.8,7382.0,23.8,14,720,2856.2,1,1,0,0,0,0,0,0,0,33,8,25,0,47,0.0,0,2,0,1,0,1,0,0,534,11.217701841607731,2.571178488901338
644,PT00M23.50S,2021-05-16 19:12:51.700000+00:00,4,REGULAR,2pt,Jump Shot,2ndchance,203920,11.5144546649146,70.6571691176471,1610612761,113,125,2021-05-16T19:12:55Z,6350000,-103.0,56.0,1,left,K. Birch 11' Jump Shot (18 PTS),203920,1610612761.0,TOR,,,,,,,,,Birch,K. Birch,,,,,Made,18.0,11.74,,,,,,,,,,,,,22001079,,7345.0,7382.0,23.5,12,720,2856.5,1,1,0,0,0,0,0,0,0,33,8,25,0,47,0.0,0,2,0,1,0,1,0,0,535,11.237528443899878,2.571328548923508
645,PT00M00.00S,2021-05-16 19:13:25.500000+00:00,4,REGULAR,period,end,,0,,,1610612754,113,125,2021-05-16T19:13:25Z,6360000,,,0,,Period End,,,,,,,,,,,,,,,,,,,,,,,,,,,,,,,,,22001079,,7378.8,7382.0,0.0,12,720,2880.0,1,1,0,0,0,0,0,0,0,33,8,25,0,47,0.0,0,2,0,1,0,1,0,0,536,11.166666666666666,2.5620833333333333
646,PT00M00.00S,2021-05-16 19:13:28.700000+00:00,4,REGULAR,game,end,,0,,,0,113,125,2021-05-16T19:13:28Z,6370000,,,0,,Game End,,,,,,,,,,,,,,,,,,,,,,,,,,,,,,,,,22001079,,7382.0,7382.0,0.0,12,720,2880.0,1,1,0,0,0,0,0,0,0,33,8,25,0,47,0.0,0,2,0,1,0,1,0,0,537,11.1875,2.5631944444444446
2,PT12M00.00S,2021-05-16 17:10:44.800000+00:00,1,REGULAR,period,start,,0,,,0,0,0,2021-05-16T17:10:44Z,20000,,,0,,Period Start,,,,,,,,,,,,,,,,,,,,,,,,,,,,,,,,,22001080,,0.0,8301.6,720.0,0,720,0.0,0,0,0,1,0,0,0,0,0,0,0,0,0,0,0.0,0,0,0,0,0,0,0,0,1,60.0,0.0
142,PT12M00.00S,2021-05-16 17:10:51.300000+00:00,1,REGULAR,jumpball,recovered,,201566,,,1610612764,0,0,2021-05-16T17:30:28Z,27500,,,0,,Jump Ball A. Len vs. P. Washington: Tip to R. Westbrook,"201566, 203458, 1629023",1610612764.0,WAS,startperiod,R. Westbrook,Len,203458.0,Washington,1629023.0,,,Westbrook,R. Westbrook,,,,,,,,,,,,,,,,,201566.0,,,22001080,,6.5,8301.6,720.0,0,720,0.0,0,0,0,1,0,0,0,0,0,0,0,0,0,0,0.0,0,0,0,0,0,0,0,0,2,120.0,6.5
3,PT11M46.00S,2021-05-16 17:10:57.900000+00:00,1,REGULAR,2pt,Jump Shot,,1629060,22.3883048620237,54.8330269607843,1610612764,2,0,2021-05-16T17:11:22Z,30000,-24.0,158.0,1,left,R. Hachimura 15' Jump Shot (2 PTS) (R. Westbrook 1 AST),"1629060, 201566",1610612764.0,WAS,,,,,,,,,Hachimura,R. Hachimura,,,,,Made,2.0,15.98,R. Westbrook,201566.0,1.0,,,,,,,,,,22001080,,13.1,8301.6,706.0,2,720,14.0,0,0,0,1,0,0,0,0,0,0,0,0,0,0,0.0,0,0,0,0,0,0,0,0,3,12.857142857142858,0.9357142857142857
5,PT11M33.00S,2021-05-16 17:11:11.100000+00:00,1,REGULAR,2pt,Jump Shot,pointsinthepaint,1630163,82.835085413929,47.9702818627451,1610612766,2,0,2021-05-16T17:11:16Z,50000,-10.0,109.0,1,right,MISS L. Ball 10' driving floating Shot,1630163,1610612766.0,CHA,driving floating,,,,,,,,Ball,L. Ball,,,,,Missed,,10.94,,,,,,,,,,,,,22001080,,26.3,8301.6,693.0,2,720,27.0,0,0,0,1,0,0,0,0,0,0,0,0,0,0,0.0,0,0,0,0,0,0,0,0,4,8.88888888888889,0.9740740740740741
6,PT11M30.00S,2021-05-16 17:11:14.100000+00:00,1,REGULAR,rebound,defensive,,201566,,,1610612764,2,0,2021-05-16T17:11:16Z,60000,,,0,,R. Westbrook REBOUND (Off:0 Def:1),201566,1610612764.0,WAS,,,,,,,,,Westbrook,R. Westbrook,,,,,,,,,,,5.0,1.0,1.0,0.0,,,,,,22001080,,29.3,8301.6,690.0,2,720,30.0,0,0,0,1,0,0,0,0,0,0,0,0,0,0,0.0,0,0,0,0,0,0,0,0,5,10.0,0.9766666666666667
7,PT11M26.00S,2021-05-16 17:11:17.700000+00:00,1,REGULAR,2pt,Layup,pointsinthepaint,1629060,6.35676741130092,40.3722426470588,1610612764,2,0,2021-05-16T17:11:27Z,70000,48.0,7.0,1,left,MISS R. Hachimura Layup - blocked,"1629060, 1628970",1610612764.0,WAS,,,,,,,,,Hachimura,R. Hachimura,,,,,Missed,,4.87,,,,,,,,Bridges,1628970.0,,,,22001080,,32.9,8301.6,686.0,2,720,34.0,0,0,0,1,0,0,0,0,0,0,0,0,0,0,0.0,0,0,0,0,0,0,0,0,6,10.588235294117647,0.9676470588235294
8,PT11M26.00S,2021-05-16 17:11:17.700000+00:00,1,REGULAR,block,,,1628970,,,1610612764,2,0,2021-05-16T17:11:20Z,80000,,,0,,M. Bridges BLOCK (1 BLK),1628970,1610612766.0,CHA,,,,,,,,,Bridges,M. Bridges,,,,,,,,,,,,,,,,,,,,22001080,,32.9,8301.6,686.0,2,720,34.0,0,0,0,1,0,0,0,0,0,0,0,0,0,0,0.0,0,0,0,0,0,0,0,0,7,12.352941176470589,0.9676470588235294
9,PT11M24.00S,2021-05-16 17:11:19.700000+00:00,1,REGULAR,rebound,defensive,,1629667,,,1610612766,2,0,2021-05-16T17:13:18Z,90000,,,0,,J. McDaniels REBOUND (Off:0 Def:1),1629667,1610612766.0,CHA,,,,,,,,,McDaniels,J. McDaniels,,,,,,,,,,,7.0,1.0,1.0,0.0,,,,,,22001080,,34.9,8301.6,684.0,2,720,36.0,0,0,0,1,0,0,0,0,0,0,0,0,0,0,0.0,0,0,0,0,0,0,0,0,8,13.333333333333334,0.9694444444444444
10,PT11M21.00S,2021-05-16 17:11:22.900000+00:00,1,REGULAR,2pt,DUNK,"fastbreak, pointsinthepaint",1629023,93.3475689881734,48.7055759803922,1610612766,2,2,2021-05-16T17:13:57Z,100000,-6.0,10.0,1,right,P. Washington running DUNK (2 PTS) (L. Ball 1 AST),"1629023, 1630163",1610612766.0,CHA,running,,,,,,,,Washington,P. Washington,,,,,Made,2.0,1.19,L. Ball,1630163.0,1.0,,,,,,,,,,22001080,,38.1,8301.6,681.0,0,720,39.0,0,0,0,1,0,0,0,0,0,0,0,0,0,0,0.0,0,0,0,0,0,0,0,0,9,13.846153846153845,0.976923076923077
12,PT11M01.00S,2021-05-16 17:11:43.600000+00:00,1,REGULAR,2pt,Jump Shot,,1629060,6.22536136662286,72.7251838235294,1610612764,4,2,2021-05-16T17:11:47Z,120000,-114.0,6.0,1,left,R. Hachimura 11' pullup Jump Shot (4 PTS),1629060,1610612764.0,WAS,pullup,,,,,,,,Hachimura,R. Hachimura,,,,,Made,4.0,11.38,,,,,,,,,,,,,22001080,,58.8,8301.6,661.0,2,720,59.0,0,0,0,1,0,0,0,0,0,0,0,0,0,0,0.0,0,0,0,0,0,0,0,0,10,10.16949152542373,0.9966101694915254
13,PT10M53.00S,2021-05-16 17:11:51.800000+00:00,1,REGULAR,3pt,Jump Shot,,1630163,66.2779237844941,60.7153799019608,1610612766,4,2,2021-05-16T17:11:57Z,130000,54.0,264.0,1,right,MISS L. Ball 26' 3PT,1630163,1610612766.0,CHA,,,,,,,,,Ball,L. Ball,,,,,Missed,,26.99,,,,,,,,,,,,,22001080,,67.0,8301.6,653.0,2,720,67.0,0,0,0,1,0,0,0,0,0,0,0,0,0,0,0.0,0,0,0,0,0,0,0,0,11,9.850746268656716,1.0
14,PT10M50.00S,2021-05-16 17:11:54.800000+00:00,1,REGULAR,rebound,defensive,,203458,,,1610612764,4,2,2021-05-16T17:11:57Z,140000,,,0,,A. Len REBOUND (Off:0 Def:1),203458,1610612764.0,WAS,,,,,,,,,Len,A. Len,,,,,,,,,,,13.0,1.0,1.0,0.0,,,,,,22001080,,70.0,8301.6,650.0,2,720,70.0,0,0,0,1,0,0,0,0,0,0,0,0,0,0,0.0,0,0,0,0,0,0,0,0,12,10.285714285714285,1.0
15,PT10M41.00S,2021-05-16 17:12:04.800000+00:00,1,REGULAR,2pt,Jump Shot,,203078,15.949408672799,23.4604779411765,1610612764,4,2,2021-05-16T17:12:10Z,150000,133.0,97.0,1,left,MISS B. Beal 16' pullup Shot,203078,1610612764.0,WAS,pullup,,,,,,,,Beal,B. Beal,,,,,Missed,,16.46,,,,,,,,,,,,,22001080,,80.0,8301.6,641.0,2,720,79.0,0,0,0,1,0,0,0,0,0,0,0,0,0,0,0.0,0,0,0,0,0,0,0,0,13,9.873417721518987,1.0126582278481013
16,PT10M35.00S,2021-05-16 17:12:10.800000+00:00,1,REGULAR,rebound,defensive,,1628970,,,1610612766,4,2,2021-05-16T17:12:10Z,160000,,,0,,M. Bridges REBOUND (Off:0 Def:1),1628970,1610612766.0,CHA,,,,,,,,,Bridges,M. Bridges,,,,,,,,,,,15.0,1.0,1.0,0.0,,,,,,22001080,,86.0,8301.6,635.0,2,720,85.0,0,0,0,1,0,0,0,0,0,0,0,0,0,0,0.0,0,0,0,0,0,0,0,0,14,9.88235294117647,1.011764705882353
17,PT10M29.00S,2021-05-16 17:12:18.300000+00:00,1,REGULAR,2pt,Layup,pointsinthepaint,1626179,91.5078843626807,53.8526348039216,1610612766,4,4,2021-05-16T17:12:25Z,170000,19.0,27.0,1,right,T. Rozier driving Layup (2 PTS),1626179,1610612766.0,CHA,driving,,,,,,,,Rozier,T. Rozier,,,,,Made,2.0,3.34,,,,,,,,,,,,,22001080,,93.5,8301.6,629.0,0,720,91.0,0,0,0,1,0,0,0,0,0,0,0,0,0,0,0.0,0,0,0,0,0,0,0,0,15,9.89010989010989,1.0274725274725274
18,PT10M29.00S,2021-05-16 17:12:20.500000+00:00,1,REGULAR,foul,personal,1freethrow,203458,,,1610612766,4,4,2021-05-16T17:12:34Z,180000,,,0,,A. Len shooting personal FOUL (1 PF) (Rozier 1 FT),"203458, 1626179",1610612764.0,WAS,shooting,,,,,,1155.0,,Len,A. Len,1.0,0.0,Rozier,1626179.0,,,,,,,,,,,,,,,,22001080,,95.7,8301.6,629.0,0,720,91.0,0,0,0,1,1,0,0,0,0,1,0,0,0,0,1.0,0,0,0,0,0,0,0,0,16,10.54945054945055,1.0516483516483517
20,PT10M29.00S,2021-05-16 17:12:42.600000+00:00,1,REGULAR,freethrow,1 of 1,,1626179,,,1610612766,4,5,2021-05-16T17:12:42Z,200000,,,0,,T. Rozier Free Throw 1 of 1 (3 PTS),1626179,1610612766.0,CHA,,,,,,,,,Rozier,T. Rozier,,,,,Made,3.0,,,,,,,,,,,,,,22001080,,117.8,8301.6,629.0,1,720,91.0,0,0,0,1,0,0,0,0,1,1,0,0,0,1,1.0,0,0,0,0,0,0,0,0,17,11.20879120879121,1.2945054945054946
21,PT10M08.00S,2021-05-16 17:13:04.500000+00:00,1,REGULAR,3pt,Jump Shot,,201566,31.8495400788436,34.2447916666667,1610612764,4,5,2021-05-16T17:13:10Z,210000,79.0,247.0,1,left,MISS R. Westbrook 25' 3PT,201566,1610612764.0,WAS,,,,,,,,,Westbrook,R. Westbrook,,,,,Missed,,25.92,,,,,,,,,,,,,22001080,,139.7,8301.6,608.0,1,720,112.0,0,0,0,1,0,0,0,0,0,1,0,0,0,1,1.0,0,0,0,0,0,0,0,0,18,9.642857142857142,1.2473214285714285
22,PT10M04.00S,2021-05-16 17:13:08.500000+00:00,1,REGULAR,rebound,defensive,,1626179,,,1610612766,4,5,2021-05-16T17:13:10Z,220000,,,0,,T. Rozier REBOUND (Off:0 Def:1),1626179,1610612766.0,CHA,,,,,,,,,Rozier,T. Rozier,,,,,,,,,,,21.0,1.0,1.0,0.0,,,,,,22001080,,143.7,8301.6,604.0,1,720,116.0,0,0,0,1,0,0,0,0,0,1,0,0,0,1,1.0,0,0,0,0,0,0,0,0,19,9.827586206896552,1.2387931034482758
23,PT09M51.00S,2021-05-16 17:13:21.500000+00:00,1,REGULAR,3pt,Jump Shot,,1628970,68.2490144546649,24.9310661764706,1610612766,4,5,2021-05-16T17:13:25Z,230000,-125.0,246.0,1,right,MISS M. Bridges 27' 3PT,1628970,1610612766.0,CHA,,,,,,,,,Bridges,M. Bridges,,,,,Missed,,27.61,,,,,,,,,,,,,22001080,,156.7,8301.6,591.0,1,720,129.0,0,0,0,1,0,0,0,0,0,1,0,0,0,1,1.0,0,0,0,0,0,0,0,0,20,9.30232558139535,1.2147286821705425
24,PT09M49.00S,2021-05-16 17:13:23.500000+00:00,1,REGULAR,rebound,defensive,,201566,,,1610612764,4,5,2021-05-16T17:13:25Z,240000,,,0,,R. Westbrook REBOUND (Off:0 Def:2),201566,1610612764.0,WAS,,,,,,,,,Westbrook,R. Westbrook,,,,,,,,,,,23.0,2.0,2.0,0.0,,,,,,22001080,,158.7,8301.6,589.0,1,720,131.0,0,0,0,1,0,0,0,0,0,1,0,0,0,1,1.0,0,0,0,0,0,0,0,0,21,9.618320610687023,1.2114503816793891
25,PT09M43.00S,2021-05-16 17:13:30.200000+00:00,1,REGULAR,3pt,Jump Shot,,203078,8.59067017082786,95.5193014705882,1610612764,4,5,2021-05-16T17:13:36Z,250000,-228.0,28.0,1,left,MISS B. Beal 3PT,203078,1610612764.0,WAS,,,,,,,,,Beal,B. Beal,,,,,Missed,,22.94,,,,,,,,,,,,,22001080,,165.4,8301.6,583.0,1,720,137.0,0,0,0,1,0,0,0,0,0,1,0,0,0,1,1.0,0,0,0,0,0,0,0,0,22,9.635036496350365,1.2072992700729928
26,PT09M39.00S,2021-05-16 17:13:33.400000+00:00,1,REGULAR,rebound,offensive,,201566,,,1610612764,4,5,2021-05-16T17:13:33Z,260000,,,0,,R. Westbrook REBOUND (Off:1 Def:2),201566,1610612764.0,WAS,,,,,,,,,Westbrook,R. Westbrook,,,,,,,,,,,25.0,3.0,2.0,1.0,,,,,,22001080,,168.6,8301.6,579.0,1,720,141.0,0,0,0,1,0,0,0,0,0,1,0,0,0,1,1.0,0,0,0,0,0,0,0,0,23,9.787234042553191,1.195744680851064
27,PT09M37.00S,2021-05-16 17:13:35.800000+00:00,1,REGULAR,2pt,Layup,"pointsinthepaint, 2ndchance",203078,7.67082785808148,58.0193014705882,1610612764,4,5,2021-05-16T17:13:39Z,270000,-40.0,20.0,1,left,MISS B. Beal cutting Layup - blocked,"203078, 1628970",1610612764.0,WAS,cutting,,,,,,,,Beal,B. Beal,,,,,Missed,,4.46,,,,,,,,Bridges,1628970.0,,,,22001080,,171.0,8301.6,577.0,1,720,143.0,0,0,0,1,0,0,0,0,0,1,0,0,0,1,1.0,0,0,0,0,0,0,0,0,24,10.06993006993007,1.1958041958041958
28,PT09M37.00S,2021-05-16 17:13:35.800000+00:00,1,REGULAR,block,,,1628970,,,1610612764,4,5,2021-05-16T17:13:38Z,280000,,,0,,M. Bridges BLOCK (2 BLK),1628970,1610612766.0,CHA,,,,,,,,,Bridges,M. Bridges,,,,,,,,,,,,,,,,,,,,22001080,,171.0,8301.6,577.0,1,720,143.0,0,0,0,1,0,0,0,0,0,1,0,0,0,1,1.0,0,0,0,0,0,0,0,0,25,10.48951048951049,1.1958041958041958
29,PT09M35.00S,2021-05-16 17:13:37.800000+00:00,1,REGULAR,rebound,defensive,,1629667,,,1610612766,4,5,2021-05-16T17:13:39Z,290000,,,0,,J. McDaniels REBOUND (Off:0 Def:2),1629667,1610612766.0,CHA,,,,,,,,,McDaniels,J. McDaniels,,,,,,,,,,,27.0,2.0,2.0,0.0,,,,,,22001080,,173.0,8301.6,575.0,1,720,145.0,0,0,0,1,0,0,0,0,0,1,0,0,0,1,1.0,0,0,0,0,0,0,0,0,26,10.758620689655173,1.193103448275862
30,PT09M30.00S,2021-05-16 17:13:43.200000+00:00,1,REGULAR,2pt,Hook,"pointsinthepaint, fastbreak",1630163,90.4566360052562,65.3722426470588,1610612766,4,5,2021-05-16T17:13:49Z,300000,77.0,37.0,1,right,MISS L. Ball 8' driving Hook,1630163,1610612766.0,CHA,driving,,,,,,,,Ball,L. Ball,,,,,Missed,,8.54,,,,,,,,,,,,,22001080,,178.4,8301.6,570.0,1,720,150.0,0,0,0,1,0,0,0,0,0,1,0,0,0,1,1.0,0,0,0,0,0,0,0,0,27,10.8,1.1893333333333334
31,PT09M28.00S,2021-05-16 17:13:45.200000+00:00,1,REGULAR,rebound,defensive,,1629060,,,1610612764,4,5,2021-05-16T17:13:49Z,310000,,,0,,R. Hachimura REBOUND (Off:0 Def:1),1629060,1610612764.0,WAS,,,,,,,,,Hachimura,R. Hachimura,,,,,,,,,,,30.0,1.0,1.0,0.0,,,,,,22001080,,180.4,8301.6,568.0,1,720,152.0,0,0,0,1,0,0,0,0,0,1,0,0,0,1,1.0,0,0,0,0,0,0,0,0,28,11.052631578947368,1.186842105263158
32,PT09M24.00S,2021-05-16 17:13:49.400000+00:00,1,REGULAR,2pt,Layup,pointsinthepaint,203078,7.53942181340341,42.0879289215686,1610612764,4,5,2021-05-16T17:16:32Z,320000,40.0,18.0,1,left,MISS B. Beal running Layup - blocked,"203078, 1629023",1610612764.0,WAS,running,,,,,,,,Beal,B. Beal,,,,,Missed,,4.37,,,,,,,,Washington,1629023.0,,,,22001080,,184.6,8301.6,564.0,1,720,156.0,0,0,0,1,0,0,0,0,0,1,0,0,0,1,1.0,0,0,0,0,0,0,0,0,29,11.153846153846153,1.1833333333333333
33,PT09M24.00S,2021-05-16 17:13:49.400000+00:00,1,REGULAR,block,,,1629023,,,1610612764,4,5,2021-05-16T17:17:17Z,330000,,,0,,P. Washington BLOCK (1 BLK),1629023,1610612766.0,CHA,,,,,,,,,Washington,P. Washington,,,,,,,,,,,,,,,,,,,,22001080,,184.6,8301.6,564.0,1,720,156.0,0,0,0,1,0,0,0,0,0,1,0,0,0,1,1.0,0,0,0,0,0,0,0,0,30,11.538461538461538,1.1833333333333333
34,PT09M24.00S,2021-05-16 17:13:49.400000+00:00,1,REGULAR,rebound,defensive,team,0,,,1610612766,4,5,2021-05-16T17:14:11Z,340000,,,0,,TEAM defensive REBOUND,,1610612766.0,CHA,,,,,,,,,,,,,,,,,,,,,32.0,,,,,,,,,22001080,,184.6,8301.6,564.0,1,720,156.0,0,0,0,1,0,0,0,0,0,1,0,0,0,1,1.0,0,0,0,0,0,0,0,0,31,11.923076923076923,1.1833333333333333
35,PT09M24.00S,2021-05-16 17:13:57.300000+00:00,1,REGULAR,stoppage,out-of-bounds,,0,,,1610612766,4,5,2021-05-16T17:13:57Z,350000,,,0,,,,,,,,,,,,,,,,,,,,,,,,,,,,,,,,,,,22001080,,192.5,8301.6,564.0,1,720,156.0,0,0,0,1,0,0,0,0,0,1,0,0,0,1,1.0,0,0,0,0,0,0,0,0,32,12.307692307692307,1.233974358974359
36,PT09M10.00S,2021-05-16 17:14:11.700000+00:00,1,REGULAR,2pt,Jump Shot,pointsinthepaint,1626179,79.6813403416557,46.9898897058823,1610612766,4,5,2021-05-16T17:14:18Z,360000,-15.0,138.0,1,right,MISS T. Rozier 13' step back Shot,1626179,1610612766.0,CHA,step back,,,,,,,,Rozier,T. Rozier,,,,,Missed,,13.93,,,,,,,,,,,,,22001080,,206.9,8301.6,550.0,1,720,170.0,0,0,0,1,0,0,0,0,0,1,0,0,0,1,1.0,0,0,0,0,0,0,0,0,33,11.647058823529411,1.2170588235294117
37,PT09M06.00S,2021-05-16 17:14:15.700000+00:00,1,REGULAR,rebound,offensive,,1626179,,,1610612766,4,5,2021-05-16T17:14:18Z,370000,,,0,,T. Rozier REBOUND (Off:1 Def:1),1626179,1610612766.0,CHA,,,,,,,,,Rozier,T. Rozier,,,,,,,,,,,36.0,2.0,1.0,1.0,,,,,,22001080,,210.9,8301.6,546.0,1,720,174.0,0,0,0,1,0,0,0,0,0,1,0,0,0,1,1.0,0,0,0,0,0,0,0,0,34,11.724137931034484,1.2120689655172414
38,PT09M03.00S,2021-05-16 17:14:18.100000+00:00,1,REGULAR,3pt,Jump Shot,2ndchance,1629667,86.2516425755585,4.09773284313727,1610612766,4,5,2021-05-16T17:14:22Z,380000,-230.0,77.0,1,right,MISS J. McDaniels 24' 3PT,1629667,1610612766.0,CHA,,,,,,,,,McDaniels,J. McDaniels,,,,,Missed,,24.2,,,,,,,,,,,,,22001080,,213.3,8301.6,543.0,1,720,177.0,0,0,0,1,0,0,0,0,0,1,0,0,0,1,1.0,0,0,0,0,0,0,0,0,35,11.864406779661016,1.2050847457627119
39,PT09M00.00S,2021-05-16 17:14:21.100000+00:00,1,REGULAR,rebound,defensive,,201566,,,1610612764,4,5,2021-05-16T17:14:22Z,390000,,,0,,R. Westbrook REBOUND (Off:1 Def:3),201566,1610612764.0,WAS,,,,,,,,,Westbrook,R. Westbrook,,,,,,,,,,,38.0,4.0,3.0,1.0,,,,,,22001080,,216.3,8301.6,540.0,1,720,180.0,0,0,0,1,0,0,0,0,0,1,0,0,0,1,0.0,0,0,0,0,0,0,0,0,36,12.0,1.2016666666666667
40,PT08M49.00S,2021-05-16 17:14:31.200000+00:00,1,REGULAR,3pt,Jump Shot,,202722,30.272667542707,84.2447916666667,1610612764,7,5,2021-05-16T17:14:35Z,400000,-171.0,232.0,1,left,D. Bertans 28' 3PT  (3 PTS) (R. Westbrook 2 AST),"202722, 201566",1610612764.0,WAS,,,,,,,,,Bertans,D. Bertans,,,,,Made,3.0,28.84,R. Westbrook,201566.0,2.0,,,,,,,,,,22001080,,226.4,8301.6,529.0,2,720,191.0,0,0,0,1,0,0,0,0,0,1,0,0,0,1,0.0,0,0,0,0,0,0,0,0,37,11.62303664921466,1.1853403141361256
42,PT08M32.00S,2021-05-16 17:14:48.700000+00:00,1,REGULAR,2pt,Jump Shot,,1630163,77.3160315374507,41.1075367647059,1610612766,7,5,2021-05-16T17:14:54Z,420000,-44.0,161.0,1,right,MISS L. Ball 16' driving floating Shot,1630163,1610612766.0,CHA,driving floating,,,,,,,,Ball,L. Ball,,,,,Missed,,16.67,,,,,,,,,,,,,22001080,,243.9,8301.6,512.0,2,720,208.0,0,0,0,1,0,0,0,0,0,1,0,0,0,1,0.0,0,0,0,0,0,0,0,0,38,10.961538461538462,1.1725961538461538
43,PT08M30.00S,2021-05-16 17:14:50.700000+00:00,1,REGULAR,rebound,offensive,,1630163,,,1610612766,7,5,2021-05-16T17:14:54Z,430000,,,0,,L. Ball REBOUND (Off:1 Def:0),1630163,1610612766.0,CHA,,,,,,,,,Ball,L. Ball,,,,,,,,,,,42.0,1.0,0.0,1.0,,,,,,22001080,,245.9,8301.6,510.0,2,720,210.0,0,0,0,1,0,0,0,0,0,1,0,0,0,1,0.0,0,0,0,0,0,0,0,0,39,11.142857142857142,1.170952380952381
44,PT08M28.00S,2021-05-16 17:14:55.700000+00:00,1,REGULAR,2pt,Layup,"pointsinthepaint, 2ndchance",1630163,93.3475689881734,44.5389093137255,1610612766,7,7,2021-05-16T17:18:05Z,440000,-27.0,10.0,1,right,L. Ball driving Layup (2 PTS) (P. Washington 1 AST),"1630163, 1629023",1610612766.0,CHA,driving,,,,,,,,Ball,L. Ball,,,,,Made,2.0,2.91,P. Washington,1629023.0,1.0,,,,,,,,,,22001080,,250.9,8301.6,508.0,0,720,212.0,0,0,0,1,0,0,0,0,0,1,0,0,0,1,0.0,0,0,0,0,0,0,0,0,40,11.320754716981133,1.183490566037736
45,PT08M28.00S,2021-05-16 17:14:57.800000+00:00,1,REGULAR,foul,personal,1freethrow,201566,,,1610612766,7,7,2021-05-16T17:15:14Z,450000,,,0,,R. Westbrook shooting personal FOUL (1 PF) (Ball 1 FT),"201566, 1630163",1610612764.0,WAS,shooting,,,,,,2714.0,,Westbrook,R. Westbrook,1.0,0.0,Ball,1630163.0,,,,,,,,,,,,,,,,22001080,,253.0,8301.6,508.0,0,720,212.0,0,0,0,1,1,0,0,0,0,2,0,0,0,1,1.0,0,0,0,0,0,0,0,0,41,11.60377358490566,1.1933962264150944
47,PT08M28.00S,2021-05-16 17:15:06.900000+00:00,1,REGULAR,substitution,out,,203078,,,1610612766,7,7,2021-05-16T17:15:35Z,470000,,,0,,SUB out: B. Beal,203078,1610612764.0,WAS,,,,,,,,,Beal,B. Beal,,,,,,,,,,,,,,,,,,,,22001080,,262.1,8301.6,508.0,0,720,212.0,0,0,0,1,0,0,0,0,0,2,0,0,0,1,1.0,0,0,0,0,0,0,0,0,42,11.88679245283019,1.2363207547169812
48,PT08M28.00S,2021-05-16 17:15:06.900000+00:00,1,REGULAR,substitution,in,,1628990,,,1610612766,7,7,2021-05-16T17:15:35Z,480000,,,0,,SUB in: C. Hutchison,1628990,1610612764.0,WAS,,,,,,,,,Hutchison,C. Hutchison,,,,,,,,,,,,,,,,,,,,22001080,,262.1,8301.6,508.0,0,720,212.0,0,0,0,1,0,0,0,0,0,2,0,0,0,1,1.0,0,0,0,0,0,0,0,0,43,12.169811320754718,1.2363207547169812
49,PT08M28.00S,2021-05-16 17:15:34+00:00,1,REGULAR,freethrow,1 of 1,2ndchance,1630163,,,1610612766,7,7,2021-05-16T17:15:36Z,490000,,,0,,MISS L. Ball Free Throw 1 of 1,1630163,1610612766.0,CHA,,,,,,,,,Ball,L. Ball,,,,,Missed,,,,,,,,,,,,,,,22001080,,289.2,8301.6,508.0,0,720,212.0,0,0,0,1,0,0,0,0,1,2,0,0,0,2,1.0,0,0,0,0,0,0,0,0,44,12.452830188679245,1.3641509433962264
50,PT08M25.00S,2021-05-16 17:15:37+00:00,1,REGULAR,rebound,defensive,,201566,,,1610612764,7,7,2021-05-16T17:15:36Z,500000,,,0,,R. Westbrook REBOUND (Off:1 Def:4),201566,1610612764.0,WAS,,,,,,,,,Westbrook,R. Westbrook,,,,,,,,,,,49.0,5.0,4.0,1.0,,,,,,22001080,,292.2,8301.6,505.0,0,720,215.0,0,0,0,1,0,0,0,0,0,2,0,0,0,2,1.0,0,0,0,0,0,0,0,0,45,12.55813953488372,1.3590697674418604
51,PT08M22.00S,2021-05-16 17:15:37.800000+00:00,1,REGULAR,3pt,Jump Shot,,202722,22.1254927726675,10.2251838235294,1610612764,7,7,2021-05-16T17:15:43Z,510000,199.0,155.0,1,left,MISS D. Bertans 25' 3PT,202722,1610612764.0,WAS,,,,,,,,,Bertans,D. Bertans,,,,,Missed,,25.25,,,,,,,,,,,,,22001080,,293.0,8301.6,502.0,0,720,218.0,0,0,0,1,0,0,0,0,0,2,0,0,0,2,1.0,0,0,0,0,0,0,0,0,46,12.660550458715596,1.3440366972477065
52,PT08M18.00S,2021-05-16 17:15:41.800000+00:00,1,REGULAR,rebound,defensive,,1630163,,,1610612766,7,7,2021-05-16T17:15:43Z,520000,,,0,,L. Ball REBOUND (Off:1 Def:1),1630163,1610612766.0,CHA,,,,,,,,,Ball,L. Ball,,,,,,,,,,,51.0,2.0,1.0,1.0,,,,,,22001080,,297.0,8301.6,498.0,0,720,222.0,0,0,0,1,0,0,0,0,0,2,0,0,0,2,1.0,0,0,0,0,0,0,0,0,47,12.702702702702702,1.337837837837838
53,PT08M12.00S,2021-05-16 17:15:47.200000+00:00,1,REGULAR,3pt,Jump Shot,,1629023,67.1977660972405,42.8232230392157,1610612766,7,10,2021-05-16T17:15:51Z,530000,-36.0,256.0,1,right,P. Washington 25' 3PT  (5 PTS) (L. Ball 2 AST),"1629023, 1630163",1610612766.0,CHA,,,,,,,,,Washington,P. Washington,,,,,Made,5.0,25.83,L. Ball,1630163.0,2.0,,,,,,,,,,22001080,,302.4,8301.6,492.0,3,720,228.0,0,0,0,1,0,0,0,0,0,2,0,0,0,2,1.0,0,0,0,0,0,0,0,0,48,12.631578947368421,1.3263157894736841
55,PT07M57.00S,2021-05-16 17:16:02.700000+00:00,1,REGULAR,2pt,Jump Shot,,201566,17.0006570302234,17.0879289215686,1610612764,7,10,2021-05-16T17:16:08Z,550000,165.0,107.0,1,left,MISS R. Westbrook 19' pullup Shot,201566,1610612764.0,WAS,pullup,,,,,,,,Westbrook,R. Westbrook,,,,,Missed,,19.65,,,,,,,,,,,,,22001080,,317.9,8301.6,477.0,3,720,243.0,0,0,0,1,0,0,0,0,0,2,0,0,0,2,1.0,0,0,0,0,0,0,0,0,49,12.098765432098766,1.3082304526748971
56,PT07M53.00S,2021-05-16 17:16:06.700000+00:00,1,REGULAR,rebound,defensive,,1629023,,,1610612766,7,10,2021-05-16T17:16:08Z,560000,,,0,,P. Washington REBOUND (Off:0 Def:1),1629023,1610612766.0,CHA,,,,,,,,,Washington,P. Washington,,,,,,,,,,,55.0,1.0,1.0,0.0,,,,,,22001080,,321.9,8301.6,473.0,3,720,247.0,0,0,0,1,0,0,0,0,0,2,0,0,0,2,1.0,0,0,0,0,0,0,0,0,50,12.145748987854253,1.3032388663967611
57,PT07M32.00S,2021-05-16 17:16:27.800000+00:00,1,REGULAR,3pt,Jump Shot,,1630163,80.2069645203679,3.85263480392157,1610612766,7,13,2021-05-16T17:16:32Z,570000,-231.0,134.0,1,right,L. Ball 26' 3PT  (5 PTS) (T. Rozier 1 AST),"1630163, 1626179",1610612766.0,CHA,,,,,,,,,Ball,L. Ball,,,,,Made,5.0,26.66,T. Rozier,1626179.0,1.0,,,,,,,,,,22001080,,343.0,8301.6,452.0,6,720,268.0,0,0,0,0,0,0,0,0,0,2,0,0,0,2,1.0,0,0,0,0,0,0,0,0,51,11.417910447761194,1.2798507462686568
59,PT07M20.00S,2021-05-16 17:16:42.500000+00:00,1,REGULAR,foul,personal,2freethrow,1629023,,,1610612764,7,13,2021-05-16T17:16:52Z,590000,,,0,,P. Washington shooting personal FOUL (1 PF) (Westbrook 2 FT),"1629023, 201566",1610612766.0,CHA,shooting,,,,,,1188.0,,Washington,P. Washington,1.0,0.0,Westbrook,201566.0,,,,,,,,,,,,,,,,22001080,,357.7,8301.6,440.0,6,720,280.0,0,0,0,0,1,0,0,0,0,3,0,0,0,2,2.0,0,0,0,0,0,0,0,0,52,11.142857142857142,1.2774999999999999
61,PT07M20.00S,2021-05-16 17:17:10.800000+00:00,1,REGULAR,freethrow,1 of 2,,201566,,,1610612764,7,13,2021-05-16T17:17:10Z,610000,,,0,,MISS R. Westbrook Free Throw 1 of 2,201566,1610612764.0,WAS,,,,,,,,,Westbrook,R. Westbrook,,,,,Missed,,,,,,,,,,,,,,,22001080,,386.0,8301.6,440.0,6,720,280.0,0,0,0,0,0,0,0,0,1,3,0,0,0,3,2.0,0,0,0,0,0,0,0,0,53,11.357142857142856,1.3785714285714286
62,PT07M20.00S,2021-05-16 17:17:10.800000+00:00,1,REGULAR,rebound,offensive,"deadball, team",0,,,1610612764,7,13,2021-05-16T17:17:10Z,620000,,,0,,TEAM offensive REBOUND,,1610612764.0,WAS,,,,,,,,,,,,,,,,,,,,,61.0,,,,,,,,,22001080,,386.0,8301.6,440.0,6,720,280.0,0,0,0,0,0,0,0,0,0,3,0,0,0,3,2.0,0,0,0,0,0,0,0,0,54,11.571428571428571,1.3785714285714286
63,PT07M20.00S,2021-05-16 17:17:11.600000+00:00,1,REGULAR,substitution,out,,203458,,,1610612764,7,13,2021-05-16T17:17:20Z,630000,,,0,,SUB out: A. Len,203458,1610612764.0,WAS,,,,,,,,,Len,A. Len,,,,,,,,,,,,,,,,,,,,22001080,,386.8,8301.6,440.0,6,720,280.0,0,0,0,0,0,0,0,0,0,3,0,0,0,3,2.0,0,0,0,0,0,0,0,0,55,11.785714285714285,1.3814285714285715
64,PT07M20.00S,2021-05-16 17:17:11.600000+00:00,1,REGULAR,substitution,in,,1629655,,,1610612764,7,13,2021-05-16T17:17:20Z,640000,,,0,,SUB in: D. Gafford,1629655,1610612764.0,WAS,,,,,,,,,Gafford,D. Gafford,,,,,,,,,,,,,,,,,,,,22001080,,386.8,8301.6,440.0,6,720,280.0,0,0,0,0,0,0,0,0,0,3,0,0,0,3,2.0,0,0,0,0,0,0,0,0,56,12.0,1.3814285714285715
65,PT07M20.00S,2021-05-16 17:17:30.800000+00:00,1,REGULAR,freethrow,2 of 2,,201566,,,1610612764,8,13,2021-05-16T17:17:30Z,650000,,,0,,R. Westbrook Free Throw 2 of 2 (1 PTS),201566,1610612764.0,WAS,,,,,,,,,Westbrook,R. Westbrook,,,,,Made,1.0,,,,,,,,,,,,,,22001080,,406.0,8301.6,440.0,5,720,280.0,0,0,0,1,0,0,0,0,1,3,0,0,0,4,2.0,0,0,0,0,0,0,0,0,57,12.214285714285714,1.45
66,PT07M02.00S,2021-05-16 17:17:49+00:00,1,REGULAR,3pt,Jump Shot,,1629023,90.9822601839685,2.87224264705883,1610612766,8,16,2021-05-16T17:17:52Z,660000,-236.0,32.0,1,right,P. Washington 3PT  (8 PTS) (T. Rozier 2 AST),"1629023, 1626179",1610612766.0,CHA,,,,,,,,,Washington,P. Washington,,,,,Made,8.0,23.78,T. Rozier,1626179.0,2.0,,,,,,,,,,22001080,,424.2,8301.6,422.0,8,720,298.0,0,0,0,0,0,0,0,0,0,3,0,0,0,4,2.0,0,0,0,0,0,0,0,0,58,11.677852348993289,1.423489932885906
68,PT06M51.00S,2021-05-16 17:18:00.100000+00:00,1,REGULAR,turnover,bad pass,,201566,,,1610612764,8,16,2021-05-16T17:18:06Z,680000,,,0,,R. Westbrook bad pass TURNOVER (1 TO),"201566, 1626179",1610612764.0,WAS,,,,,,,,1.0,Westbrook,R. Westbrook,,,,,,,,,,,,,,,,,,Rozier,1626179.0,22001080,,435.3,8301.6,411.0,8,720,309.0,0,0,0,0,0,0,1,0,0,3,0,1,0,4,2.0,0,0,0,0,0,0,0,0,59,11.456310679611649,1.40873786407767
69,PT06M51.00S,2021-05-16 17:18:00.100000+00:00,1,REGULAR,steal,,,1626179,,,1610612766,8,16,2021-05-16T17:18:03Z,690000,,,0,,T. Rozier STEAL (1 STL),1626179,1610612766.0,CHA,,,,,,,,,Rozier,T. Rozier,,,,,,,,,,,,,,,,,,,,22001080,,435.3,8301.6,411.0,8,720,309.0,0,0,0,0,0,0,0,0,0,3,0,1,0,4,2.0,0,0,0,0,0,0,0,0,60,11.650485436893202,1.40873786407767
70,PT06M45.00S,2021-05-16 17:18:05.700000+00:00,1,REGULAR,2pt,Layup,"pointsinthepaint, fromturnover",1626179,86.6458607095926,55.3232230392157,1610612766,8,16,2021-05-16T17:18:11Z,700000,27.0,73.0,1,right,MISS T. Rozier 7' driving reverse Layup,1626179,1610612766.0,CHA,driving reverse,,,,,,,,Rozier,T. Rozier,,,,,Missed,,7.77,,,,,,,,,,,,,22001080,,440.9,8301.6,405.0,8,720,315.0,0,0,0,0,0,0,0,0,0,3,0,1,0,4,1.0,0,0,0,0,0,0,0,0,61,11.619047619047619,1.3996825396825396
72,PT06M43.00S,2021-05-16 17:18:07.700000+00:00,1,REGULAR,rebound,defensive,,1629060,,,1610612764,8,16,2021-05-16T17:18:11Z,720000,,,0,,R. Hachimura REBOUND (Off:0 Def:2),1629060,1610612764.0,WAS,,,,,,,,,Hachimura,R. Hachimura,,,,,,,,,,,70.0,2.0,2.0,0.0,,,,,,22001080,,442.9,8301.6,403.0,8,720,317.0,0,0,0,0,0,0,0,0,0,3,0,1,0,4,1.0,0,0,0,0,0,0,0,0,62,11.735015772870662,1.397160883280757
73,PT06M40.00S,2021-05-16 17:18:11.500000+00:00,1,REGULAR,2pt,Layup,"pointsinthepaint, fastbreak",1629060,8.19645203679369,57.5291053921569,1610612764,8,16,2021-05-16T17:18:21Z,730000,-38.0,25.0,1,left,MISS R. Hachimura running Layup - blocked,"1629060, 1628970",1610612764.0,WAS,running,,,,,,,,Hachimura,R. Hachimura,,,,,Missed,,4.49,,,,,,,,Bridges,1628970.0,,,,22001080,,446.7,8301.6,400.0,8,720,320.0,0,0,0,0,0,0,0,0,0,3,0,1,0,4,1.0,0,0,0,0,0,0,0,0,63,11.8125,1.3959375
74,PT06M40.00S,2021-05-16 17:18:11.500000+00:00,1,REGULAR,block,,,1628970,,,1610612764,8,16,2021-05-16T17:18:14Z,740000,,,0,,M. Bridges BLOCK (3 BLK),1628970,1610612766.0,CHA,,,,,,,,,Bridges,M. Bridges,,,,,,,,,,,,,,,,,,,,22001080,,446.7,8301.6,400.0,8,720,320.0,0,0,0,0,0,0,0,0,0,3,0,1,0,4,1.0,0,0,0,0,0,0,0,0,64,12.0,1.3959375
75,PT06M39.00S,2021-05-16 17:18:12.500000+00:00,1,REGULAR,rebound,offensive,team,0,,,1610612764,8,16,2021-05-16T17:18:21Z,750000,,,0,,TEAM offensive REBOUND,,1610612764.0,WAS,,,,,,,,,,,,,,,,,,,,,73.0,,,,,,,,,22001080,,447.7,8301.6,399.0,8,720,321.0,0,0,0,0,0,0,0,0,0,3,0,1,0,4,1.0,0,0,0,0,0,0,0,0,65,12.149532710280374,1.3947040498442367
76,PT06M39.00S,2021-05-16 17:18:17+00:00,1,REGULAR,stoppage,out-of-bounds,,0,,,1610612764,8,16,2021-05-16T17:18:17Z,760000,,,0,,,,,,,,,,,,,,,,,,,,,,,,,,,,,,,,,,,22001080,,452.2,8301.6,399.0,8,720,321.0,0,0,0,0,0,0,0,0,0,3,0,1,0,4,1.0,0,0,0,0,0,0,0,0,66,12.336448598130842,1.4087227414330217
77,PT06M39.00S,2021-05-16 17:18:21.200000+00:00,1,REGULAR,timeout,full,"team, mandatory",0,,,1610612764,8,16,2021-05-16T17:18:21Z,770000,,,0,,WAS Timeout,,1610612764.0,WAS,,,,,,,,,,,,,,,,,,,,,,,,,,,,,,22001080,,456.4,8301.6,399.0,8,720,321.0,0,0,0,0,0,1,0,0,0,3,1,1,0,4,1.0,0,0,0,0,0,0,0,0,67,12.52336448598131,1.4218068535825545
79,PT06M39.00S,2021-05-16 17:20:06.700000+00:00,1,REGULAR,substitution,out,,1628990,,,1610612764,8,16,2021-05-16T17:21:05Z,780000,,,0,,SUB out: C. Hutchison,1628990,1610612764.0,WAS,,,,,,,,,Hutchison,C. Hutchison,,,,,,,,,,,,,,,,,,,,22001080,,561.9,8301.6,399.0,8,720,321.0,0,0,0,0,0,0,0,0,0,3,1,1,0,4,1.0,0,0,0,0,0,0,0,0,68,12.710280373831777,1.750467289719626
80,PT06M39.00S,2021-05-16 17:20:06.700000+00:00,1,REGULAR,substitution,out,,201566,,,1610612764,8,16,2021-05-16T17:21:05Z,790000,,,0,,SUB out: R. Westbrook,201566,1610612764.0,WAS,,,,,,,,,Westbrook,R. Westbrook,,,,,,,,,,,,,,,,,,,,22001080,,561.9,8301.6,399.0,8,720,321.0,0,0,0,0,0,0,0,0,0,3,1,1,0,4,1.0,0,0,0,0,0,0,0,0,69,12.897196261682243,1.750467289719626
81,PT06M39.00S,2021-05-16 17:20:06.700000+00:00,1,REGULAR,substitution,out,,1629667,,,1610612764,8,16,2021-05-16T17:21:05Z,800000,,,0,,SUB out: J. McDaniels,1629667,1610612766.0,CHA,,,,,,,,,McDaniels,J. McDaniels,,,,,,,,,,,,,,,,,,,,22001080,,561.9,8301.6,399.0,8,720,321.0,0,0,0,0,0,0,0,0,0,3,1,1,0,4,1.0,0,0,0,0,0,0,0,0,70,13.08411214953271,1.750467289719626
82,PT06M39.00S,2021-05-16 17:20:06.700000+00:00,1,REGULAR,substitution,in,,202397,,,1610612764,8,16,2021-05-16T17:21:05Z,810000,,,0,,SUB in: I. Smith,202397,1610612764.0,WAS,,,,,,,,,Smith,I. Smith,,,,,,,,,,,,,,,,,,,,22001080,,561.9,8301.6,399.0,8,720,321.0,0,0,0,0,0,0,0,0,0,3,1,1,0,4,1.0,0,0,0,0,0,0,0,0,71,13.271028037383179,1.750467289719626
83,PT06M39.00S,2021-05-16 17:20:06.700000+00:00,1,REGULAR,substitution,in,,203078,,,1610612764,8,16,2021-05-16T17:21:05Z,820000,,,0,,SUB in: B. Beal,203078,1610612764.0,WAS,,,,,,,,,Beal,B. Beal,,,,,,,,,,,,,,,,,,,,22001080,,561.9,8301.6,399.0,8,720,321.0,0,0,0,0,0,0,0,0,0,3,1,1,0,4,0.0,0,0,0,0,0,0,0,0,72,13.457943925233646,1.750467289719626
84,PT06M39.00S,2021-05-16 17:20:06.700000+00:00,1,REGULAR,substitution,in,,1628984,,,1610612764,8,16,2021-05-16T17:21:05Z,830000,,,0,,SUB in: D. Graham,1628984,1610612766.0,CHA,,,,,,,,,Graham,D. Graham,,,,,,,,,,,,,,,,,,,,22001080,,561.9,8301.6,399.0,8,720,321.0,0,0,0,0,0,0,0,0,0,3,1,1,0,4,0.0,0,0,0,0,0,0,0,0,73,13.644859813084112,1.750467289719626
85,PT06M31.00S,2021-05-16 17:21:21.700000+00:00,1,REGULAR,2pt,Layup,"pointsinthepaint, 2ndchance",1629655,9.77332457293035,62.1859681372549,1610612764,8,16,2021-05-16T17:21:28Z,840000,-61.0,39.0,1,left,MISS D. Gafford 7' Layup,1629655,1610612764.0,WAS,,,,,,,,,Gafford,D. Gafford,,,,,Missed,,7.25,,,,,,,,,,,,,22001080,,636.9,8301.6,391.0,8,720,329.0,0,0,0,0,0,0,0,0,0,3,1,1,0,4,0.0,0,0,0,0,0,0,0,0,74,13.495440729483283,1.9358662613981763
86,PT06M27.00S,2021-05-16 17:21:25.700000+00:00,1,REGULAR,rebound,defensive,,1629023,,,1610612766,8,16,2021-05-16T17:21:28Z,850000,,,0,,P. Washington REBOUND (Off:0 Def:2),1629023,1610612766.0,CHA,,,,,,,,,Washington,P. Washington,,,,,,,,,,,85.0,2.0,2.0,0.0,,,,,,22001080,,640.9,8301.6,387.0,8,720,333.0,0,0,0,0,0,0,0,0,0,3,1,1,0,4,0.0,0,0,0,0,0,0,0,0,75,13.513513513513514,1.9246246246246246
87,PT06M23.00S,2021-05-16 17:21:29.800000+00:00,1,REGULAR,3pt,Jump Shot,,1629023,68.9060446780552,25.1761642156863,1610612766,8,16,2021-05-16T17:21:37Z,860000,-124.0,240.0,1,right,MISS P. Washington 27' 3PT,1629023,1610612766.0,CHA,,,,,,,,,Washington,P. Washington,,,,,Missed,,27.0,,,,,,,,,,,,,22001080,,645.0,8301.6,383.0,8,720,337.0,0,0,0,0,0,0,0,0,0,3,1,1,0,4,0.0,0,0,0,0,0,0,0,0,76,13.531157270029675,1.913946587537092
88,PT06M20.00S,2021-05-16 17:21:32.800000+00:00,1,REGULAR,rebound,defensive,,202397,,,1610612764,8,16,2021-05-16T17:21:37Z,870000,,,0,,I. Smith REBOUND (Off:0 Def:1),202397,1610612764.0,WAS,,,,,,,,,Smith,I. Smith,,,,,,,,,,,87.0,1.0,1.0,0.0,,,,,,22001080,,648.0,8301.6,380.0,8,720,340.0,0,0,0,0,0,0,0,0,0,3,1,1,0,4,0.0,0,0,0,0,0,0,0,0,77,13.588235294117647,1.9058823529411764
89,PT06M12.00S,2021-05-16 17:21:41.500000+00:00,1,REGULAR,2pt,DUNK,pointsinthepaint,202722,7.53942181340341,52.1369485294118,1610612764,10,16,2021-05-16T17:21:45Z,880000,-11.0,18.0,1,left,D. Bertans driving DUNK (5 PTS) (I. Smith 1 AST),"202722, 202397",1610612764.0,WAS,driving,,,,,,,,Bertans,D. Bertans,,,,,Made,5.0,2.13,I. Smith,202397.0,1.0,,,,,,,,,,22001080,,656.7,8301.6,372.0,6,720,348.0,0,0,0,0,0,0,0,0,0,3,1,1,0,4,0.0,0,0,0,0,0,0,0,0,78,13.448275862068966,1.8870689655172415
91,PT06M07.00S,2021-05-16 17:21:48.600000+00:00,1,REGULAR,foul,personal,2freethrow,1629655,,,1610612766,10,16,2021-05-16T17:23:12Z,900000,,,0,,D. Gafford shooting personal FOUL (1 PF) (Bridges 2 FT),"1629655, 1628970",1610612764.0,WAS,shooting,,,,,,1188.0,,Gafford,D. Gafford,1.0,0.0,Bridges,1628970.0,,,,,,,,,,,,,,,,22001080,,663.8,8301.6,367.0,6,720,353.0,0,0,0,0,1,0,0,0,0,4,1,1,0,4,1.0,0,0,0,0,0,0,0,0,79,13.427762039660056,1.880453257790368
93,PT06M07.00S,2021-05-16 17:22:15.800000+00:00,1,REGULAR,freethrow,1 of 2,,1628970,,,1610612766,10,17,2021-05-16T17:26:23Z,920000,,,0,,M. Bridges Free Throw 1 of 2 (1 PTS),1628970,1610612766.0,CHA,,,,,,,,,Bridges,M. Bridges,,,,,Made,1.0,,,,,,,,,,,,,,22001080,,691.0,8301.6,367.0,7,720,353.0,0,0,0,0,0,0,0,0,1,4,1,1,0,5,1.0,0,0,0,0,0,0,0,0,80,13.597733711048157,1.9575070821529745
125,PT06M07.00S,2021-05-16 17:22:15.800000+00:00,1,REGULAR,freethrow,2 of 2,,1628970,,,1610612766,10,18,2021-05-16T17:26:23Z,922500,,,0,,M. Bridges Free Throw 2 of 2 (2 PTS),1628970,1610612766.0,CHA,,,,,,,,,Bridges,M. Bridges,,,,,Made,2.0,,,,,,,,,,,,,,22001080,,691.0,8301.6,367.0,8,720,353.0,0,0,0,0,0,0,0,0,1,4,1,1,0,6,1.0,0,0,0,0,0,0,0,0,81,13.76770538243626,1.9575070821529745
94,PT06M07.00S,2021-05-16 17:22:16.400000+00:00,1,REGULAR,substitution,out,,1630163,,,1610612764,10,18,2021-05-16T17:24:26Z,930000,,,0,,SUB out: L. Ball,1630163,1610612766.0,CHA,,,,,,,,,Ball,L. Ball,,,,,,,,,,,,,,,,,,,,22001080,,691.6,8301.6,367.0,8,720,353.0,0,0,0,0,0,0,0,0,0,4,1,1,0,6,1.0,0,0,0,0,0,0,0,0,82,13.93767705382436,1.9592067988668556
95,PT06M07.00S,2021-05-16 17:22:16.400000+00:00,1,REGULAR,substitution,in,,203469,,,1610612764,10,18,2021-05-16T17:24:26Z,940000,,,0,,SUB in: C. Zeller,203469,1610612766.0,CHA,,,,,,,,,Zeller,C. Zeller,,,,,,,,,,,,,,,,,,,,22001080,,691.6,8301.6,367.0,8,720,353.0,0,0,0,0,0,0,0,0,0,4,1,1,0,6,1.0,0,0,0,0,0,0,0,0,83,14.107648725212464,1.9592067988668556
96,PT05M52.00S,2021-05-16 17:22:51.200000+00:00,1,REGULAR,3pt,Jump Shot,,203078,13.715505913272,3.85263480392157,1610612764,10,18,2021-05-16T17:27:12Z,950000,231.0,76.0,1,left,MISS B. Beal 24' pullup 3PT,203078,1610612764.0,WAS,pullup,,,,,,,,Beal,B. Beal,,,,,Missed,,24.3,,,,,,,,,,,,,22001080,,726.4,8301.6,352.0,8,720,368.0,0,0,0,0,0,0,0,0,0,4,1,1,0,6,1.0,0,0,0,0,0,0,0,0,84,13.695652173913043,1.9739130434782608
97,PT05M52.00S,2021-05-16 17:22:51.200000+00:00,1,REGULAR,rebound,defensive,team,0,,,1610612766,10,18,2021-05-16T17:22:56Z,960000,,,0,,TEAM defensive REBOUND,,1610612766.0,CHA,,,,,,,,,,,,,,,,,,,,,96.0,,,,,,,,,22001080,,726.4,8301.6,352.0,8,720,368.0,0,0,0,0,0,0,0,0,0,4,1,1,0,6,1.0,0,0,0,0,0,0,0,0,85,13.858695652173912,1.9739130434782608
98,PT05M52.00S,2021-05-16 17:22:56.600000+00:00,1,REGULAR,stoppage,out-of-bounds,,0,,,1610612766,10,18,2021-05-16T17:22:56Z,970000,,,0,,,,,,,,,,,,,,,,,,,,,,,,,,,,,,,,,,,22001080,,731.8,8301.6,352.0,8,720,368.0,0,0,0,0,0,0,0,0,0,4,1,1,0,6,1.0,0,0,0,0,0,0,0,0,86,14.021739130434781,1.9885869565217391
99,PT05M52.00S,2021-05-16 17:22:57.400000+00:00,1,REGULAR,substitution,out,,1628970,,,1610612766,10,18,2021-05-16T17:23:04Z,980000,,,0,,SUB out: M. Bridges,1628970,1610612766.0,CHA,,,,,,,,,Bridges,M. Bridges,,,,,,,,,,,,,,,,,,,,22001080,,732.6,8301.6,352.0,8,720,368.0,0,0,0,0,0,0,0,0,0,4,1,1,0,6,1.0,0,0,0,0,0,0,0,0,87,14.18478260869565,1.9907608695652175
100,PT05M52.00S,2021-05-16 17:22:57.400000+00:00,1,REGULAR,substitution,in,,1629667,,,1610612766,10,18,2021-05-16T17:23:04Z,990000,,,0,,SUB in: J. McDaniels,1629667,1610612766.0,CHA,,,,,,,,,McDaniels,J. McDaniels,,,,,,,,,,,,,,,,,,,,22001080,,732.6,8301.6,352.0,8,720,368.0,0,0,0,0,0,0,0,0,0,4,1,1,0,6,1.0,0,0,0,0,0,0,0,0,88,14.347826086956522,1.9907608695652175
101,PT05M37.00S,2021-05-16 17:23:16+00:00,1,REGULAR,3pt,Jump Shot,,1626179,72.0597897503285,81.0585171568627,1610612766,10,21,2021-05-16T17:23:38Z,1000000,155.0,210.0,1,right,T. Rozier 26' 3PT  (6 PTS) (P. Washington 2 AST),"1626179, 1629023",1610612766.0,CHA,,,,,,,,,Rozier,T. Rozier,,,,,Made,6.0,26.13,P. Washington,1629023.0,2.0,,,,,,,,,,22001080,,751.2,8301.6,337.0,11,720,383.0,0,0,0,0,0,0,0,0,0,4,1,1,0,6,1.0,0,0,0,0,0,0,0,0,89,13.942558746736292,1.9613577023498696
103,PT05M25.00S,2021-05-16 17:23:27.100000+00:00,1,REGULAR,2pt,Layup,pointsinthepaint,202397,7.67082785808148,53.8526348039216,1610612764,12,21,2021-05-16T17:27:46Z,1020000,-19.0,20.0,1,left,I. Smith driving Layup (2 PTS),202397,1610612764.0,WAS,driving,,,,,,,,Smith,I. Smith,,,,,Made,2.0,2.75,,,,,,,,,,,,,22001080,,762.3,8301.6,325.0,9,720,395.0,0,0,0,0,0,0,0,0,0,4,1,1,0,6,1.0,0,0,0,0,0,0,0,0,90,13.670886075949367,1.9298734177215189
104,PT05M12.00S,2021-05-16 17:23:40.200000+00:00,1,REGULAR,2pt,Jump Shot,pointsinthepaint,203469,92.5591327201051,55.5683210784314,1610612766,12,21,2021-05-16T17:23:50Z,1030000,28.0,17.0,1,right,MISS C. Zeller Jump Shot - blocked,"203469, 1629655",1610612766.0,CHA,,,,,,,,,Zeller,C. Zeller,,,,,Missed,,3.28,,,,,,,,Gafford,1629655.0,,,,22001080,,775.4,8301.6,312.0,9,720,408.0,0,0,0,0,0,0,0,0,0,4,1,1,0,6,1.0,0,0,0,0,0,0,0,0,91,13.382352941176471,1.9004901960784313
105,PT05M12.00S,2021-05-16 17:23:40.200000+00:00,1,REGULAR,block,,,1629655,,,1610612766,12,21,2021-05-16T17:23:43Z,1040000,,,0,,D. Gafford BLOCK (1 BLK),1629655,1610612764.0,WAS,,,,,,,,,Gafford,D. Gafford,,,,,,,,,,,,,,,,,,,,22001080,,775.4,8301.6,312.0,9,720,408.0,0,0,0,0,0,0,0,0,0,4,1,1,0,6,1.0,0,0,0,0,0,0,0,0,92,13.529411764705882,1.9004901960784313
106,PT05M09.00S,2021-05-16 17:23:43.200000+00:00,1,REGULAR,rebound,defensive,,1629655,,,1610612764,12,21,2021-05-16T17:23:50Z,1050000,,,0,,D. Gafford REBOUND (Off:0 Def:1),1629655,1610612764.0,WAS,,,,,,,,,Gafford,D. Gafford,,,,,,,,,,,104.0,1.0,1.0,0.0,,,,,,22001080,,778.4,8301.6,309.0,9,720,411.0,0,0,0,0,0,0,0,0,0,4,1,1,0,6,1.0,0,0,0,0,0,0,0,0,93,13.576642335766424,1.8939172749391726
107,PT05M06.00S,2021-05-16 17:23:48.400000+00:00,1,REGULAR,stoppage,out-of-bounds,,0,,,1610612764,12,21,2021-05-16T17:23:48Z,1060000,,,0,,,,,,,,,,,,,,,,,,,,,,,,,,,,,,,,,,,22001080,,783.6,8301.6,306.0,9,720,414.0,0,0,0,0,0,0,0,0,0,4,1,1,0,6,1.0,0,0,0,0,0,0,0,0,94,13.623188405797102,1.892753623188406
108,PT04M59.00S,2021-05-16 17:24:09.700000+00:00,1,REGULAR,turnover,out-of-bounds,,203078,,,1610612764,12,21,2021-05-16T17:24:42Z,1070000,,,0,,B. Beal lost ball out-of-bounds TURNOVER (1 TO),203078,1610612764.0,WAS,lost ball,,,,,,1155.0,1.0,Beal,B. Beal,,,,,,,,,,,,,,,,,,,,22001080,,804.9,8301.6,299.0,9,720,421.0,0,0,0,0,0,0,1,0,0,4,1,2,0,6,1.0,0,0,0,0,0,0,0,0,95,13.539192399049881,1.91187648456057
109,PT04M59.00S,2021-05-16 17:24:13.100000+00:00,1,REGULAR,stoppage,out-of-bounds,,0,,,1610612766,12,21,2021-05-16T17:24:13Z,1080000,,,0,,,,,,,,,,,,,,,,,,,,,,,,,,,,,,,,,,,22001080,,808.3,8301.6,299.0,9,720,421.0,0,0,0,0,0,0,0,0,0,4,1,2,0,6,1.0,0,0,0,0,0,0,0,0,96,13.681710213776721,1.9199524940617576
111,PT04M50.00S,2021-05-16 17:24:28+00:00,1,REGULAR,foul,personal,2freethrow,203078,,,1610612766,12,21,2021-05-16T17:24:49Z,1090000,,,0,,B. Beal shooting personal FOUL (1 PF) (Graham 2 FT),"203078, 1628984",1610612764.0,WAS,shooting,,,,,,1155.0,,Beal,B. Beal,1.0,0.0,Graham,1628984.0,,,,,,,,,,,,,,,,22001080,,823.2,8301.6,290.0,9,720,430.0,0,0,0,0,1,0,0,0,0,5,1,2,0,6,2.0,0,0,0,0,0,0,0,0,97,13.534883720930232,1.9144186046511629
113,PT04M50.00S,2021-05-16 17:24:52.800000+00:00,1,REGULAR,freethrow,1 of 2,fromturnover,1628984,,,1610612766,12,22,2021-05-16T17:24:52Z,1110000,,,0,,D. Graham Free Throw 1 of 2 (1 PTS),1628984,1610612766.0,CHA,,,,,,,,,Graham,D. Graham,,,,,Made,1.0,,,,,,,,,,,,,,22001080,,848.0,8301.6,290.0,10,720,430.0,0,0,0,0,0,0,0,0,1,5,1,2,0,7,2.0,0,0,0,0,0,0,0,0,98,13.674418604651162,1.972093023255814
114,PT04M50.00S,2021-05-16 17:25:00.300000+00:00,1,REGULAR,substitution,out,,202722,,,1610612766,12,22,2021-05-16T17:25:07Z,1120000,,,0,,SUB out: D. Bertans,202722,1610612764.0,WAS,,,,,,,,,Bertans,D. Bertans,,,,,,,,,,,,,,,,,,,,22001080,,855.5,8301.6,290.0,10,720,430.0,0,0,0,0,0,0,0,0,0,5,1,2,0,7,1.0,0,0,0,0,0,0,0,0,99,13.813953488372093,1.9895348837209301
115,PT04M50.00S,2021-05-16 17:25:00.300000+00:00,1,REGULAR,substitution,in,,1628990,,,1610612766,12,22,2021-05-16T17:25:07Z,1130000,,,0,,SUB in: C. Hutchison,1628990,1610612764.0,WAS,,,,,,,,,Hutchison,C. Hutchison,,,,,,,,,,,,,,,,,,,,22001080,,855.5,8301.6,290.0,10,720,430.0,0,0,0,0,0,0,0,0,0,5,1,2,0,7,1.0,0,0,0,0,0,0,0,0,100,13.953488372093023,1.9895348837209301
116,PT04M50.00S,2021-05-16 17:25:13.500000+00:00,1,REGULAR,freethrow,2 of 2,fromturnover,1628984,,,1610612766,12,23,2021-05-16T17:25:13Z,1140000,,,0,,D. Graham Free Throw 2 of 2 (2 PTS),1628984,1610612766.0,CHA,,,,,,,,,Graham,D. Graham,,,,,Made,2.0,,,,,,,,,,,,,,22001080,,868.7,8301.6,290.0,11,720,430.0,0,0,0,0,0,0,0,0,1,5,1,2,0,8,1.0,0,0,0,0,0,0,0,0,101,14.093023255813954,2.020232558139535
117,PT04M32.00S,2021-05-16 17:25:30.500000+00:00,1,REGULAR,2pt,Layup,pointsinthepaint,203078,11.350197109067,49.4408700980392,1610612764,12,23,2021-05-16T17:25:40Z,1150000,3.0,54.0,1,left,MISS B. Beal driving Layup,203078,1610612764.0,WAS,driving,,,,,,,,Beal,B. Beal,,,,,Missed,,5.43,,,,,,,,,,,,,22001080,,885.7,8301.6,272.0,11,720,448.0,0,0,0,0,0,0,0,0,0,5,1,2,0,8,1.0,0,0,0,0,0,0,0,0,102,13.660714285714285,1.9770089285714287
118,PT04M29.00S,2021-05-16 17:25:34.100000+00:00,1,REGULAR,rebound,defensive,,1626179,,,1610612766,12,23,2021-05-16T17:25:34Z,1160000,,,0,,T. Rozier REBOUND (Off:1 Def:2),1626179,1610612766.0,CHA,,,,,,,,,Rozier,T. Rozier,,,,,,,,,,,117.0,3.0,2.0,1.0,,,,,,22001080,,889.3,8301.6,269.0,11,720,451.0,0,0,0,0,0,0,0,0,0,5,1,2,0,8,1.0,0,0,0,0,0,0,0,0,103,13.702882483370288,1.971840354767184
119,PT04M15.00S,2021-05-16 17:25:48.200000+00:00,1,REGULAR,3pt,Jump Shot,,1629023,91.5078843626807,95.2742034313726,1610612766,12,26,2021-05-16T17:25:51Z,1170000,226.0,27.0,1,right,P. Washington 3PT  (11 PTS) (T. Rozier 3 AST),"1629023, 1626179",1610612766.0,CHA,,,,,,,,,Washington,P. Washington,,,,,Made,11.0,22.8,T. Rozier,1626179.0,3.0,,,,,,,,,,22001080,,903.4,8301.6,255.0,14,720,465.0,0,0,0,0,0,0,0,0,0,5,1,2,0,8,1.0,0,0,0,0,0,0,0,0,104,13.419354838709678,1.942795698924731
121,PT04M04.00S,2021-05-16 17:25:59.500000+00:00,1,REGULAR,2pt,DUNK,pointsinthepaint,1629655,6.61957950065704,48.9506740196078,1610612764,14,26,2021-05-16T17:26:04Z,1190000,5.0,10.0,1,left,D. Gafford alley-oop DUNK (2 PTS) (I. Smith 2 AST),"1629655, 202397",1610612764.0,WAS,alley-oop,,,,,,,,Gafford,D. Gafford,,,,,Made,2.0,1.1,I. Smith,202397.0,2.0,,,,,,,,,,22001080,,914.7,8301.6,244.0,12,720,476.0,0,0,0,0,0,0,0,0,0,5,1,2,0,8,1.0,0,0,0,0,0,0,0,0,105,13.235294117647058,1.921638655462185
123,PT03M52.00S,2021-05-16 17:26:11.800000+00:00,1,REGULAR,2pt,Jump Shot,,1626179,74.6879106438896,48.4604779411765,1610612766,14,26,2021-05-16T17:26:16Z,1210000,-8.0,185.0,1,right,MISS T. Rozier 18' pullup Shot,1626179,1610612766.0,CHA,pullup,,,,,,,,Rozier,T. Rozier,,,,,Missed,,18.56,,,,,,,,,,,,,22001080,,927.0,8301.6,232.0,12,720,488.0,0,0,0,0,0,0,0,0,0,5,1,2,0,8,1.0,0,0,0,0,0,0,0,0,106,13.032786885245903,1.8995901639344261
124,PT03M49.00S,2021-05-16 17:26:14.800000+00:00,1,REGULAR,rebound,defensive,,1629655,,,1610612764,14,26,2021-05-16T17:26:16Z,1220000,,,0,,D. Gafford REBOUND (Off:0 Def:2),1629655,1610612764.0,WAS,,,,,,,,,Gafford,D. Gafford,,,,,,,,,,,123.0,2.0,2.0,0.0,,,,,,22001080,,930.0,8301.6,229.0,12,720,491.0,0,0,0,0,0,0,0,0,0,5,1,2,0,8,1.0,0,0,0,0,0,0,0,0,107,13.075356415478614,1.894093686354379
126,PT03M33.00S,2021-05-16 17:26:30.400000+00:00,1,REGULAR,2pt,Jump Shot,,202397,22.1254927726675,56.0585171568627,1610612764,14,26,2021-05-16T17:26:34Z,1230000,-30.0,155.0,1,left,MISS I. Smith 15' pullup Shot,202397,1610612764.0,WAS,pullup,,,,,,,,Smith,I. Smith,,,,,Missed,,15.84,,,,,,,,,,,,,22001080,,945.6,8301.6,213.0,12,720,507.0,0,0,0,0,0,0,0,0,0,5,1,2,0,8,1.0,0,0,0,0,0,0,0,0,108,12.781065088757398,1.8650887573964499
127,PT03M30.00S,2021-05-16 17:26:33.400000+00:00,1,REGULAR,rebound,defensive,,1628984,,,1610612766,14,26,2021-05-16T17:26:34Z,1240000,,,0,,D. Graham REBOUND (Off:0 Def:1),1628984,1610612766.0,CHA,,,,,,,,,Graham,D. Graham,,,,,,,,,,,126.0,1.0,1.0,0.0,,,,,,22001080,,948.6,8301.6,210.0,12,720,510.0,0,0,0,0,0,0,0,0,0,5,1,2,0,8,1.0,0,0,0,0,0,0,0,0,109,12.823529411764707,1.86
128,PT03M25.00S,2021-05-16 17:26:42.100000+00:00,1,REGULAR,timeout,full,"team, mandatory",0,,,1610612766,14,26,2021-05-16T17:26:42Z,1250000,,,0,,CHA Timeout,,1610612766.0,CHA,,,,,,,,,,,,,,,,,,,,,,,,,,,,,,22001080,,957.3,8301.6,205.0,12,720,515.0,0,0,0,0,0,1,0,0,0,5,2,2,0,8,1.0,0,0,0,0,0,0,0,0,110,12.815533980582524,1.8588349514563105
130,PT03M25.00S,2021-05-16 17:26:44.300000+00:00,1,REGULAR,substitution,out,,203078,,,1610612766,14,26,2021-05-16T17:29:24Z,1260000,,,0,,SUB out: B. Beal,203078,1610612764.0,WAS,,,,,,,,,Beal,B. Beal,,,,,,,,,,,,,,,,,,,,22001080,,959.5,8301.6,205.0,12,720,515.0,0,0,0,0,0,0,0,0,0,5,2,2,0,8,1.0,0,0,0,0,0,0,0,0,111,12.932038834951456,1.8631067961165049
131,PT03M25.00S,2021-05-16 17:26:44.300000+00:00,1,REGULAR,substitution,out,,1629060,,,1610612766,14,26,2021-05-16T17:29:24Z,1270000,,,0,,SUB out: R. Hachimura,1629060,1610612764.0,WAS,,,,,,,,,Hachimura,R. Hachimura,,,,,,,,,,,,,,,,,,,,22001080,,959.5,8301.6,205.0,12,720,515.0,0,0,0,0,0,0,0,0,0,5,2,2,0,8,1.0,0,0,0,0,0,0,0,0,112,13.048543689320388,1.8631067961165049
132,PT03M25.00S,2021-05-16 17:26:44.300000+00:00,1,REGULAR,substitution,in,,1630264,,,1610612766,14,26,2021-05-16T17:29:24Z,1280000,,,0,,SUB in: A. Gill,1630264,1610612764.0,WAS,,,,,,,,,Gill,A. Gill,,,,,,,,,,,,,,,,,,,,22001080,,959.5,8301.6,205.0,12,720,515.0,0,0,0,0,0,0,0,0,0,5,2,2,0,8,1.0,0,0,0,0,0,0,0,0,113,13.16504854368932,1.8631067961165049
133,PT03M25.00S,2021-05-16 17:26:44.300000+00:00,1,REGULAR,substitution,in,,201566,,,1610612766,14,26,2021-05-16T17:29:24Z,1290000,,,0,,SUB in: R. Westbrook,201566,1610612764.0,WAS,,,,,,,,,Westbrook,R. Westbrook,,,,,,,,,,,,,,,,,,,,22001080,,959.5,8301.6,205.0,12,720,515.0,0,0,0,0,0,0,0,0,0,5,2,2,0,8,1.0,0,0,0,0,0,0,0,0,114,13.281553398058252,1.8631067961165049
134,PT03M13.00S,2021-05-16 17:29:45.600000+00:00,1,REGULAR,3pt,Jump Shot,,1628984,72.0597897503285,77.3820465686275,1610612766,14,29,2021-05-16T17:29:50Z,1300000,137.0,210.0,1,right,D. Graham 25' 3PT pullup (5 PTS),1628984,1610612766.0,CHA,pullup,,,,,,,,Graham,D. Graham,,,,,Made,5.0,25.08,,,,,,,,,,,,,22001080,,1140.8,8301.6,193.0,15,720,527.0,0,0,0,0,0,0,0,0,0,5,2,2,0,8,1.0,0,0,0,0,0,0,0,0,115,13.092979127134726,2.164705882352941
135,PT02M58.00S,2021-05-16 17:30:03+00:00,1,REGULAR,foul,personal,,203469,,,1610612764,14,29,2021-05-16T17:30:13Z,1310000,,,0,,C. Zeller personal FOUL (1 PF),"203469, 1628990",1610612766.0,CHA,,,,,,,2714.0,,Zeller,C. Zeller,1.0,0.0,Hutchison,1628990.0,,,,,,,,,,,,,,,,22001080,,1158.2,8301.6,178.0,15,720,542.0,0,0,0,0,1,0,0,0,0,6,2,2,0,8,2.0,0,0,0,0,0,0,0,0,116,12.841328413284133,2.13690036900369
137,PT02M58.00S,2021-05-16 17:30:13+00:00,1,REGULAR,substitution,out,,1626179,,,1610612764,14,29,2021-05-16T17:30:24Z,1330000,,,0,,SUB out: T. Rozier,1626179,1610612766.0,CHA,,,,,,,,,Rozier,T. Rozier,,,,,,,,,,,,,,,,,,,,22001080,,1168.2,8301.6,178.0,15,720,542.0,0,0,0,0,0,0,0,0,0,6,2,2,0,8,1.0,0,0,0,0,0,0,0,0,117,12.952029520295204,2.155350553505535
138,PT02M58.00S,2021-05-16 17:30:13+00:00,1,REGULAR,substitution,out,,1629023,,,1610612764,14,29,2021-05-16T17:30:24Z,1340000,,,0,,SUB out: P. Washington,1629023,1610612766.0,CHA,,,,,,,,,Washington,P. Washington,,,,,,,,,,,,,,,,,,,,22001080,,1168.2,8301.6,178.0,15,720,542.0,0,0,0,0,0,0,0,0,0,6,2,2,0,8,1.0,0,0,0,0,0,0,0,0,118,13.062730627306273,2.155350553505535
139,PT02M58.00S,2021-05-16 17:30:13+00:00,1,REGULAR,substitution,in,,1630163,,,1610612764,14,29,2021-05-16T17:30:24Z,1350000,,,0,,SUB in: L. Ball,1630163,1610612766.0,CHA,,,,,,,,,Ball,L. Ball,,,,,,,,,,,,,,,,,,,,22001080,,1168.2,8301.6,178.0,15,720,542.0,0,0,0,0,0,0,0,0,0,6,2,2,0,8,1.0,0,0,0,0,0,0,0,0,119,13.173431734317344,2.155350553505535
140,PT02M58.00S,2021-05-16 17:30:13+00:00,1,REGULAR,substitution,in,,1628970,,,1610612764,14,29,2021-05-16T17:30:24Z,1360000,,,0,,SUB in: M. Bridges,1628970,1610612766.0,CHA,,,,,,,,,Bridges,M. Bridges,,,,,,,,,,,,,,,,,,,,22001080,,1168.2,8301.6,178.0,15,720,542.0,0,0,0,0,0,0,0,0,0,6,2,2,0,8,1.0,0,0,0,0,0,0,0,0,120,13.284132841328413,2.155350553505535
145,PT02M48.00S,2021-05-16 17:30:36+00:00,1,REGULAR,2pt,Layup,pointsinthepaint,1629655,11.4816031537451,37.921262254902,1610612764,16,29,2021-05-16T17:32:49Z,1370000,60.0,55.0,1,left,D. Gafford 8' driving Layup (4 PTS) (R. Westbrook 3 AST),"1629655, 201566",1610612764.0,WAS,driving,,,,,,,,Gafford,D. Gafford,,,,,Made,4.0,8.2,R. Westbrook,201566.0,3.0,,,,,,,,,,22001080,,1191.2,8301.6,168.0,13,720,552.0,0,0,0,0,0,0,0,0,0,6,2,2,0,8,1.0,0,0,0,0,0,0,0,0,121,13.152173913043478,2.1579710144927535
147,PT02M32.00S,2021-05-16 17:30:51.400000+00:00,1,REGULAR,3pt,Jump Shot,,1628984,88.2227332457293,2.38204656862744,1610612766,16,32,2021-05-16T17:30:55Z,1390000,-238.0,58.0,1,right,D. Graham 24' 3PT  (8 PTS) (C. Zeller 1 AST),"1628984, 203469",1610612766.0,CHA,,,,,,,,,Graham,D. Graham,,,,,Made,8.0,24.51,C. Zeller,203469.0,1.0,,,,,,,,,,22001080,,1206.6,8301.6,152.0,16,720,568.0,0,0,0,0,0,0,0,0,0,6,2,2,0,8,1.0,0,0,0,0,0,0,0,0,122,12.887323943661972,2.124295774647887
149,PT02M21.00S,2021-05-16 17:31:02.600000+00:00,1,REGULAR,2pt,Jump Shot,pointsinthepaint,202397,18.9717477003942,37.6761642156863,1610612764,18,32,2021-05-16T17:31:07Z,1410000,62.0,126.0,1,left,I. Smith 14' pullup Jump Shot (4 PTS),202397,1610612764.0,WAS,pullup,,,,,,,,Smith,I. Smith,,,,,Made,4.0,14.01,,,,,,,,,,,,,22001080,,1217.8,8301.6,141.0,14,720,579.0,0,0,0,0,0,0,0,0,0,6,2,2,0,8,1.0,0,0,0,0,0,0,0,0,123,12.746113989637305,2.103281519861831
150,PT02M03.00S,2021-05-16 17:31:23.100000+00:00,1,REGULAR,turnover,3-second-violation,,1629667,,,1610612766,18,32,2021-05-16T17:31:32Z,1420000,,,0,,J. McDaniels 3-second-violation TURNOVER (1 TO),1629667,1610612766.0,CHA,,,,,,,1188.0,1.0,McDaniels,J. McDaniels,,,,,,,,,,,,,,,,,,,,22001080,,1238.3,8301.6,123.0,14,720,597.0,0,0,0,0,1,0,1,0,0,7,2,3,0,8,2.0,0,0,0,0,0,0,0,0,124,12.462311557788945,2.074204355108878
151,PT01M57.00S,2021-05-16 17:31:35+00:00,1,REGULAR,turnover,bad pass,,201566,,,1610612764,18,32,2021-05-16T17:31:41Z,1430000,,,0,,R. Westbrook bad pass TURNOVER (2 TO),"201566, 1628984",1610612764.0,WAS,,,,,,,,2.0,Westbrook,R. Westbrook,,,,,,,,,,,,,,,,,,Graham,1628984.0,22001080,,1250.2,8301.6,117.0,14,720,603.0,0,0,0,0,0,0,1,0,0,7,2,4,0,8,2.0,0,0,0,0,0,0,0,0,125,12.43781094527363,2.0733001658374794
152,PT01M57.00S,2021-05-16 17:31:35+00:00,1,REGULAR,steal,,,1628984,,,1610612766,18,32,2021-05-16T17:31:37Z,1440000,,,0,,D. Graham STEAL (1 STL),1628984,1610612766.0,CHA,,,,,,,,,Graham,D. Graham,,,,,,,,,,,,,,,,,,,,22001080,,1250.2,8301.6,117.0,14,720,603.0,0,0,0,0,0,0,0,0,0,7,2,4,0,8,2.0,0,0,0,0,0,0,0,0,126,12.53731343283582,2.0733001658374794
153,PT01M47.00S,2021-05-16 17:31:45.700000+00:00,1,REGULAR,2pt,DUNK,"pointsinthepaint, fromturnover",203469,93.4789750328515,50.1761642156863,1610612766,18,34,2021-05-16T17:31:49Z,1450000,1.0,9.0,1,right,C. Zeller cutting DUNK (2 PTS) (L. Ball 3 AST),"203469, 1630163",1610612766.0,CHA,cutting,,,,,,,,Zeller,C. Zeller,,,,,Made,2.0,0.88,L. Ball,1630163.0,3.0,,,,,,,,,,22001080,,1260.9,8301.6,107.0,16,720,613.0,0,0,0,0,0,0,0,0,0,7,2,4,0,8,2.0,0,0,0,0,0,0,0,0,127,12.430668841761827,2.0569331158238175
155,PT01M25.00S,2021-05-16 17:32:06.900000+00:00,1,REGULAR,3pt,Jump Shot,,1628990,8.19645203679369,96.7447916666667,1610612764,18,34,2021-05-16T17:32:13Z,1470000,-234.0,25.0,1,left,MISS C. Hutchison 3PT,1628990,1610612764.0,WAS,,,,,,,,,Hutchison,C. Hutchison,,,,,Missed,,23.5,,,,,,,,,,,,,22001080,,1282.1,8301.6,85.0,16,720,635.0,0,0,0,0,0,0,0,0,0,7,2,4,0,8,2.0,0,0,0,0,0,0,0,0,128,12.094488188976378,2.019055118110236
181,PT01M20.00S,2021-05-16 17:32:10.100000+00:00,1,REGULAR,turnover,bad pass,,202397,,,1610612764,18,34,2021-05-16T17:36:42Z,1485000,,,0,,I. Smith bad pass TURNOVER (1 TO),"202397, 1630163",1610612764.0,WAS,,,,,,,,1.0,Smith,I. Smith,,,,,,,,,,,,,,,,,,Ball,1630163.0,22001080,,1285.3,8301.6,80.0,16,720,640.0,0,0,0,0,0,0,1,0,0,7,2,5,0,8,2.0,0,0,0,0,0,0,0,0,129,12.09375,2.00828125
182,PT01M20.00S,2021-05-16 17:32:10.100000+00:00,1,REGULAR,steal,,,1630163,,,1610612766,18,34,2021-05-16T17:36:21Z,1487500,,,0,,L. Ball STEAL (1 STL),1630163,1610612766.0,CHA,,,,,,,,,Ball,L. Ball,,,,,,,,,,,,,,,,,,,,22001080,,1285.3,8301.6,80.0,16,720,640.0,0,0,0,0,0,0,0,0,0,7,2,5,0,8,2.0,0,0,0,0,0,0,0,0,130,12.1875,2.00828125
156,PT01M20.00S,2021-05-16 17:32:11.900000+00:00,1,REGULAR,rebound,offensive,,202397,,,1610612764,18,34,2021-05-16T17:35:40Z,1480000,,,0,,I. Smith REBOUND (Off:1 Def:1),202397,1610612764.0,WAS,,,,,,,,,Smith,I. Smith,,,,,,,,,,,155.0,2.0,1.0,1.0,,,,,,22001080,,1287.1,8301.6,80.0,16,720,640.0,0,0,0,0,0,0,0,0,0,7,2,5,0,8,2.0,0,0,0,0,0,0,0,0,131,12.28125,2.0110937499999997
157,PT01M19.00S,2021-05-16 17:32:13.300000+00:00,1,REGULAR,turnover,bad pass,,203469,,,1610612766,18,34,2021-05-16T17:32:18Z,1490000,,,0,,C. Zeller bad pass TURNOVER (1 TO),"203469, 201566",1610612766.0,CHA,,,,,,,,1.0,Zeller,C. Zeller,,,,,,,,,,,,,,,,,,Westbrook,201566.0,22001080,,1288.5,8301.6,79.0,16,720,641.0,0,0,0,0,0,0,1,0,0,7,2,6,0,8,2.0,0,0,0,0,0,0,0,0,132,12.35569422776911,2.010140405616225
158,PT01M19.00S,2021-05-16 17:32:13.300000+00:00,1,REGULAR,steal,,,201566,,,1610612764,18,34,2021-05-16T17:32:15Z,1500000,,,0,,R. Westbrook STEAL (1 STL),201566,1610612764.0,WAS,,,,,,,,,Westbrook,R. Westbrook,,,,,,,,,,,,,,,,,,,,22001080,,1288.5,8301.6,79.0,16,720,641.0,0,0,0,0,0,0,0,0,0,7,2,6,0,8,2.0,0,0,0,0,0,0,0,0,133,12.449297971918876,2.010140405616225
159,PT01M16.00S,2021-05-16 17:32:16.300000+00:00,1,REGULAR,2pt,Layup,"pointsinthepaint, fromturnover, fastbreak",201566,5.69973718791064,47.4800857843137,1610612764,20,34,2021-05-16T17:32:24Z,1510000,13.0,1.0,1,left,R. Westbrook running Layup (3 PTS),201566,1610612764.0,WAS,running,,,,,,,,Westbrook,R. Westbrook,,,,,Made,3.0,1.26,,,,,,,,,,,,,22001080,,1291.5,8301.6,76.0,14,720,644.0,0,0,0,0,0,0,0,0,0,7,2,6,0,8,2.0,0,0,0,0,0,0,0,0,134,12.484472049689442,2.005434782608696
160,PT01M11.00S,2021-05-16 17:32:34.200000+00:00,1,REGULAR,stoppage,out-of-bounds,,0,,,1610612766,20,34,2021-05-16T17:32:34Z,1520000,,,0,,,,,,,,,,,,,,,,,,,,,,,,,,,,,,,,,,,22001080,,1309.4,8301.6,71.0,14,720,649.0,0,0,0,0,0,0,0,0,0,7,2,6,0,8,2.0,0,0,0,0,0,0,0,0,135,12.480739599383668,2.0175654853620957
161,PT01M03.00S,2021-05-16 17:32:50.600000+00:00,1,REGULAR,3pt,Jump Shot,,1628970,66.146517739816,48.4604779411765,1610612766,20,34,2021-05-16T17:32:54Z,1530000,-8.0,266.0,1,right,MISS M. Bridges 26' 3PT,1628970,1610612766.0,CHA,,,,,,,,,Bridges,M. Bridges,,,,,Missed,,26.58,,,,,,,,,,,,,22001080,,1325.8,8301.6,63.0,14,720,657.0,0,0,0,0,0,0,0,0,0,7,2,6,0,8,1.0,0,0,0,0,0,0,0,0,136,12.420091324200914,2.017960426179604
162,PT01M00.00S,2021-05-16 17:32:53.600000+00:00,1,REGULAR,rebound,defensive,,1629655,,,1610612764,20,34,2021-05-16T17:32:54Z,1540000,,,0,,D. Gafford REBOUND (Off:0 Def:3),1629655,1610612764.0,WAS,,,,,,,,,Gafford,D. Gafford,,,,,,,,,,,161.0,3.0,3.0,0.0,,,,,,22001080,,1328.8,8301.6,60.0,14,720,660.0,0,0,0,0,0,0,0,0,0,7,2,6,0,8,1.0,0,0,0,0,0,0,0,0,137,12.454545454545455,2.013333333333333
163,PT00M49.10S,2021-05-16 17:33:07.500000+00:00,1,REGULAR,stoppage,out-of-bounds,,0,,,1610612764,20,34,2021-05-16T17:33:07Z,1550000,,,0,,,,,,,,,,,,,,,,,,,,,,,,,,,,,,,,,,,22001080,,1342.7,8301.6,49.1,14,720,670.9,0,0,0,0,0,0,0,0,0,7,2,6,0,8,1.0,0,0,0,0,0,0,0,0,138,12.341630645401699,2.0013414815918917
164,PT00M49.10S,2021-05-16 17:33:10.100000+00:00,1,REGULAR,substitution,out,,1628984,,,1610612764,20,34,2021-05-16T17:33:16Z,1560000,,,0,,SUB out: D. Graham,1628984,1610612766.0,CHA,,,,,,,,,Graham,D. Graham,,,,,,,,,,,,,,,,,,,,22001080,,1345.3,8301.6,49.1,14,720,670.9,0,0,0,0,0,0,0,0,0,7,2,6,0,8,1.0,0,0,0,0,0,0,0,0,139,12.431062751527799,2.0052168728573556
165,PT00M49.10S,2021-05-16 17:33:10.100000+00:00,1,REGULAR,substitution,in,,1628370,,,1610612764,20,34,2021-05-16T17:33:16Z,1570000,,,0,,SUB in: M. Monk,1628370,1610612766.0,CHA,,,,,,,,,Monk,M. Monk,,,,,,,,,,,,,,,,,,,,22001080,,1345.3,8301.6,49.1,14,720,670.9,0,0,0,0,0,0,0,0,0,7,2,6,0,8,1.0,0,0,0,0,0,0,0,0,140,12.520494857653897,2.0052168728573556
166,PT00M40.80S,2021-05-16 17:33:32.500000+00:00,1,REGULAR,turnover,bad pass,,1630264,,,1610612764,20,34,2021-05-16T17:33:40Z,1580000,,,0,,A. Gill bad pass TURNOVER (1 TO),"1630264, 1630163",1610612764.0,WAS,,,,,,,,1.0,Gill,A. Gill,,,,,,,,,,,,,,,,,,Ball,1630163.0,22001080,,1367.7,8301.6,40.8,14,720,679.2,0,0,0,0,0,0,1,0,0,7,2,7,0,8,1.0,0,0,0,0,0,0,0,0,141,12.45583038869258,2.0136925795053005
167,PT00M40.80S,2021-05-16 17:33:32.500000+00:00,1,REGULAR,steal,,,1630163,,,1610612766,20,34,2021-05-16T17:33:36Z,1590000,,,0,,L. Ball STEAL (2 STL),1630163,1610612766.0,CHA,,,,,,,,,Ball,L. Ball,,,,,,,,,,,,,,,,,,,,22001080,,1367.7,8301.6,40.8,14,720,679.2,0,0,0,0,0,0,0,0,0,7,2,7,0,8,1.0,0,0,0,0,0,0,0,0,142,12.54416961130742,2.0136925795053005
168,PT00M34.50S,2021-05-16 17:33:39.300000+00:00,1,REGULAR,2pt,Layup,"fastbreak, pointsinthepaint, fromturnover",1629667,91.9021024967148,44.2938112745098,1610612766,20,36,2021-05-16T17:38:04Z,1600000,-29.0,24.0,1,right,J. McDaniels running Layup (2 PTS),1629667,1610612766.0,CHA,running,,,,,,,,McDaniels,J. McDaniels,,,,,Made,2.0,3.7,,,,,,,,,,,,,22001080,,1374.5,8301.6,34.5,16,720,685.5,0,0,0,0,0,0,0,0,0,7,2,7,0,8,1.0,0,0,0,0,0,0,0,0,143,12.516411378555798,2.00510576221736
169,PT00M30.30S,2021-05-16 17:33:53.900000+00:00,1,REGULAR,3pt,Jump Shot,,201566,33.2950065703022,58.999693627451,1610612764,20,36,2021-05-16T17:34:01Z,1610000,-45.0,260.0,1,left,MISS R. Westbrook 26' pullup 3PT,201566,1610612764.0,WAS,pullup,,,,,,,,Westbrook,R. Westbrook,,,,,Missed,,26.44,,,,,,,,,,,,,22001080,,1389.1,8301.6,30.3,16,720,689.7,0,0,0,0,0,0,0,0,0,7,2,7,0,8,0.0,0,0,0,0,0,0,0,0,144,12.527185732927359,2.0140640858344203
170,PT00M28.60S,2021-05-16 17:33:57.400000+00:00,1,REGULAR,rebound,offensive,team,0,,,1610612764,20,36,2021-05-16T17:33:57Z,1620000,,,0,,TEAM offensive REBOUND,,1610612764.0,WAS,,,,,,,,,,,,,,,,,,,,,169.0,,,,,,,,,22001080,,1392.6,8301.6,28.6,16,720,691.4,0,0,0,0,0,0,0,0,0,7,2,7,0,8,0.0,0,0,0,0,0,0,0,0,145,12.583164593578246,2.014174139427249
171,PT00M28.60S,2021-05-16 17:33:58.600000+00:00,1,REGULAR,stoppage,out-of-bounds,,0,,,1610612764,20,36,2021-05-16T17:33:58Z,1630000,,,0,,,,,,,,,,,,,,,,,,,,,,,,,,,,,,,,,,,22001080,,1393.8,8301.6,28.6,16,720,691.4,0,0,0,0,0,0,0,0,0,7,2,7,0,8,0.0,0,0,0,0,0,0,0,0,146,12.6699450390512,2.0159097483367083
172,PT00M27.30S,2021-05-16 17:34:12.900000+00:00,1,REGULAR,2pt,Jump Shot,"pointsinthepaint, 2ndchance",1629655,11.4816031537451,50.1761642156863,1610612764,20,36,2021-05-16T17:34:25Z,1640000,-1.0,55.0,1,left,MISS D. Gafford floating Shot,1629655,1610612764.0,WAS,floating,,,,,,,,Gafford,D. Gafford,,,,,Missed,,5.54,,,,,,,,,,,,,22001080,,1408.1,8301.6,27.3,16,720,692.7,0,0,0,0,0,0,0,0,0,7,2,7,0,8,0.0,0,0,0,0,0,0,0,0,147,12.732784755305326,2.0327703190414317
255,PT00M24.00S,2021-05-16 17:34:15.100000+00:00,1,REGULAR,2pt,Layup,"pointsinthepaint, 2ndchance",201566,6.48817345597898,48.4604779411765,1610612764,20,36,2021-05-16T17:47:54Z,1655000,8.0,8.0,1,left,MISS R. Westbrook Layup,201566,1610612764.0,WAS,,,,,,,,,Westbrook,R. Westbrook,,,,,Missed,,1.15,,,,,,,,,,,,,22001080,,1410.3,8301.6,24.0,16,720,696.0,0,0,0,0,0,0,0,0,0,7,2,7,0,8,0.0,0,0,0,0,0,0,0,0,148,12.758620689655173,2.0262931034482756
256,PT00M24.00S,2021-05-16 17:34:15.100000+00:00,1,REGULAR,rebound,offensive,,1629655,,,1610612764,20,36,2021-05-16T17:47:54Z,1657500,,,0,,D. Gafford REBOUND (Off:1 Def:3),1629655,1610612764.0,WAS,,,,,,,,,Gafford,D. Gafford,,,,,,,,,,,255.0,4.0,3.0,1.0,,,,,,22001080,,1410.3,8301.6,24.0,16,720,696.0,0,0,0,0,0,0,0,0,0,7,2,7,0,8,0.0,0,0,0,0,0,0,0,0,149,12.844827586206897,2.0262931034482756
173,PT00M24.10S,2021-05-16 17:34:16.100000+00:00,1,REGULAR,rebound,offensive,,201566,,,1610612764,20,36,2021-05-16T17:45:47Z,1650000,,,0,,R. Westbrook REBOUND (Off:2 Def:4),201566,1610612764.0,WAS,,,,,,,,,Westbrook,R. Westbrook,,,,,,,,,,,172.0,6.0,4.0,2.0,,,,,,22001080,,1411.3,8301.6,24.1,16,720,695.9,0,0,0,0,0,0,0,0,0,7,2,7,0,8,0.0,0,0,0,0,0,0,0,0,150,12.932892656990948,2.0280212674234805
174,PT00M23.90S,2021-05-16 17:34:17.400000+00:00,1,REGULAR,2pt,DUNK,"pointsinthepaint, 2ndchance",1629655,6.35676741130092,50.6663602941176,1610612764,22,36,2021-05-16T17:48:07Z,1660000,-3.0,7.0,1,left,D. Gafford DUNK (6 PTS),1629655,1610612764.0,WAS,,,,,,,,,Gafford,D. Gafford,,,,,Made,6.0,0.8,,,,,,,,,,,,,22001080,,1412.6,8301.6,23.9,14,720,696.1,0,0,0,0,0,0,0,0,0,7,2,7,0,8,0.0,0,0,0,0,0,0,0,0,151,13.015371354690418,2.029306134176124
175,PT00M01.20S,2021-05-16 17:34:47.800000+00:00,1,REGULAR,2pt,Jump Shot,pointsinthepaint,1628370,79.6813403416557,42.3330269607843,1610612766,22,36,2021-05-16T17:35:04Z,1670000,-38.0,138.0,1,right,MISS M. Monk 14' driving floating Shot,1628370,1610612766.0,CHA,driving floating,,,,,,,,Monk,M. Monk,,,,,Missed,,14.37,,,,,,,,,,,,,22001080,,1443.0,8301.6,1.2,14,720,718.8,0,0,0,0,0,0,0,0,0,7,2,7,0,8,0.0,0,0,0,0,0,0,0,0,152,12.687813021702839,2.0075125208681137
176,PT00M01.20S,2021-05-16 17:34:47.800000+00:00,1,REGULAR,rebound,offensive,,203469,,,1610612766,22,36,2021-05-16T17:35:04Z,1680000,,,0,,C. Zeller REBOUND (Off:1 Def:0),203469,1610612766.0,CHA,,,,,,,,,Zeller,C. Zeller,,,,,,,,,,,175.0,1.0,0.0,1.0,,,,,,22001080,,1443.0,8301.6,1.2,14,720,718.8,0,0,0,0,0,0,0,0,0,7,2,7,0,8,0.0,0,0,0,0,0,0,0,0,153,12.77128547579299,2.0075125208681137
177,PT00M00.10S,2021-05-16 17:34:53.500000+00:00,1,REGULAR,2pt,Layup,"pointsinthepaint, 2ndchance",203469,91.3764783180026,47.7251838235294,1610612766,22,36,2021-05-16T17:41:05Z,1690000,-11.0,29.0,1,right,MISS C. Zeller tip Layup,203469,1610612766.0,CHA,tip,,,,,,,,Zeller,C. Zeller,,,,,Missed,,3.08,,,,,,,,,,,,,22001080,,1448.7,8301.6,0.1,14,720,719.9,0,0,0,0,0,0,0,0,0,7,2,7,0,8,0.0,0,0,0,0,0,0,0,0,154,12.835115988331713,2.012362828170579
178,PT00M00.10S,2021-05-16 17:34:53.500000+00:00,1,REGULAR,rebound,offensive,team,0,,,1610612766,22,36,2021-05-16T17:35:08Z,1700000,,,0,,TEAM offensive REBOUND,,1610612766.0,CHA,,,,,,,,,,,,,,,,,,,,,177.0,,,,,,,,,22001080,,1448.7,8301.6,0.1,14,720,719.9,0,0,0,0,0,0,0,0,0,7,2,7,0,8,0.0,0,0,0,0,0,0,0,0,155,12.918460897346854,2.012362828170579
179,PT00M00.00S,2021-05-16 17:35:07.700000+00:00,1,REGULAR,period,end,,0,,,1610612766,22,36,2021-05-16T17:35:07Z,1710000,,,0,,Period End,,,,,,,,,,,,,,,,,,,,,,,,,,,,,,,,,22001080,,1462.9,8301.6,0.0,14,720,720.0,0,0,0,0,0,0,0,0,0,7,2,7,0,8,0.0,0,0,0,0,0,0,0,0,156,13.0,2.0318055555555556
183,PT12M00.00S,2021-05-16 17:35:18.700000+00:00,2,REGULAR,substitution,out,startperiod,203469,,,1610612766,22,36,2021-05-16T17:37:23Z,1720000,,,0,,SUB out: C. Zeller,203469,1610612766.0,CHA,,,,,,,,,Zeller,C. Zeller,,,,,,,,,,,,,,,,,,,,22001080,,1473.9,8301.6,720.0,14,720,720.0,0,0,0,0,0,0,0,0,0,7,2,7,0,8,0.0,0,0,0,0,0,0,0,0,157,13.083333333333334,2.0470833333333336
184,PT12M00.00S,2021-05-16 17:35:18.700000+00:00,2,REGULAR,substitution,in,startperiod,202687,,,1610612766,22,36,2021-05-16T17:37:23Z,1730000,,,0,,SUB in: B. Biyombo,202687,1610612766.0,CHA,,,,,,,,,Biyombo,B. Biyombo,,,,,,,,,,,,,,,,,,,,22001080,,1473.9,8301.6,720.0,14,720,720.0,0,0,0,0,0,0,0,0,0,7,2,7,0,8,0.0,0,0,0,0,0,0,0,0,158,13.166666666666666,2.0470833333333336
185,PT12M00.00S,2021-05-16 17:37:32.600000+00:00,2,REGULAR,period,start,,0,,,1610612766,22,36,2021-05-16T17:37:32Z,1740000,,,0,,Period Start,,,,,,,,,,,,,,,,,,,,,,,,,,,,,,,,,22001080,,1607.8,8301.6,720.0,14,720,720.0,0,0,0,0,0,0,0,0,0,7,2,7,0,8,0.0,0,0,0,0,0,0,0,0,159,13.25,2.2330555555555556
186,PT11M49.00S,2021-05-16 17:37:43.600000+00:00,2,REGULAR,2pt,Layup,pointsinthepaint,1628970,93.8731931668857,40.1271446078431,1610612766,22,36,2021-05-16T17:37:50Z,1750000,-49.0,5.0,1,right,MISS M. Bridges driving reverse Layup,1628970,1610612766.0,CHA,driving reverse,,,,,,,,Bridges,M. Bridges,,,,,Missed,,4.97,,,,,,,,,,,,,22001080,,1618.8,8301.6,709.0,14,720,731.0,0,0,0,0,0,0,0,0,0,7,2,7,0,8,0.0,0,0,0,0,0,0,0,0,160,13.132694938440492,2.214500683994528
187,PT11M48.00S,2021-05-16 17:37:47.700000+00:00,2,REGULAR,rebound,defensive,team,0,,,1610612764,22,36,2021-05-16T17:37:47Z,1760000,,,0,,TEAM defensive REBOUND,,1610612764.0,WAS,,,,,,,,,,,,,,,,,,,,,186.0,,,,,,,,,22001080,,1622.9,8301.6,708.0,14,720,732.0,0,0,0,0,0,0,0,0,0,7,2,7,0,8,0.0,0,0,0,0,0,0,0,0,161,13.196721311475411,2.2170765027322408
188,PT11M48.00S,2021-05-16 17:37:48.900000+00:00,2,REGULAR,stoppage,out-of-bounds,,0,,,1610612764,22,36,2021-05-16T17:37:48Z,1770000,,,0,,,,,,,,,,,,,,,,,,,,,,,,,,,,,,,,,,,22001080,,1624.1,8301.6,708.0,14,720,732.0,0,0,0,0,0,0,0,0,0,7,2,7,0,8,0.0,0,0,0,0,0,0,0,0,162,13.278688524590164,2.2187158469945354
189,PT11M39.00S,2021-05-16 17:38:21.800000+00:00,2,REGULAR,3pt,Jump Shot,,201566,29.4842312746386,77.6271446078431,1610612764,22,36,2021-05-16T17:38:31Z,1780000,-138.0,225.0,1,left,MISS R. Westbrook 26' step back 3PT,201566,1610612764.0,WAS,step back,,,,,,,,Westbrook,R. Westbrook,,,,,Missed,,26.37,,,,,,,,,,,,,22001080,,1657.0,8301.6,699.0,14,720,741.0,0,0,0,0,0,0,0,0,0,7,2,7,0,8,0.0,0,0,0,0,0,0,0,0,163,13.19838056680162,2.2361673414304994
190,PT11M34.00S,2021-05-16 17:38:26.800000+00:00,2,REGULAR,rebound,defensive,,1630163,,,1610612766,22,36,2021-05-16T17:38:31Z,1790000,,,0,,L. Ball REBOUND (Off:1 Def:2),1630163,1610612766.0,CHA,,,,,,,,,Ball,L. Ball,,,,,,,,,,,189.0,3.0,2.0,1.0,,,,,,22001080,,1662.0,8301.6,694.0,14,720,746.0,0,0,0,0,0,0,0,0,0,7,2,7,0,8,0.0,0,0,0,0,0,0,0,0,164,13.190348525469169,2.227882037533512
191,PT11M30.00S,2021-05-16 17:38:33.700000+00:00,2,REGULAR,foul,offensive,,1628970,,,1610612766,22,36,2021-05-16T17:38:59Z,1800000,,,0,,M. Bridges charge offensive FOUL (1 PF),"1628970, 202397",1610612766.0,CHA,charge,,,,,,1155.0,,Bridges,M. Bridges,1.0,0.0,Smith,202397.0,,,,,,,,,,,,,,,,22001080,,1668.9,8301.6,690.0,14,720,750.0,0,0,0,0,1,0,0,0,0,8,2,7,0,8,1.0,0,0,0,0,0,0,0,0,165,13.2,2.2252
193,PT11M30.00S,2021-05-16 17:38:33.700000+00:00,2,REGULAR,turnover,offensive foul,,1628970,,,1610612766,22,36,2021-05-16T17:38:33Z,1820000,,,0,,M. Bridges offensive foul TURNOVER (1 TO),1628970,1610612766.0,CHA,,,,,,,1155.0,1.0,Bridges,M. Bridges,,,,,,,,,,,,,,,,,,,,22001080,,1668.9,8301.6,690.0,14,720,750.0,0,0,0,0,1,0,1,0,0,9,2,8,0,8,2.0,0,0,0,0,0,0,0,0,166,13.28,2.2252
194,PT11M30.00S,2021-05-16 17:38:40.900000+00:00,2,REGULAR,substitution,out,,1628990,,,1610612764,22,36,2021-05-16T17:38:52Z,1830000,,,0,,SUB out: C. Hutchison,1628990,1610612764.0,WAS,,,,,,,,,Hutchison,C. Hutchison,,,,,,,,,,,,,,,,,,,,22001080,,1676.1,8301.6,690.0,14,720,750.0,0,0,0,0,0,0,0,0,0,9,2,8,0,8,2.0,0,0,0,0,0,0,0,0,167,13.36,2.2348
195,PT11M30.00S,2021-05-16 17:38:40.900000+00:00,2,REGULAR,substitution,out,,1629655,,,1610612764,22,36,2021-05-16T17:38:52Z,1840000,,,0,,SUB out: D. Gafford,1629655,1610612764.0,WAS,,,,,,,,,Gafford,D. Gafford,,,,,,,,,,,,,,,,,,,,22001080,,1676.1,8301.6,690.0,14,720,750.0,0,0,0,0,0,0,0,0,0,9,2,8,0,8,2.0,0,0,0,0,0,0,0,0,168,13.44,2.2348
196,PT11M30.00S,2021-05-16 17:38:40.900000+00:00,2,REGULAR,substitution,in,,201577,,,1610612764,22,36,2021-05-16T17:38:52Z,1850000,,,0,,SUB in: R. Lopez,201577,1610612764.0,WAS,,,,,,,,,Lopez,R. Lopez,,,,,,,,,,,,,,,,,,,,22001080,,1676.1,8301.6,690.0,14,720,750.0,0,0,0,0,0,0,0,0,0,9,2,8,0,8,2.0,0,0,0,0,0,0,0,0,169,13.52,2.2348
197,PT11M30.00S,2021-05-16 17:38:40.900000+00:00,2,REGULAR,substitution,in,,202722,,,1610612764,22,36,2021-05-16T17:38:52Z,1860000,,,0,,SUB in: D. Bertans,202722,1610612764.0,WAS,,,,,,,,,Bertans,D. Bertans,,,,,,,,,,,,,,,,,,,,22001080,,1676.1,8301.6,690.0,14,720,750.0,0,0,0,0,0,0,0,0,0,9,2,8,0,8,2.0,0,0,0,0,0,0,0,0,170,13.6,2.2348
198,PT11M16.00S,2021-05-16 17:39:02.600000+00:00,2,REGULAR,2pt,Jump Shot,fromturnover,202397,18.0519053876478,30.8134191176471,1610612764,24,36,2021-05-16T17:39:07Z,1870000,96.0,117.0,1,left,I. Smith 15' pullup Jump Shot (6 PTS),202397,1610612764.0,WAS,pullup,,,,,,,,Smith,I. Smith,,,,,Made,6.0,15.14,,,,,,,,,,,,,22001080,,1697.8,8301.6,676.0,12,720,764.0,0,0,0,0,0,0,0,0,0,9,2,8,0,8,2.0,0,0,0,0,0,0,0,0,171,13.42931937172775,2.2222513089005234
199,PT10M55.00S,2021-05-16 17:39:22.600000+00:00,2,REGULAR,2pt,Layup,pointsinthepaint,1630163,90.9822601839685,56.3036151960784,1610612766,24,36,2021-05-16T17:39:29Z,1880000,32.0,32.0,1,right,MISS L. Ball driving Layup,1630163,1610612766.0,CHA,driving,,,,,,,,Ball,L. Ball,,,,,Missed,,4.51,,,,,,,,,,,,,22001080,,1717.8,8301.6,655.0,12,720,785.0,0,0,0,0,0,0,0,0,0,9,2,8,0,8,2.0,0,0,0,0,0,0,0,0,172,13.146496815286623,2.18828025477707
200,PT10M52.00S,2021-05-16 17:39:25.600000+00:00,2,REGULAR,rebound,defensive,,1630264,,,1610612764,24,36,2021-05-16T17:39:29Z,1890000,,,0,,A. Gill REBOUND (Off:0 Def:1),1630264,1610612764.0,WAS,,,,,,,,,Gill,A. Gill,,,,,,,,,,,199.0,1.0,1.0,0.0,,,,,,22001080,,1720.8,8301.6,652.0,12,720,788.0,0,0,0,0,0,0,0,0,0,9,2,8,0,8,2.0,0,0,0,0,0,0,0,0,173,13.17258883248731,2.183756345177665
201,PT10M44.00S,2021-05-16 17:39:34.800000+00:00,2,REGULAR,2pt,Jump Shot,,202397,14.6353482260184,24.1957720588235,1610612764,26,36,2021-05-16T17:39:40Z,1900000,129.0,85.0,1,left,I. Smith 15' pullup Jump Shot (8 PTS),202397,1610612764.0,WAS,pullup,,,,,,,,Smith,I. Smith,,,,,Made,8.0,15.45,,,,,,,,,,,,,22001080,,1730.0,8301.6,644.0,10,720,796.0,0,0,0,0,0,0,0,0,0,9,2,8,0,8,2.0,0,0,0,0,0,0,0,0,174,13.115577889447236,2.1733668341708543
202,PT10M23.00S,2021-05-16 17:39:55.200000+00:00,2,REGULAR,3pt,Jump Shot,,1629667,91.3764783180026,1.40165441176471,1610612766,26,36,2021-05-16T17:39:59Z,1910000,-243.0,29.0,1,right,MISS J. McDaniels 24' 3PT,1629667,1610612766.0,CHA,,,,,,,,,McDaniels,J. McDaniels,,,,,Missed,,24.47,,,,,,,,,,,,,22001080,,1750.4,8301.6,623.0,10,720,817.0,0,0,0,0,0,0,0,0,0,9,2,8,0,8,2.0,0,0,0,0,0,0,0,0,175,12.851897184822521,2.1424724602203185
203,PT10M19.00S,2021-05-16 17:39:59.200000+00:00,2,REGULAR,rebound,defensive,,201566,,,1610612764,26,36,2021-05-16T17:39:59Z,1920000,,,0,,R. Westbrook REBOUND (Off:2 Def:5),201566,1610612764.0,WAS,,,,,,,,,Westbrook,R. Westbrook,,,,,,,,,,,202.0,7.0,5.0,2.0,,,,,,22001080,,1754.4,8301.6,619.0,10,720,821.0,0,0,0,0,0,0,0,0,0,9,2,8,0,8,2.0,0,0,0,0,0,0,0,0,176,12.862362971985384,2.1369062119366626
204,PT10M18.00S,2021-05-16 17:40:02.600000+00:00,2,REGULAR,stoppage,out-of-bounds,,0,,,1610612764,26,36,2021-05-16T17:40:02Z,1930000,,,0,,,,,,,,,,,,,,,,,,,,,,,,,,,,,,,,,,,22001080,,1757.8,8301.6,618.0,10,720,822.0,0,0,0,0,0,0,0,0,0,9,2,8,0,8,2.0,0,0,0,0,0,0,0,0,177,12.91970802919708,2.138442822384428
205,PT10M18.00S,2021-05-16 17:40:03.400000+00:00,2,REGULAR,substitution,out,,1629667,,,1610612764,26,36,2021-05-16T17:40:08Z,1940000,,,0,,SUB out: J. McDaniels,1629667,1610612766.0,CHA,,,,,,,,,McDaniels,J. McDaniels,,,,,,,,,,,,,,,,,,,,22001080,,1758.6,8301.6,618.0,10,720,822.0,0,0,0,0,0,0,0,0,0,9,2,8,0,8,2.0,0,0,0,0,0,0,0,0,178,12.992700729927009,2.1394160583941604
206,PT10M18.00S,2021-05-16 17:40:03.400000+00:00,2,REGULAR,substitution,in,,1629023,,,1610612764,26,36,2021-05-16T17:40:08Z,1950000,,,0,,SUB in: P. Washington,1629023,1610612766.0,CHA,,,,,,,,,Washington,P. Washington,,,,,,,,,,,,,,,,,,,,22001080,,1758.6,8301.6,618.0,10,720,822.0,0,0,0,0,0,0,0,0,0,9,2,8,0,8,2.0,0,0,0,0,0,0,0,0,179,13.065693430656935,2.1394160583941604
207,PT10M09.00S,2021-05-16 17:40:24.900000+00:00,2,REGULAR,2pt,Jump Shot,pointsinthepaint,201566,13.0584756898817,57.2840073529412,1610612764,26,36,2021-05-16T17:40:35Z,1960000,-36.0,70.0,1,left,MISS R. Westbrook 7' fadeaway bank Shot,201566,1610612764.0,WAS,fadeaway bank,,,,,,,,Westbrook,R. Westbrook,,,,,Missed,,7.91,,,,,,,,,,,,,22001080,,1780.1,8301.6,609.0,10,720,831.0,0,0,0,0,0,0,0,0,0,9,2,8,0,8,2.0,0,0,0,0,0,0,0,0,180,12.99638989169675,2.1421179302045728
208,PT10M07.00S,2021-05-16 17:40:26.900000+00:00,2,REGULAR,rebound,defensive,,1628370,,,1610612766,26,36,2021-05-16T17:40:35Z,1970000,,,0,,M. Monk REBOUND (Off:0 Def:1),1628370,1610612766.0,CHA,,,,,,,,,Monk,M. Monk,,,,,,,,,,,207.0,1.0,1.0,0.0,,,,,,22001080,,1782.1,8301.6,607.0,10,720,833.0,0,0,0,0,0,0,0,0,0,9,2,8,0,8,2.0,0,0,0,0,0,0,0,0,181,13.037214885954382,2.13937575030012
209,PT10M00.00S,2021-05-16 17:40:34.600000+00:00,2,REGULAR,2pt,Hook,pointsinthepaint,202687,85.5946123521682,48.2153799019608,1610612766,26,38,2021-05-16T17:40:38Z,1980000,-9.0,83.0,1,right,B. Biyombo 8' Hook (2 PTS) (M. Monk 1 AST),"202687, 1628370",1610612766.0,CHA,,,,,,,,,Biyombo,B. Biyombo,,,,,Made,2.0,8.34,M. Monk,1628370.0,1.0,,,,,,,,,,22001080,,1789.8,8301.6,600.0,12,720,840.0,0,0,0,0,0,0,0,0,0,9,2,8,0,8,2.0,0,0,0,0,0,0,0,0,182,13.0,2.130714285714286
211,PT09M37.00S,2021-05-16 17:40:57.400000+00:00,2,REGULAR,2pt,Hook,pointsinthepaint,201577,12.4014454664915,52.1369485294118,1610612764,28,38,2021-05-16T17:41:04Z,2000000,-11.0,64.0,1,left,R. Lopez 6' turnaround Hook (2 PTS),201577,1610612764.0,WAS,turnaround,,,,,,,,Lopez,R. Lopez,,,,,Made,2.0,6.5,,,,,,,,,,,,,22001080,,1812.6,8301.6,577.0,10,720,863.0,0,0,0,0,0,0,0,0,0,9,2,8,0,8,2.0,0,0,0,0,0,0,0,0,183,12.72305909617613,2.1003476245654693
212,PT09M28.00S,2021-05-16 17:41:05.500000+00:00,2,REGULAR,2pt,Jump Shot,,1630163,89.799605781866,30.5683210784314,1610612766,28,38,2021-05-16T17:41:18Z,2010000,-97.0,43.0,1,right,MISS L. Ball 10' driving floating Shot,1630163,1610612766.0,CHA,driving floating,,,,,,,,Ball,L. Ball,,,,,Missed,,10.64,,,,,,,,,,,,,22001080,,1820.7,8301.6,568.0,10,720,872.0,0,0,0,0,0,0,0,0,0,9,2,8,0,8,2.0,0,0,0,0,0,0,0,0,184,12.660550458715596,2.08795871559633
213,PT09M26.00S,2021-05-16 17:41:08.300000+00:00,2,REGULAR,rebound,offensive,,1630163,,,1610612766,28,38,2021-05-16T17:41:08Z,2020000,,,0,,L. Ball REBOUND (Off:2 Def:2),1630163,1610612766.0,CHA,,,,,,,,,Ball,L. Ball,,,,,,,,,,,212.0,4.0,2.0,2.0,,,,,,22001080,,1823.5,8301.6,566.0,10,720,874.0,0,0,0,0,0,0,0,0,0,9,2,8,0,8,1.0,0,0,0,0,0,0,0,0,185,12.700228832951945,2.086384439359268
214,PT09M25.00S,2021-05-16 17:41:16.600000+00:00,2,REGULAR,foul,personal,,201566,,,1610612766,28,38,2021-05-16T17:41:22Z,2030000,,,0,,R. Westbrook personal FOUL (2 PF),"201566, 1628970",1610612764.0,WAS,,,,,,,1188.0,,Westbrook,R. Westbrook,2.0,0.0,Bridges,1628970.0,,,,,,,,,,,,,,,,22001080,,1831.8,8301.6,565.0,10,720,875.0,0,0,0,0,1,0,0,0,0,10,2,8,0,8,1.0,0,0,0,0,0,0,0,0,186,12.754285714285714,2.0934857142857144
216,PT09M16.00S,2021-05-16 17:41:39.200000+00:00,2,REGULAR,turnover,out-of-bounds,,1628970,,,1610612766,28,38,2021-05-16T17:41:46Z,2050000,,,0,,M. Bridges lost ball out-of-bounds TURNOVER (2 TO),1628970,1610612766.0,CHA,lost ball,,,,,,1155.0,2.0,Bridges,M. Bridges,,,,,,,,,,,,,,,,,,,,22001080,,1854.4,8301.6,556.0,10,720,884.0,0,0,0,0,0,0,1,0,0,10,2,9,0,8,1.0,0,0,0,0,0,0,0,0,187,12.692307692307693,2.097737556561086
217,PT09M16.00S,2021-05-16 17:41:43.500000+00:00,2,REGULAR,stoppage,out-of-bounds,,0,,,1610612764,28,38,2021-05-16T17:41:43Z,2060000,,,0,,,,,,,,,,,,,,,,,,,,,,,,,,,,,,,,,,,22001080,,1858.7,8301.6,556.0,10,720,884.0,0,0,0,0,0,0,0,0,0,10,2,9,0,8,1.0,0,0,0,0,0,0,0,0,188,12.760180995475114,2.102601809954751
218,PT09M02.00S,2021-05-16 17:42:16.600000+00:00,2,REGULAR,2pt,Hook,"pointsinthepaint, fromturnover",201577,14.2411300919842,51.6467524509804,1610612764,28,38,2021-05-16T17:42:21Z,2070000,-8.0,81.0,1,left,MISS R. Lopez 8' Hook,201577,1610612764.0,WAS,,,,,,,,,Lopez,R. Lopez,,,,,Missed,,8.18,,,,,,,,,,,,,22001080,,1891.8,8301.6,542.0,10,720,898.0,0,0,0,0,0,0,0,0,0,10,2,9,0,8,1.0,0,0,0,0,0,0,0,0,189,12.628062360801781,2.1066815144766147
219,PT08M59.00S,2021-05-16 17:42:19.600000+00:00,2,REGULAR,rebound,defensive,,1629023,,,1610612766,28,38,2021-05-16T17:42:21Z,2080000,,,0,,P. Washington REBOUND (Off:0 Def:3),1629023,1610612766.0,CHA,,,,,,,,,Washington,P. Washington,,,,,,,,,,,218.0,3.0,3.0,0.0,,,,,,22001080,,1894.8,8301.6,539.0,10,720,901.0,0,0,0,0,0,0,0,0,0,10,2,9,0,8,1.0,0,0,0,0,0,0,0,0,190,12.652608213096558,2.1029966703662595
220,PT08M54.00S,2021-05-16 17:42:24.300000+00:00,2,REGULAR,3pt,Jump Shot,,1630163,70.877135348226,79.5879289215686,1610612766,28,38,2021-05-16T17:42:33Z,2090000,148.0,221.0,1,right,MISS L. Ball 26' pullup 3PT,1630163,1610612766.0,CHA,pullup,,,,,,,,Ball,L. Ball,,,,,Missed,,26.62,,,,,,,,,,,,,22001080,,1899.5,8301.6,534.0,10,720,906.0,0,0,0,0,0,0,0,0,0,10,2,9,0,8,1.0,0,0,0,0,0,0,0,0,191,12.649006622516557,2.0965783664459163
221,PT08M52.00S,2021-05-16 17:42:26.300000+00:00,2,REGULAR,rebound,defensive,,1630264,,,1610612764,28,38,2021-05-16T17:42:33Z,2100000,,,0,,A. Gill REBOUND (Off:0 Def:2),1630264,1610612764.0,WAS,,,,,,,,,Gill,A. Gill,,,,,,,,,,,220.0,2.0,2.0,0.0,,,,,,22001080,,1901.5,8301.6,532.0,10,720,908.0,0,0,0,0,0,0,0,0,0,10,2,9,0,8,1.0,0,0,0,0,0,0,0,0,192,12.687224669603525,2.0941629955947136
222,PT08M49.00S,2021-05-16 17:42:31.700000+00:00,2,REGULAR,turnover,out-of-bounds,,202722,,,1610612764,28,38,2021-05-16T17:42:38Z,2110000,,,0,,D. Bertans lost ball out-of-bounds TURNOVER (1 TO),202722,1610612764.0,WAS,lost ball,,,,,,2714.0,1.0,Bertans,D. Bertans,,,,,,,,,,,,,,,,,,,,22001080,,1906.9,8301.6,529.0,10,720,911.0,0,0,0,0,0,0,1,0,0,10,2,10,0,8,1.0,0,0,0,0,0,0,0,0,193,12.711306256860592,2.0931942919868276
223,PT08M49.00S,2021-05-16 17:42:35.700000+00:00,2,REGULAR,stoppage,out-of-bounds,,0,,,1610612766,28,38,2021-05-16T17:42:35Z,2120000,,,0,,,,,,,,,,,,,,,,,,,,,,,,,,,,,,,,,,,22001080,,1910.9,8301.6,529.0,10,720,911.0,0,0,0,0,0,0,0,0,0,10,2,10,0,8,1.0,0,0,0,0,0,0,0,0,194,12.777167947310648,2.097585071350165
224,PT08M49.00S,2021-05-16 17:42:36.700000+00:00,2,REGULAR,substitution,out,,1630264,,,1610612766,28,38,2021-05-16T17:42:47Z,2130000,,,0,,SUB out: A. Gill,1630264,1610612764.0,WAS,,,,,,,,,Gill,A. Gill,,,,,,,,,,,,,,,,,,,,22001080,,1911.9,8301.6,529.0,10,720,911.0,0,0,0,0,0,0,0,0,0,10,2,10,0,8,1.0,0,0,0,0,0,0,0,0,195,12.843029637760702,2.098682766190999
225,PT08M49.00S,2021-05-16 17:42:36.700000+00:00,2,REGULAR,substitution,out,,1630163,,,1610612766,28,38,2021-05-16T17:42:47Z,2140000,,,0,,SUB out: L. Ball,1630163,1610612766.0,CHA,,,,,,,,,Ball,L. Ball,,,,,,,,,,,,,,,,,,,,22001080,,1911.9,8301.6,529.0,10,720,911.0,0,0,0,0,0,0,0,0,0,10,2,10,0,8,1.0,0,0,0,0,0,0,0,0,196,12.908891328210757,2.098682766190999
226,PT08M49.00S,2021-05-16 17:42:36.700000+00:00,2,REGULAR,substitution,in,,1629060,,,1610612766,28,38,2021-05-16T17:42:47Z,2150000,,,0,,SUB in: R. Hachimura,1629060,1610612764.0,WAS,,,,,,,,,Hachimura,R. Hachimura,,,,,,,,,,,,,,,,,,,,22001080,,1911.9,8301.6,529.0,10,720,911.0,0,0,0,0,0,0,0,0,0,10,2,10,0,8,1.0,0,0,0,0,0,0,0,0,197,12.974753018660811,2.098682766190999
227,PT08M49.00S,2021-05-16 17:42:36.700000+00:00,2,REGULAR,substitution,in,,1628984,,,1610612766,28,38,2021-05-16T17:42:47Z,2160000,,,0,,SUB in: D. Graham,1628984,1610612766.0,CHA,,,,,,,,,Graham,D. Graham,,,,,,,,,,,,,,,,,,,,22001080,,1911.9,8301.6,529.0,10,720,911.0,0,0,0,0,0,0,0,0,0,10,2,10,0,8,1.0,0,0,0,0,0,0,0,0,198,13.040614709110868,2.098682766190999
228,PT08M37.00S,2021-05-16 17:43:03.200000+00:00,2,REGULAR,2pt,DUNK,"pointsinthepaint, fromturnover",1628970,88.2227332457293,52.8722426470588,1610612766,28,38,2021-05-16T17:43:08Z,2170000,14.0,58.0,1,right,MISS M. Bridges 6' driving DUNK,1628970,1610612766.0,CHA,driving,,,,,,,,Bridges,M. Bridges,,,,,Missed,,6.0,,,,,,,,,,,,,22001080,,1938.4,8301.6,517.0,10,720,923.0,0,0,0,0,0,0,0,0,0,10,2,10,0,8,1.0,0,0,0,0,0,0,0,0,199,12.936078006500543,2.1001083423618634
229,PT08M34.00S,2021-05-16 17:43:06.100000+00:00,2,REGULAR,rebound,offensive,,202687,,,1610612766,28,38,2021-05-16T17:43:06Z,2180000,,,0,,B. Biyombo REBOUND (Off:1 Def:0),202687,1610612766.0,CHA,,,,,,,,,Biyombo,B. Biyombo,,,,,,,,,,,228.0,1.0,0.0,1.0,,,,,,22001080,,1941.3,8301.6,514.0,10,720,926.0,0,0,0,0,0,0,0,0,0,10,2,10,0,8,1.0,0,0,0,0,0,0,0,0,200,12.958963282937365,2.0964362850971923
230,PT08M32.00S,2021-05-16 17:43:08+00:00,2,REGULAR,3pt,Jump Shot,"fromturnover, 2ndchance",1629023,70.4829172141919,81.0585171568627,1610612766,28,38,2021-05-16T17:43:13Z,2190000,155.0,225.0,1,right,MISS P. Washington 27' 3PT,1629023,1610612766.0,CHA,,,,,,,,,Washington,P. Washington,,,,,Missed,,27.34,,,,,,,,,,,,,22001080,,1943.2,8301.6,512.0,10,720,928.0,0,0,0,0,0,0,0,0,0,10,2,10,0,8,1.0,0,0,0,0,0,0,0,0,201,12.995689655172413,2.0939655172413794
231,PT08M30.00S,2021-05-16 17:43:10+00:00,2,REGULAR,rebound,offensive,,1628970,,,1610612766,28,38,2021-05-16T17:43:13Z,2200000,,,0,,M. Bridges REBOUND (Off:1 Def:1),1628970,1610612766.0,CHA,,,,,,,,,Bridges,M. Bridges,,,,,,,,,,,230.0,2.0,1.0,1.0,,,,,,22001080,,1945.2,8301.6,510.0,10,720,930.0,0,0,0,0,0,0,0,0,0,10,2,10,0,8,1.0,0,0,0,0,0,0,0,0,202,13.03225806451613,2.0916129032258066
232,PT08M28.00S,2021-05-16 17:43:11.800000+00:00,2,REGULAR,2pt,Layup,"pointsinthepaint, fromturnover, 2ndchance",1628970,90.3252299605782,48.4604779411765,1610612766,28,40,2021-05-16T17:43:16Z,2210000,-8.0,38.0,1,right,M. Bridges Layup (4 PTS),1628970,1610612766.0,CHA,,,,,,,,,Bridges,M. Bridges,,,,,Made,4.0,3.92,,,,,,,,,,,,,22001080,,1947.0,8301.6,508.0,12,720,932.0,0,0,0,0,0,0,0,0,0,10,2,10,0,8,1.0,0,0,0,0,0,0,0,0,203,13.068669527896995,2.0890557939914163
233,PT08M18.00S,2021-05-16 17:43:21.600000+00:00,2,REGULAR,3pt,Jump Shot,,1629060,30.0098554533509,72.7251838235294,1610612764,31,40,2021-05-16T17:43:27Z,2220000,-114.0,230.0,1,left,R. Hachimura 25' 3PT bank (7 PTS) (I. Smith 3 AST),"1629060, 202397",1610612764.0,WAS,bank,,,,,,,,Hachimura,R. Hachimura,,,,,Made,7.0,25.62,I. Smith,202397.0,3.0,,,,,,,,,,22001080,,1956.8,8301.6,498.0,9,720,942.0,0,0,0,0,0,0,0,0,0,10,2,10,0,8,1.0,0,0,0,0,0,0,0,0,204,12.993630573248408,2.0772823779193206
235,PT07M52.00S,2021-05-16 17:43:47.400000+00:00,2,REGULAR,3pt,Jump Shot,,1628984,73.7680683311432,14.3918504901961,1610612766,31,40,2021-05-16T17:43:52Z,2240000,-178.0,194.0,1,right,MISS D. Graham 26' step back 3PT,1628984,1610612766.0,CHA,step back,,,,,,,,Graham,D. Graham,,,,,Missed,,26.34,,,,,,,,,,,,,22001080,,1982.6,8301.6,472.0,9,720,968.0,0,0,0,0,0,0,0,0,0,10,2,10,0,8,1.0,0,0,0,0,0,0,0,0,205,12.706611570247935,2.0481404958677687
236,PT07M50.00S,2021-05-16 17:43:49.400000+00:00,2,REGULAR,rebound,defensive,,202397,,,1610612764,31,40,2021-05-16T17:43:52Z,2250000,,,0,,I. Smith REBOUND (Off:1 Def:2),202397,1610612764.0,WAS,,,,,,,,,Smith,I. Smith,,,,,,,,,,,235.0,3.0,2.0,1.0,,,,,,22001080,,1984.6,8301.6,470.0,9,720,970.0,0,0,0,0,0,0,0,0,0,10,2,10,0,8,0.0,0,0,0,0,0,0,0,0,206,12.742268041237113,2.0459793814432987
237,PT07M45.00S,2021-05-16 17:43:57.300000+00:00,2,REGULAR,stoppage,out-of-bounds,,0,,,1610612764,31,40,2021-05-16T17:43:57Z,2260000,,,0,,,,,,,,,,,,,,,,,,,,,,,,,,,,,,,,,,,22001080,,1992.5,8301.6,465.0,9,720,975.0,0,0,0,0,0,0,0,0,0,10,2,10,0,8,0.0,0,0,0,0,0,0,0,0,207,12.738461538461538,2.0435897435897434
238,PT07M45.00S,2021-05-16 17:43:58.700000+00:00,2,REGULAR,substitution,out,,201566,,,1610612764,31,40,2021-05-16T17:44:16Z,2270000,,,0,,SUB out: R. Westbrook,201566,1610612764.0,WAS,,,,,,,,,Westbrook,R. Westbrook,,,,,,,,,,,,,,,,,,,,22001080,,1993.9,8301.6,465.0,9,720,975.0,0,0,0,0,0,0,0,0,0,10,2,10,0,8,0.0,0,0,0,0,0,0,0,0,208,12.8,2.0450256410256413
239,PT07M45.00S,2021-05-16 17:43:58.700000+00:00,2,REGULAR,substitution,out,,1628970,,,1610612764,31,40,2021-05-16T17:44:16Z,2280000,,,0,,SUB out: M. Bridges,1628970,1610612766.0,CHA,,,,,,,,,Bridges,M. Bridges,,,,,,,,,,,,,,,,,,,,22001080,,1993.9,8301.6,465.0,9,720,975.0,0,0,0,0,0,0,0,0,0,10,2,10,0,8,0.0,0,0,0,0,0,0,0,0,209,12.861538461538462,2.0450256410256413
240,PT07M45.00S,2021-05-16 17:43:58.700000+00:00,2,REGULAR,substitution,in,,203078,,,1610612764,31,40,2021-05-16T17:44:16Z,2290000,,,0,,SUB in: B. Beal,203078,1610612764.0,WAS,,,,,,,,,Beal,B. Beal,,,,,,,,,,,,,,,,,,,,22001080,,1993.9,8301.6,465.0,9,720,975.0,0,0,0,0,0,0,0,0,0,10,2,10,0,8,0.0,0,0,0,0,0,0,0,0,210,12.923076923076923,2.0450256410256413
241,PT07M45.00S,2021-05-16 17:43:58.700000+00:00,2,REGULAR,substitution,in,,1629667,,,1610612764,31,40,2021-05-16T17:44:16Z,2300000,,,0,,SUB in: J. McDaniels,1629667,1610612766.0,CHA,,,,,,,,,McDaniels,J. McDaniels,,,,,,,,,,,,,,,,,,,,22001080,,1993.9,8301.6,465.0,9,720,975.0,0,0,0,0,0,0,0,0,0,10,2,10,0,8,0.0,0,0,0,0,0,0,0,0,211,12.984615384615385,2.0450256410256413
242,PT07M37.00S,2021-05-16 17:44:26.100000+00:00,2,REGULAR,2pt,Hook,pointsinthepaint,201577,10.8245729303548,43.0683210784314,1610612764,33,40,2021-05-16T17:44:41Z,2310000,35.0,49.0,1,left,R. Lopez 6' Hook (4 PTS) (B. Beal 1 AST),"201577, 203078",1610612764.0,WAS,,,,,,,,,Lopez,R. Lopez,,,,,Made,4.0,6.03,B. Beal,203078.0,1.0,,,,,,,,,,22001080,,2021.3,8301.6,457.0,7,720,983.0,0,0,0,0,0,0,0,0,0,10,2,10,0,8,0.0,0,0,0,0,0,0,0,0,212,12.939979654120041,2.056256358087487
244,PT07M25.00S,2021-05-16 17:44:37.800000+00:00,2,REGULAR,3pt,Jump Shot,,1628370,75.0821287779238,10.9604779411765,1610612766,33,40,2021-05-16T17:44:43Z,2330000,-195.0,182.0,1,right,MISS M. Monk 26' 3PT,1628370,1610612766.0,CHA,,,,,,,,,Monk,M. Monk,,,,,Missed,,26.67,,,,,,,,,,,,,22001080,,2033.0,8301.6,445.0,7,720,995.0,0,0,0,0,0,0,0,0,0,10,2,10,0,8,0.0,0,0,0,0,0,0,0,0,213,12.84422110552764,2.04321608040201
245,PT07M25.00S,2021-05-16 17:44:37.800000+00:00,2,REGULAR,rebound,defensive,,1629060,,,1610612764,33,40,2021-05-16T17:44:43Z,2340000,,,0,,R. Hachimura REBOUND (Off:0 Def:3),1629060,1610612764.0,WAS,,,,,,,,,Hachimura,R. Hachimura,,,,,,,,,,,244.0,3.0,3.0,0.0,,,,,,22001080,,2033.0,8301.6,445.0,7,720,995.0,0,0,0,0,0,0,0,0,0,10,2,10,0,8,0.0,0,0,0,0,0,0,0,0,214,12.904522613065328,2.04321608040201
246,PT07M06.00S,2021-05-16 17:44:57.400000+00:00,2,REGULAR,2pt,Layup,pointsinthepaint,201577,6.35676741130092,45.5193014705882,1610612764,35,40,2021-05-16T17:45:02Z,2350000,22.0,7.0,1,left,R. Lopez Layup (6 PTS) (I. Smith 4 AST),"201577, 202397",1610612764.0,WAS,,,,,,,,,Lopez,R. Lopez,,,,,Made,6.0,2.36,I. Smith,202397.0,4.0,,,,,,,,,,22001080,,2052.6,8301.6,426.0,5,720,1014.0,0,0,0,1,0,0,0,0,0,10,2,10,0,8,0.0,0,0,0,0,0,0,0,0,215,12.721893491124261,2.0242603550295857
248,PT07M06.00S,2021-05-16 17:45:07.200000+00:00,2,REGULAR,timeout,full,"team, mandatory",0,,,1610612766,35,40,2021-05-16T17:45:07Z,2370000,,,0,,CHA Timeout,,1610612766.0,CHA,,,,,,,,,,,,,,,,,,,,,,,,,,,,,,22001080,,2062.4,8301.6,426.0,5,720,1014.0,0,0,0,1,0,1,0,0,0,10,3,10,0,8,0.0,0,0,0,0,0,0,0,0,216,12.781065088757398,2.033925049309665
251,PT07M06.00S,2021-05-16 17:45:09.800000+00:00,2,REGULAR,substitution,out,,1628370,,,1610612766,35,40,2021-05-16T17:47:24Z,2380000,,,0,,SUB out: M. Monk,1628370,1610612766.0,CHA,,,,,,,,,Monk,M. Monk,,,,,,,,,,,,,,,,,,,,22001080,,2065.0,8301.6,426.0,5,720,1014.0,0,0,0,1,0,0,0,0,0,10,3,10,0,8,0.0,0,0,0,0,0,0,0,0,217,12.840236686390533,2.0364891518737673
252,PT07M06.00S,2021-05-16 17:45:09.800000+00:00,2,REGULAR,substitution,out,,202687,,,1610612766,35,40,2021-05-16T17:47:24Z,2390000,,,0,,SUB out: B. Biyombo,202687,1610612766.0,CHA,,,,,,,,,Biyombo,B. Biyombo,,,,,,,,,,,,,,,,,,,,22001080,,2065.0,8301.6,426.0,5,720,1014.0,0,0,0,1,0,0,0,0,0,10,3,10,0,8,0.0,0,0,0,0,0,0,0,0,218,12.89940828402367,2.0364891518737673
253,PT07M06.00S,2021-05-16 17:45:09.800000+00:00,2,REGULAR,substitution,in,,1626179,,,1610612766,35,40,2021-05-16T17:47:24Z,2400000,,,0,,SUB in: T. Rozier,1626179,1610612766.0,CHA,,,,,,,,,Rozier,T. Rozier,,,,,,,,,,,,,,,,,,,,22001080,,2065.0,8301.6,426.0,5,720,1014.0,0,0,0,1,0,0,0,0,0,10,3,10,0,8,0.0,0,0,0,0,0,0,0,0,219,12.958579881656807,2.0364891518737673
254,PT07M06.00S,2021-05-16 17:45:09.800000+00:00,2,REGULAR,substitution,in,,203469,,,1610612766,35,40,2021-05-16T17:47:24Z,2410000,,,0,,SUB in: C. Zeller,203469,1610612766.0,CHA,,,,,,,,,Zeller,C. Zeller,,,,,,,,,,,,,,,,,,,,22001080,,2065.0,8301.6,426.0,5,720,1014.0,0,0,0,1,0,0,0,0,0,10,3,10,0,8,0.0,0,0,0,0,0,0,0,0,220,13.017751479289942,2.0364891518737673
257,PT06M45.00S,2021-05-16 17:48:13.500000+00:00,2,REGULAR,2pt,Jump Shot,pointsinthepaint,1626179,87.6971090670171,59.734987745098,1610612766,35,40,2021-05-16T17:48:17Z,2420000,49.0,63.0,1,right,MISS T. Rozier 7' driving floating Shot,1626179,1610612766.0,CHA,driving floating,,,,,,,,Rozier,T. Rozier,,,,,Missed,,7.97,,,,,,,,,,,,,22001080,,2248.7,8301.6,405.0,5,720,1035.0,0,0,0,1,0,0,0,0,0,10,3,10,0,8,0.0,0,0,0,0,0,0,0,0,221,12.81159420289855,2.1726570048309175
258,PT06M41.00S,2021-05-16 17:48:17.500000+00:00,2,REGULAR,rebound,defensive,,202397,,,1610612764,35,40,2021-05-16T17:48:17Z,2430000,,,0,,I. Smith REBOUND (Off:1 Def:3),202397,1610612764.0,WAS,,,,,,,,,Smith,I. Smith,,,,,,,,,,,257.0,4.0,3.0,1.0,,,,,,22001080,,2252.7,8301.6,401.0,5,720,1039.0,0,0,0,1,0,0,0,0,0,10,3,10,0,8,0.0,0,0,0,0,0,0,0,0,222,12.820019249278152,2.1681424446583253
259,PT06M30.00S,2021-05-16 17:48:28.400000+00:00,2,REGULAR,2pt,Jump Shot,,203078,6.0939553219448,87.921262254902,1610612764,37,40,2021-05-16T17:48:34Z,2440000,-190.0,5.0,1,left,B. Beal 18' step back Jump Shot (2 PTS),203078,1610612764.0,WAS,step back,,,,,,,,Beal,B. Beal,,,,,Made,2.0,18.97,,,,,,,,,,,,,22001080,,2263.6,8301.6,390.0,3,720,1050.0,0,0,0,1,0,0,0,0,0,10,3,10,0,8,0.0,0,0,0,0,0,0,0,0,223,12.742857142857142,2.155809523809524
260,PT06M12.00S,2021-05-16 17:48:45.800000+00:00,2,REGULAR,2pt,Jump Shot,,1628984,82.9664914586071,28.1173406862745,1610612766,37,40,2021-05-16T17:48:54Z,2450000,-109.0,108.0,1,right,MISS D. Graham 15' driving floating Shot,1628984,1610612766.0,CHA,driving floating,,,,,,,,Graham,D. Graham,,,,,Missed,,15.34,,,,,,,,,,,,,22001080,,2281.0,8301.6,372.0,3,720,1068.0,0,0,0,1,0,0,0,0,0,10,3,10,0,8,0.0,0,0,0,0,0,0,0,0,224,12.584269662921347,2.135767790262172
261,PT06M08.00S,2021-05-16 17:48:49.600000+00:00,2,REGULAR,rebound,offensive,,1629667,,,1610612766,37,40,2021-05-16T17:48:49Z,2460000,,,0,,J. McDaniels REBOUND (Off:1 Def:2),1629667,1610612766.0,CHA,,,,,,,,,McDaniels,J. McDaniels,,,,,,,,,,,260.0,3.0,2.0,1.0,,,,,,22001080,,2284.8,8301.6,368.0,3,720,1072.0,0,0,0,1,0,0,0,0,0,10,3,10,0,8,0.0,0,0,0,0,0,0,0,0,225,12.593283582089551,2.1313432835820896
262,PT06M06.00S,2021-05-16 17:48:51.900000+00:00,2,REGULAR,3pt,Jump Shot,2ndchance,1626179,94.0045992115637,2.87224264705883,1610612766,37,43,2021-05-16T17:48:57Z,2470000,-236.0,4.0,1,right,T. Rozier 3PT  (9 PTS) (J. McDaniels 1 AST),"1626179, 1629667",1610612766.0,CHA,,,,,,,,,Rozier,T. Rozier,,,,,Made,9.0,23.56,J. McDaniels,1629667.0,1.0,,,,,,,,,,22001080,,2287.1,8301.6,366.0,6,720,1074.0,0,0,0,0,0,0,0,0,0,10,3,10,0,8,0.0,0,0,0,0,0,0,0,0,226,12.625698324022347,2.1295158286778397
264,PT05M50.00S,2021-05-16 17:49:07.900000+00:00,2,REGULAR,3pt,Jump Shot,,203078,25.4106438896189,87.1859681372549,1610612764,40,43,2021-05-16T17:49:38Z,2490000,-186.0,186.0,1,left,B. Beal 26' 3PT pullup (5 PTS) (R. Lopez 1 AST),"203078, 201577",1610612764.0,WAS,pullup,,,,,,,,Beal,B. Beal,,,,,Made,5.0,26.33,R. Lopez,201577.0,1.0,,,,,,,,,,22001080,,2303.1,8301.6,350.0,3,720,1090.0,0,0,0,1,0,0,0,0,0,10,3,10,0,8,0.0,0,0,0,0,0,0,0,0,227,12.495412844036696,2.112935779816514
266,PT05M36.00S,2021-05-16 17:49:23.100000+00:00,2,REGULAR,2pt,Layup,pointsinthepaint,1626179,91.1136662286465,47.7251838235294,1610612766,40,45,2021-05-16T17:49:28Z,2510000,-11.0,31.0,1,right,T. Rozier driving finger roll Layup (11 PTS),1626179,1610612766.0,CHA,driving finger roll,,,,,,,,Rozier,T. Rozier,,,,,Made,11.0,3.3,,,,,,,,,,,,,22001080,,2318.3,8301.6,336.0,5,720,1104.0,0,0,0,1,0,0,0,0,0,10,3,10,0,8,0.0,0,0,0,0,0,0,0,0,228,12.391304347826088,2.099909420289855
267,PT05M36.00S,2021-05-16 17:49:26.600000+00:00,2,REGULAR,foul,personal,1freethrow,203078,,,1610612766,40,45,2021-05-16T17:49:49Z,2520000,,,0,,B. Beal shooting personal FOUL (2 PF) (Rozier 1 FT),"203078, 1626179",1610612764.0,WAS,shooting,,,,,,2714.0,,Beal,B. Beal,2.0,0.0,Rozier,1626179.0,,,,,,,,,,,,,,,,22001080,,2321.8,8301.6,336.0,5,720,1104.0,0,0,0,1,1,0,0,0,0,11,3,10,0,8,1.0,0,0,0,0,0,0,0,0,229,12.445652173913045,2.103079710144928
269,PT05M36.00S,2021-05-16 17:49:42.200000+00:00,2,REGULAR,substitution,out,,202397,,,1610612766,40,45,2021-05-16T17:49:48Z,2540000,,,0,,SUB out: I. Smith,202397,1610612764.0,WAS,,,,,,,,,Smith,I. Smith,,,,,,,,,,,,,,,,,,,,22001080,,2337.4,8301.6,336.0,5,720,1104.0,0,0,0,1,0,0,0,0,0,11,3,10,0,8,1.0,0,0,0,0,0,0,0,0,230,12.500000000000002,2.1172101449275362
270,PT05M36.00S,2021-05-16 17:49:42.200000+00:00,2,REGULAR,substitution,in,,201566,,,1610612766,40,45,2021-05-16T17:49:48Z,2550000,,,0,,SUB in: R. Westbrook,201566,1610612764.0,WAS,,,,,,,,,Westbrook,R. Westbrook,,,,,,,,,,,,,,,,,,,,22001080,,2337.4,8301.6,336.0,5,720,1104.0,0,0,0,1,0,0,0,0,0,11,3,10,0,8,1.0,0,0,0,0,0,0,0,0,231,12.554347826086957,2.1172101449275362
271,PT05M36.00S,2021-05-16 17:50:07.700000+00:00,2,REGULAR,freethrow,1 of 1,,1626179,,,1610612766,40,46,2021-05-16T17:50:07Z,2560000,,,0,,T. Rozier Free Throw 1 of 1 (12 PTS),1626179,1610612766.0,CHA,,,,,,,,,Rozier,T. Rozier,,,,,Made,12.0,,,,,,,,,,,,,,22001080,,2362.9,8301.6,336.0,6,720,1104.0,0,0,0,0,0,0,0,0,1,11,3,10,0,9,1.0,0,0,0,0,0,0,0,0,232,12.608695652173914,2.1403079710144928
272,PT05M27.00S,2021-05-16 17:50:18+00:00,2,REGULAR,2pt,Jump Shot,,1629060,22.7825229960578,44.7840073529412,1610612764,42,46,2021-05-16T17:50:23Z,2570000,26.0,162.0,1,left,R. Hachimura 16' Jump Shot (9 PTS) (B. Beal 2 AST),"1629060, 203078",1610612764.0,WAS,,,,,,,,,Hachimura,R. Hachimura,,,,,Made,9.0,16.38,B. Beal,203078.0,2.0,,,,,,,,,,22001080,,2373.2,8301.6,327.0,4,720,1113.0,0,0,0,1,0,0,0,0,0,11,3,10,0,9,1.0,0,0,0,0,0,0,0,0,233,12.560646900269541,2.1322551662174303
274,PT05M12.00S,2021-05-16 17:50:32.900000+00:00,2,REGULAR,3pt,Jump Shot,,1628984,75.607752956636,9.98008578431373,1610612766,42,46,2021-05-16T17:50:49Z,2590000,-200.0,177.0,1,right,MISS D. Graham 26' 3PT,1628984,1610612766.0,CHA,,,,,,,,,Graham,D. Graham,,,,,Missed,,26.7,,,,,,,,,,,,,22001080,,2388.1,8301.6,312.0,4,720,1128.0,0,0,0,1,0,0,0,0,0,11,3,10,0,9,1.0,0,0,0,0,0,0,0,0,234,12.446808510638297,2.117109929078014
275,PT05M08.00S,2021-05-16 17:50:36.900000+00:00,2,REGULAR,rebound,defensive,,203078,,,1610612764,42,46,2021-05-16T17:50:38Z,2600000,,,0,,B. Beal REBOUND (Off:0 Def:1),203078,1610612764.0,WAS,,,,,,,,,Beal,B. Beal,,,,,,,,,,,274.0,1.0,1.0,0.0,,,,,,22001080,,2392.1,8301.6,308.0,4,720,1132.0,0,0,0,1,0,0,0,0,0,11,3,10,0,9,1.0,0,0,0,0,0,0,0,0,235,12.45583038869258,2.113162544169611
276,PT05M05.00S,2021-05-16 17:50:41.500000+00:00,2,REGULAR,foul,personal,,203469,,,1610612764,42,46,2021-05-16T17:50:53Z,2610000,,,0,,C. Zeller personal FOUL (2 PF),"203469, 203078",1610612766.0,CHA,,,,,,,1188.0,,Zeller,C. Zeller,2.0,0.0,Beal,203078.0,,,,,,,,,,,,,,,,22001080,,2396.7,8301.6,305.0,4,720,1135.0,0,0,0,1,1,0,0,0,0,12,3,10,0,9,2.0,0,0,0,0,0,0,0,0,236,12.475770925110131,2.1116299559471363
278,PT04M57.00S,2021-05-16 17:51:14+00:00,2,REGULAR,2pt,Jump Shot,,203078,22.3883048620237,40.3722426470588,1610612764,42,46,2021-05-16T17:51:20Z,2630000,48.0,158.0,1,left,MISS B. Beal 16' step back Shot,203078,1610612764.0,WAS,step back,,,,,,,,Beal,B. Beal,,,,,Missed,,16.52,,,,,,,,,,,,,22001080,,2429.2,8301.6,297.0,4,720,1143.0,0,0,0,1,0,0,0,0,0,12,3,10,0,9,2.0,0,0,0,0,0,0,0,0,237,12.440944881889763,2.1252843394575676
279,PT04M54.00S,2021-05-16 17:51:17+00:00,2,REGULAR,rebound,defensive,,1629023,,,1610612766,42,46,2021-05-16T17:51:20Z,2640000,,,0,,P. Washington REBOUND (Off:0 Def:4),1629023,1610612766.0,CHA,,,,,,,,,Washington,P. Washington,,,,,,,,,,,278.0,4.0,4.0,0.0,,,,,,22001080,,2432.2,8301.6,294.0,4,720,1146.0,0,0,0,1,0,0,0,0,0,12,3,10,0,9,2.0,0,0,0,0,0,0,0,0,238,12.460732984293193,2.1223385689354273
280,PT04M43.00S,2021-05-16 17:51:30.100000+00:00,2,REGULAR,turnover,out-of-bounds,,1629667,,,1610612766,42,46,2021-05-16T17:51:36Z,2650000,,,0,,J. McDaniels lost ball out-of-bounds TURNOVER (2 TO),1629667,1610612766.0,CHA,lost ball,,,,,,2714.0,2.0,McDaniels,J. McDaniels,,,,,,,,,,,,,,,,,,,,22001080,,2445.3,8301.6,283.0,4,720,1157.0,0,0,0,1,0,0,1,0,0,12,3,11,0,9,2.0,0,0,0,0,0,0,0,0,239,12.394122731201382,2.113483146067416
281,PT04M43.00S,2021-05-16 17:51:34.100000+00:00,2,REGULAR,stoppage,out-of-bounds,,0,,,1610612764,42,46,2021-05-16T17:51:34Z,2660000,,,0,,,,,,,,,,,,,,,,,,,,,,,,,,,,,,,,,,,22001080,,2449.3,8301.6,283.0,4,720,1157.0,0,0,0,1,0,0,0,0,0,12,3,11,0,9,2.0,0,0,0,0,0,0,0,0,240,12.445980985306827,2.116940363007779
282,PT04M43.00S,2021-05-16 17:51:34.900000+00:00,2,REGULAR,substitution,out,,1629667,,,1610612764,42,46,2021-05-16T17:51:38Z,2670000,,,0,,SUB out: J. McDaniels,1629667,1610612766.0,CHA,,,,,,,,,McDaniels,J. McDaniels,,,,,,,,,,,,,,,,,,,,22001080,,2450.1,8301.6,283.0,4,720,1157.0,0,0,0,1,0,0,0,0,0,12,3,11,0,9,2.0,0,0,0,0,0,0,0,0,241,12.497839239412272,2.1176318063958512
283,PT04M43.00S,2021-05-16 17:51:34.900000+00:00,2,REGULAR,substitution,in,,1628970,,,1610612764,42,46,2021-05-16T17:51:38Z,2680000,,,0,,SUB in: M. Bridges,1628970,1610612766.0,CHA,,,,,,,,,Bridges,M. Bridges,,,,,,,,,,,,,,,,,,,,22001080,,2450.1,8301.6,283.0,4,720,1157.0,0,0,0,1,0,0,0,0,0,12,3,11,0,9,2.0,0,0,0,0,0,0,0,0,242,12.549697493517717,2.1176318063958512
284,PT04M35.00S,2021-05-16 17:51:47.500000+00:00,2,REGULAR,3pt,Jump Shot,fromturnover,202722,31.3239159001314,29.8330269607843,1610612764,42,46,2021-05-16T17:51:55Z,2690000,101.0,242.0,1,left,MISS D. Bertans 26' 3PT,202722,1610612764.0,WAS,,,,,,,,,Bertans,D. Bertans,,,,,Missed,,26.21,,,,,,,,,,,,,22001080,,2462.7,8301.6,275.0,4,720,1165.0,0,0,0,1,0,0,0,0,0,12,3,11,0,9,2.0,0,0,0,0,0,0,0,0,243,12.515021459227468,2.1139055793991415
285,PT04M31.00S,2021-05-16 17:51:51.500000+00:00,2,REGULAR,rebound,defensive,,1628984,,,1610612766,42,46,2021-05-16T17:51:55Z,2700000,,,0,,D. Graham REBOUND (Off:0 Def:2),1628984,1610612766.0,CHA,,,,,,,,,Graham,D. Graham,,,,,,,,,,,284.0,2.0,2.0,0.0,,,,,,22001080,,2466.7,8301.6,271.0,4,720,1169.0,0,0,0,1,0,0,0,0,0,12,3,11,0,9,2.0,0,0,0,0,0,0,0,0,244,12.523524379811805,2.110094097519247
286,PT04M25.00S,2021-05-16 17:51:58+00:00,2,REGULAR,3pt,Jump Shot,,1629023,78.3672798948752,7.52910539215686,1610612766,42,46,2021-05-16T17:52:02Z,2710000,-212.0,151.0,1,right,MISS P. Washington 26' 3PT,1629023,1610612766.0,CHA,,,,,,,,,Washington,P. Washington,,,,,Missed,,26.05,,,,,,,,,,,,,22001080,,2473.2,8301.6,265.0,4,720,1175.0,0,0,0,1,0,0,0,0,0,12,3,11,0,9,2.0,0,0,0,0,0,0,0,0,245,12.510638297872342,2.1048510638297873
287,PT04M22.00S,2021-05-16 17:52:01+00:00,2,REGULAR,rebound,defensive,,201566,,,1610612764,42,46,2021-05-16T17:52:02Z,2720000,,,0,,R. Westbrook REBOUND (Off:2 Def:6),201566,1610612764.0,WAS,,,,,,,,,Westbrook,R. Westbrook,,,,,,,,,,,286.0,8.0,6.0,2.0,,,,,,22001080,,2476.2,8301.6,262.0,4,720,1178.0,0,0,0,1,0,0,0,0,0,12,3,11,0,9,2.0,0,0,0,0,0,0,0,0,246,12.529711375212225,2.1020373514431236
288,PT04M16.00S,2021-05-16 17:52:07.100000+00:00,2,REGULAR,2pt,Layup,pointsinthepaint,203078,8.72207621550591,53.6075367647059,1610612764,42,46,2021-05-16T17:52:11Z,2730000,-18.0,29.0,1,left,MISS B. Beal cutting Layup,203078,1610612764.0,WAS,cutting,,,,,,,,Beal,B. Beal,,,,,Missed,,3.46,,,,,,,,,,,,,22001080,,2482.3,8301.6,256.0,4,720,1184.0,0,0,0,1,0,0,0,0,0,12,3,11,0,9,2.0,0,0,0,0,0,0,0,0,247,12.516891891891891,2.0965371621621625
289,PT04M14.00S,2021-05-16 17:52:09.100000+00:00,2,REGULAR,rebound,defensive,,1629023,,,1610612766,42,46,2021-05-16T17:52:11Z,2740000,,,0,,P. Washington REBOUND (Off:0 Def:5),1629023,1610612766.0,CHA,,,,,,,,,Washington,P. Washington,,,,,,,,,,,288.0,5.0,5.0,0.0,,,,,,22001080,,2484.3,8301.6,254.0,4,720,1186.0,0,0,0,1,0,0,0,0,0,12,3,11,0,9,2.0,0,0,0,0,0,0,0,0,248,12.54637436762226,2.0946880269814505
290,PT04M06.00S,2021-05-16 17:52:19.600000+00:00,2,REGULAR,stoppage,out-of-bounds,,0,,,1610612766,42,46,2021-05-16T17:52:19Z,2750000,,,0,,,,,,,,,,,,,,,,,,,,,,,,,,,,,,,,,,,22001080,,2494.8,8301.6,246.0,4,720,1194.0,0,0,0,1,0,0,0,0,0,12,3,11,0,9,1.0,0,0,0,0,0,0,0,0,249,12.512562814070353,2.089447236180905
291,PT03M57.00S,2021-05-16 17:52:41.200000+00:00,2,REGULAR,2pt,Jump Shot,,1628984,75.0821287779238,33.999693627451,1610612766,42,48,2021-05-16T17:52:45Z,2760000,-80.0,182.0,1,right,D. Graham 19' pullup Jump Shot (10 PTS) (T. Rozier 4 AST),"1628984, 1626179",1610612766.0,CHA,pullup,,,,,,,,Graham,D. Graham,,,,,Made,10.0,19.85,T. Rozier,1626179.0,4.0,,,,,,,,,,22001080,,2516.4,8301.6,237.0,6,720,1203.0,0,0,0,0,0,0,0,0,0,12,3,11,0,9,1.0,0,0,0,0,0,0,0,0,250,12.468827930174562,2.0917705735660848
293,PT03M56.00S,2021-05-16 17:52:47.700000+00:00,2,REGULAR,timeout,full,"team, mandatory",0,,,1610612764,42,48,2021-05-16T17:52:47Z,2780000,,,0,,WAS Timeout,,1610612764.0,WAS,,,,,,,,,,,,,,,,,,,,,,,,,,,,,,22001080,,2522.9,8301.6,236.0,6,720,1204.0,0,0,0,0,0,1,0,0,0,12,4,11,0,9,1.0,0,0,0,0,0,0,0,0,251,12.508305647840531,2.095431893687708
294,PT03M56.00S,2021-05-16 17:53:02.500000+00:00,2,REGULAR,substitution,out,,201577,,,1610612764,42,48,2021-05-16T17:55:25Z,2790000,,,0,,SUB out: R. Lopez,201577,1610612764.0,WAS,,,,,,,,,Lopez,R. Lopez,,,,,,,,,,,,,,,,,,,,22001080,,2537.7,8301.6,236.0,6,720,1204.0,0,0,0,0,0,0,0,0,0,12,4,11,0,9,1.0,0,0,0,0,0,0,0,0,252,12.558139534883722,2.1077242524916944
295,PT03M56.00S,2021-05-16 17:53:02.500000+00:00,2,REGULAR,substitution,in,,1629655,,,1610612764,42,48,2021-05-16T17:55:25Z,2800000,,,0,,SUB in: D. Gafford,1629655,1610612764.0,WAS,,,,,,,,,Gafford,D. Gafford,,,,,,,,,,,,,,,,,,,,22001080,,2537.7,8301.6,236.0,6,720,1204.0,0,0,0,0,0,0,0,0,0,12,4,11,0,9,1.0,0,0,0,0,0,0,0,0,253,12.60797342192691,2.1077242524916944
296,PT03M46.00S,2021-05-16 17:55:54.600000+00:00,2,REGULAR,turnover,out-of-bounds,,203078,,,1610612764,42,48,2021-05-16T17:56:01Z,2810000,,,0,,B. Beal lost ball out-of-bounds TURNOVER (2 TO),203078,1610612764.0,WAS,lost ball,,,,,,1155.0,2.0,Beal,B. Beal,,,,,,,,,,,,,,,,,,,,22001080,,2709.8,8301.6,226.0,6,720,1214.0,0,0,0,0,0,0,1,0,0,12,4,12,0,9,1.0,0,0,0,0,0,0,0,0,254,12.553542009884678,2.2321252059308074
297,PT03M46.00S,2021-05-16 17:55:58.300000+00:00,2,REGULAR,stoppage,out-of-bounds,,0,,,1610612766,42,48,2021-05-16T17:55:58Z,2820000,,,0,,,,,,,,,,,,,,,,,,,,,,,,,,,,,,,,,,,22001080,,2713.5,8301.6,226.0,6,720,1214.0,0,0,0,0,0,0,0,0,0,12,4,12,0,9,1.0,0,0,0,0,0,0,0,0,255,12.602965403624381,2.235172981878089
298,PT03M31.00S,2021-05-16 17:56:13.100000+00:00,2,REGULAR,2pt,Layup,"pointsinthepaint, fromturnover",1628970,90.5880420499343,54.5879289215686,1610612766,42,48,2021-05-16T17:56:24Z,2830000,23.0,36.0,1,right,MISS M. Bridges driving Layup,1628970,1610612766.0,CHA,driving,,,,,,,,Bridges,M. Bridges,,,,,Missed,,4.27,,,,,,,,,,,,,22001080,,2728.3,8301.6,211.0,6,720,1229.0,0,0,0,0,0,0,0,0,0,12,4,12,0,9,0.0,0,0,0,0,0,0,0,0,256,12.497965825874694,2.2199349064279903
299,PT03M30.00S,2021-05-16 17:56:14.100000+00:00,2,REGULAR,rebound,offensive,team,0,,,1610612766,42,48,2021-05-16T17:56:24Z,2840000,,,0,,TEAM offensive REBOUND,,1610612766.0,CHA,,,,,,,,,,,,,,,,,,,,,298.0,,,,,,,,,22001080,,2729.3,8301.6,210.0,6,720,1230.0,0,0,0,0,0,0,0,0,0,12,4,12,0,9,0.0,0,0,0,0,0,0,0,0,257,12.536585365853659,2.2189430894308946
300,PT03M30.00S,2021-05-16 17:56:21.700000+00:00,2,REGULAR,foul,personal,,203078,,,1610612766,42,48,2021-05-16T17:56:33Z,2850000,,,0,,B. Beal personal FOUL (3 PF),"203078, 203469",1610612764.0,WAS,,,,,,,1155.0,,Beal,B. Beal,3.0,0.0,Zeller,203469.0,,,,,,,,,,,,,,,,22001080,,2736.9,8301.6,210.0,6,720,1230.0,0,0,0,0,1,0,0,0,0,13,4,12,0,9,1.0,0,0,0,0,0,0,0,0,258,12.585365853658537,2.225121951219512
302,PT03M16.00S,2021-05-16 17:56:54.400000+00:00,2,REGULAR,turnover,shot clock,team,0,,,1610612766,42,48,2021-05-16T17:57:05Z,2870000,,,0,,CHA shot clock Team TURNOVER,,1610612766.0,CHA,,,,,,,2714.0,,,,,,,,,,,,,,,,,,,,,,,22001080,,2769.6,8301.6,196.0,6,720,1244.0,0,0,0,0,0,0,1,0,0,13,4,13,0,9,1.0,0,0,0,0,0,0,0,0,259,12.491961414790996,2.2263665594855304
303,PT03M10.00S,2021-05-16 17:57:15+00:00,2,REGULAR,3pt,Jump Shot,fromturnover,202722,29.7470433639947,75.9114583333333,1610612764,45,48,2021-05-16T17:57:28Z,2880000,-130.0,227.0,1,left,D. Bertans 26' 3PT  (8 PTS) (R. Westbrook 4 AST),"202722, 201566",1610612764.0,WAS,,,,,,,,,Bertans,D. Bertans,,,,,Made,8.0,26.15,R. Westbrook,201566.0,4.0,,,,,,,,,,22001080,,2790.2,8301.6,190.0,3,720,1250.0,0,0,0,1,0,0,0,0,0,13,4,13,0,9,1.0,0,0,0,0,0,0,0,0,260,12.48,2.23216
305,PT02M58.00S,2021-05-16 17:57:27.700000+00:00,2,REGULAR,2pt,Layup,pointsinthepaint,1628970,93.6103810775296,53.3624387254902,1610612766,45,50,2021-05-16T17:57:33Z,2900000,17.0,8.0,1,right,M. Bridges cutting Layup (6 PTS) (C. Zeller 2 AST),"1628970, 203469",1610612766.0,CHA,cutting,,,,,,,,Bridges,M. Bridges,,,,,Made,6.0,1.84,C. Zeller,203469.0,2.0,,,,,,,,,,22001080,,2802.9,8301.6,178.0,5,720,1262.0,0,0,0,1,0,0,0,0,0,13,4,13,0,9,1.0,0,0,0,0,0,0,0,0,261,12.408874801901742,2.220998415213946
307,PT02M45.00S,2021-05-16 17:57:46.400000+00:00,2,REGULAR,foul,technical,1freethrow,203469,,,1610612764,45,50,2021-05-16T17:58:19Z,2920000,,,0,,C. Zeller defensive-3-second technical FOUL (1 Tech),203469,1610612766.0,CHA,defensive-3-second,,,,,,2714.0,,Zeller,C. Zeller,2.0,1.0,,,,,,,,,,,,,,,,,,22001080,,2821.6,8301.6,165.0,5,720,1275.0,0,0,0,1,1,0,0,0,0,14,4,13,0,9,2.0,0,0,0,0,0,0,0,0,262,12.329411764705883,2.2130196078431372
308,PT02M45.00S,2021-05-16 17:58:03.900000+00:00,2,REGULAR,freethrow,1 of 1,,203078,,,1610612764,45,50,2021-05-16T17:58:03Z,2930000,,,0,,MISS B. Beal technical Free Throw 1 of 1,203078,1610612764.0,WAS,technical,,,,,,,,Beal,B. Beal,,,,,Missed,,,,,,,,,,,,,,,22001080,,2839.1,8301.6,165.0,5,720,1275.0,0,0,0,1,0,0,0,0,1,14,4,13,0,10,2.0,0,0,0,0,0,0,0,0,263,12.376470588235295,2.2267450980392156
309,PT02M45.00S,2021-05-16 17:58:03.900000+00:00,2,REGULAR,rebound,offensive,"deadball, team",0,,,1610612764,45,50,2021-05-16T17:58:03Z,2940000,,,0,,TEAM offensive REBOUND,,1610612764.0,WAS,,,,,,,,,,,,,,,,,,,,,308.0,,,,,,,,,22001080,,2839.1,8301.6,165.0,5,720,1275.0,0,0,0,1,0,0,0,0,0,14,4,13,0,10,2.0,0,0,0,0,0,0,0,0,264,12.423529411764706,2.2267450980392156
310,PT02M34.00S,2021-05-16 17:58:25.700000+00:00,2,REGULAR,2pt,Jump Shot,,1629060,20.4172141918528,56.5487132352941,1610612764,47,50,2021-05-16T17:58:29Z,2950000,-33.0,139.0,1,left,R. Hachimura 14' pullup Jump Shot (11 PTS) (R. Westbrook 5 AST),"1629060, 201566",1610612764.0,WAS,pullup,,,,,,,,Hachimura,R. Hachimura,,,,,Made,11.0,14.32,R. Westbrook,201566.0,5.0,,,,,,,,,,22001080,,2860.9,8301.6,154.0,3,720,1286.0,0,0,0,1,0,0,0,0,0,14,4,13,0,10,2.0,0,0,0,0,0,0,0,0,265,12.363919129082426,2.2246500777604976
311,PT02M11.00S,2021-05-16 17:58:49.500000+00:00,2,REGULAR,turnover,lost ball,,1628970,,,1610612766,47,50,2021-05-16T17:58:57Z,2960000,,,0,,M. Bridges lost ball TURNOVER (3 TO),"1628970, 1629060",1610612766.0,CHA,,,,,,,,3.0,Bridges,M. Bridges,,,,,,,,,,,,,,,,,,Hachimura,1629060.0,22001080,,2884.7,8301.6,131.0,3,720,1309.0,0,0,0,1,0,0,1,0,0,14,4,14,0,10,2.0,0,0,0,0,0,0,0,0,266,12.192513368983958,2.2037433155080213
312,PT02M11.00S,2021-05-16 17:58:49.500000+00:00,2,REGULAR,steal,,,1629060,,,1610612764,47,50,2021-05-16T17:58:51Z,2970000,,,0,,R. Hachimura STEAL (1 STL),1629060,1610612764.0,WAS,,,,,,,,,Hachimura,R. Hachimura,,,,,,,,,,,,,,,,,,,,22001080,,2884.7,8301.6,131.0,3,720,1309.0,0,0,0,1,0,0,0,0,0,14,4,14,0,10,2.0,0,0,0,0,0,0,0,0,267,12.23834988540871,2.2037433155080213
313,PT02M06.00S,2021-05-16 17:58:54.800000+00:00,2,REGULAR,3pt,Jump Shot,"fromturnover, fastbreak",202722,25.8048620236531,88.9016544117647,1610612764,47,50,2021-05-16T17:59:03Z,2980000,-195.0,190.0,1,left,MISS D. Bertans 27' 3PT,202722,1610612764.0,WAS,,,,,,,,,Bertans,D. Bertans,,,,,Missed,,27.2,,,,,,,,,,,,,22001080,,2890.0,8301.6,126.0,3,720,1314.0,0,0,0,1,0,0,0,0,0,14,4,14,0,10,2.0,0,0,0,0,0,0,0,0,268,12.23744292237443,2.199391171993912
314,PT02M04.00S,2021-05-16 17:58:56.800000+00:00,2,REGULAR,rebound,offensive,team,0,,,1610612764,47,50,2021-05-16T17:59:03Z,2990000,,,0,,TEAM offensive REBOUND,,1610612764.0,WAS,,,,,,,,,,,,,,,,,,,,,313.0,,,,,,,,,22001080,,2892.0,8301.6,124.0,3,720,1316.0,0,0,0,1,0,0,0,0,0,14,4,14,0,10,2.0,0,0,0,0,0,0,0,0,269,12.264437689969604,2.197568389057751
315,PT02M04.00S,2021-05-16 17:59:02.300000+00:00,2,REGULAR,foul,personal,,1629023,,,1610612764,47,50,2021-05-16T17:59:10Z,3000000,,,0,,P. Washington personal FOUL (2 PF),"1629023, 1629060",1610612766.0,CHA,,,,,,,2714.0,,Washington,P. Washington,2.0,0.0,Hachimura,1629060.0,,,,,,,,,,,,,,,,22001080,,2897.5,8301.6,124.0,3,720,1316.0,0,0,0,1,1,0,0,0,0,15,4,14,0,10,3.0,0,0,0,0,0,0,0,0,270,12.310030395136778,2.2017477203647418
317,PT02M04.00S,2021-05-16 17:59:17.200000+00:00,2,REGULAR,substitution,out,,1629023,,,1610612764,47,50,2021-05-16T17:59:24Z,3020000,,,0,,SUB out: P. Washington,1629023,1610612766.0,CHA,,,,,,,,,Washington,P. Washington,,,,,,,,,,,,,,,,,,,,22001080,,2912.4,8301.6,124.0,3,720,1316.0,0,0,0,1,0,0,0,0,0,15,4,14,0,10,3.0,0,0,0,0,0,0,0,0,271,12.355623100303951,2.2130699088145898
318,PT02M04.00S,2021-05-16 17:59:17.200000+00:00,2,REGULAR,substitution,in,,1630163,,,1610612764,47,50,2021-05-16T17:59:24Z,3030000,,,0,,SUB in: L. Ball,1630163,1610612766.0,CHA,,,,,,,,,Ball,L. Ball,,,,,,,,,,,,,,,,,,,,22001080,,2912.4,8301.6,124.0,3,720,1316.0,0,0,0,1,0,0,0,0,0,15,4,14,0,10,3.0,0,0,0,0,0,0,0,0,272,12.401215805471125,2.2130699088145898
320,PT01M54.00S,2021-05-16 17:59:39+00:00,2,REGULAR,3pt,Jump Shot,"fromturnover, 2ndchance",1629060,8.32785808147175,96.2545955882353,1610612764,47,50,2021-05-16T17:59:43Z,3040000,-231.0,26.0,1,left,MISS R. Hachimura 3PT,1629060,1610612764.0,WAS,,,,,,,,,Hachimura,R. Hachimura,,,,,Missed,,23.27,,,,,,,,,,,,,22001080,,2934.2,8301.6,114.0,3,720,1326.0,0,0,0,1,0,0,0,0,0,15,4,14,0,10,3.0,0,0,0,0,0,0,0,0,273,12.352941176470587,2.2128205128205125
321,PT01M50.00S,2021-05-16 17:59:43+00:00,2,REGULAR,rebound,defensive,,203469,,,1610612766,47,50,2021-05-16T17:59:43Z,3050000,,,0,,C. Zeller REBOUND (Off:1 Def:1),203469,1610612766.0,CHA,,,,,,,,,Zeller,C. Zeller,,,,,,,,,,,320.0,2.0,1.0,1.0,,,,,,22001080,,2938.2,8301.6,110.0,3,720,1330.0,0,0,0,1,0,0,0,0,0,15,4,14,0,10,3.0,0,0,0,0,0,0,0,0,274,12.360902255639097,2.209172932330827
322,PT01M41.00S,2021-05-16 17:59:52.200000+00:00,2,REGULAR,3pt,Jump Shot,,1626179,89.931011826544,3.36243872549019,1610612766,47,50,2021-05-16T17:59:57Z,3060000,-233.0,42.0,1,right,MISS T. Rozier step back 3PT,1626179,1610612766.0,CHA,step back,,,,,,,,Rozier,T. Rozier,,,,,Missed,,23.7,,,,,,,,,,,,,22001080,,2947.4,8301.6,101.0,3,720,1339.0,0,0,0,1,0,0,0,0,0,15,4,14,0,10,3.0,0,0,0,0,0,0,0,0,275,12.322628827483197,2.201194921583271
323,PT01M37.00S,2021-05-16 17:59:56.200000+00:00,2,REGULAR,rebound,defensive,,1629655,,,1610612764,47,50,2021-05-16T17:59:57Z,3070000,,,0,,D. Gafford REBOUND (Off:1 Def:4),1629655,1610612764.0,WAS,,,,,,,,,Gafford,D. Gafford,,,,,,,,,,,322.0,5.0,4.0,1.0,,,,,,22001080,,2951.4,8301.6,97.0,3,720,1343.0,0,0,0,1,0,0,0,0,0,15,4,14,0,10,3.0,0,0,0,0,0,0,0,0,276,12.33060312732688,2.1976172747580045
324,PT01M36.00S,2021-05-16 17:59:56.600000+00:00,2,REGULAR,turnover,bad pass,,1629655,,,1610612764,47,50,2021-05-16T18:00:02Z,3080000,,,0,,D. Gafford bad pass TURNOVER (1 TO),"1629655, 1626179",1610612764.0,WAS,,,,,,,,1.0,Gafford,D. Gafford,,,,,,,,,,,,,,,,,,Rozier,1626179.0,22001080,,2951.8,8301.6,96.0,3,720,1344.0,0,0,0,1,0,0,1,0,0,15,4,15,0,10,3.0,0,0,0,0,0,0,0,0,277,12.366071428571429,2.196279761904762
325,PT01M36.00S,2021-05-16 17:59:56.600000+00:00,2,REGULAR,steal,,,1626179,,,1610612766,47,50,2021-05-16T18:00:02Z,3090000,,,0,,T. Rozier STEAL (2 STL),1626179,1610612766.0,CHA,,,,,,,,,Rozier,T. Rozier,,,,,,,,,,,,,,,,,,,,22001080,,2951.8,8301.6,96.0,3,720,1344.0,0,0,0,1,0,0,0,0,0,15,4,15,0,10,2.0,0,0,0,0,0,0,0,0,278,12.410714285714286,2.196279761904762
326,PT01M32.00S,2021-05-16 18:00:01+00:00,2,REGULAR,3pt,Jump Shot,fromturnover,1628970,73.242444152431,86.4506740196078,1610612766,47,53,2021-05-16T18:00:04Z,3100000,182.0,199.0,1,right,M. Bridges 26' 3PT  (9 PTS) (T. Rozier 5 AST),"1628970, 1626179",1610612766.0,CHA,,,,,,,,,Bridges,M. Bridges,,,,,Made,9.0,26.99,T. Rozier,1626179.0,5.0,,,,,,,,,,22001080,,2956.2,8301.6,92.0,6,720,1348.0,0,0,0,0,0,0,0,0,0,15,4,15,0,10,2.0,0,0,0,0,0,0,0,0,279,12.41839762611276,2.193026706231454
328,PT01M24.00S,2021-05-16 18:00:09.300000+00:00,2,REGULAR,3pt,Jump Shot,,203078,9.6419185282523,3.1173406862745,1610612764,47,53,2021-05-16T18:00:15Z,3120000,234.0,38.0,1,left,MISS B. Beal 3PT,203078,1610612764.0,WAS,,,,,,,,,Beal,B. Beal,,,,,Missed,,23.75,,,,,,,,,,,,,22001080,,2964.5,8301.6,84.0,6,720,1356.0,0,0,0,0,0,0,0,0,0,15,4,15,0,10,2.0,0,0,0,0,0,0,0,0,280,12.389380530973451,2.1862094395280236
329,PT01M20.00S,2021-05-16 18:00:12.600000+00:00,2,REGULAR,rebound,defensive,,1628970,,,1610612766,47,53,2021-05-16T18:00:12Z,3130000,,,0,,M. Bridges REBOUND (Off:1 Def:2),1628970,1610612766.0,CHA,,,,,,,,,Bridges,M. Bridges,,,,,,,,,,,328.0,3.0,2.0,1.0,,,,,,22001080,,2967.8,8301.6,80.0,6,720,1360.0,0,0,0,0,0,0,0,0,0,15,4,15,0,10,2.0,0,0,0,0,0,0,0,0,281,12.397058823529411,2.182205882352941
330,PT01M04.00S,2021-05-16 18:00:28.700000+00:00,2,REGULAR,2pt,Jump Shot,pointsinthepaint,1626179,84.1491458607096,57.0389093137255,1610612766,47,55,2021-05-16T18:00:33Z,3140000,35.0,96.0,1,right,T. Rozier 10' driving floating Jump Shot (14 PTS),1626179,1610612766.0,CHA,driving floating,,,,,,,,Rozier,T. Rozier,,,,,Made,14.0,10.27,,,,,,,,,,,,,22001080,,2983.9,8301.6,64.0,8,720,1376.0,0,0,0,0,0,0,0,0,0,15,4,15,0,10,1.0,0,0,0,0,0,0,0,0,282,12.296511627906977,2.168531976744186
331,PT00M52.40S,2021-05-16 18:00:42.400000+00:00,2,REGULAR,foul,personal,2freethrow,203469,,,1610612764,47,55,2021-05-16T18:00:51Z,3150000,,,0,,C. Zeller shooting personal FOUL (3 PF) (Gafford 2 FT),"203469, 1629655",1610612766.0,CHA,shooting,,,,,,1188.0,,Zeller,C. Zeller,3.0,1.0,Gafford,1629655.0,,,,,,,,,,,,,,,,22001080,,2997.6,8301.6,52.4,8,720,1387.6,0,0,0,0,1,0,0,0,0,16,4,15,0,10,2.0,0,0,0,0,0,0,0,0,283,12.236955895070626,2.1602767368117615
333,PT00M52.40S,2021-05-16 18:01:09.500000+00:00,2,REGULAR,freethrow,1 of 2,,1629655,,,1610612764,48,55,2021-05-16T18:01:09Z,3170000,,,0,,D. Gafford Free Throw 1 of 2 (7 PTS),1629655,1610612764.0,WAS,,,,,,,,,Gafford,D. Gafford,,,,,Made,7.0,,,,,,,,,,,,,,22001080,,3024.7,8301.6,52.4,7,720,1387.6,0,0,0,0,0,0,0,0,1,16,4,15,0,11,2.0,0,0,0,0,0,0,0,0,284,12.280196021908331,2.1798068607667918
334,PT00M52.40S,2021-05-16 18:01:10.300000+00:00,2,REGULAR,substitution,out,,203078,,,1610612764,48,55,2021-05-16T18:01:38Z,3180000,,,0,,SUB out: B. Beal,203078,1610612764.0,WAS,,,,,,,,,Beal,B. Beal,,,,,,,,,,,,,,,,,,,,22001080,,3025.5,8301.6,52.4,7,720,1387.6,0,0,0,0,0,0,0,0,0,16,4,15,0,11,2.0,0,0,0,0,0,0,0,0,285,12.323436148746037,2.1803833957912944
335,PT00M52.40S,2021-05-16 18:01:10.300000+00:00,2,REGULAR,substitution,in,,202397,,,1610612764,48,55,2021-05-16T18:01:38Z,3190000,,,0,,SUB in: I. Smith,202397,1610612764.0,WAS,,,,,,,,,Smith,I. Smith,,,,,,,,,,,,,,,,,,,,22001080,,3025.5,8301.6,52.4,7,720,1387.6,0,0,0,0,0,0,0,0,0,16,4,15,0,11,2.0,0,0,0,0,0,0,0,0,286,12.366676275583742,2.1803833957912944
336,PT00M52.40S,2021-05-16 18:01:45.800000+00:00,2,REGULAR,stoppage,blood rule,,0,,,1610612764,48,55,2021-05-16T18:01:45Z,3200000,,,0,,,,,,,,,,,,,,,,,,,,,,,,,,,,,,,,,,,22001080,,3061.0,8301.6,52.4,7,720,1387.6,0,0,0,0,0,0,0,0,0,16,4,15,0,11,2.0,0,0,0,0,0,0,0,0,287,12.409916402421448,2.2059671375036034
337,PT00M52.40S,2021-05-16 18:02:35.700000+00:00,2,REGULAR,freethrow,2 of 2,,1629655,,,1610612764,49,55,2021-05-16T18:02:35Z,3210000,,,0,,D. Gafford Free Throw 2 of 2 (8 PTS),1629655,1610612764.0,WAS,,,,,,,,,Gafford,D. Gafford,,,,,Made,8.0,,,,,,,,,,,,,,22001080,,3110.9,8301.6,52.4,6,720,1387.6,0,0,0,0,0,0,0,0,1,16,4,15,0,12,2.0,0,0,0,0,0,0,0,0,288,12.453156529259154,2.2419285096569617
338,PT00M41.40S,2021-05-16 18:02:54.200000+00:00,2,REGULAR,foul,personal,2freethrow,1629655,,,1610612766,49,55,2021-05-16T18:03:01Z,3220000,,,0,,D. Gafford shooting personal FOUL (2 PF) (Zeller 2 FT),"1629655, 203469",1610612764.0,WAS,shooting,,,,,,1188.0,,Gafford,D. Gafford,2.0,0.0,Zeller,203469.0,,,,,,,,,,,,,,,,22001080,,3129.4,8301.6,41.4,6,720,1398.6,0,0,0,0,1,0,0,0,0,17,4,15,0,12,3.0,0,0,0,0,0,0,0,0,289,12.3981123981124,2.237523237523238
340,PT00M41.40S,2021-05-16 18:03:19.100000+00:00,2,REGULAR,freethrow,1 of 2,,203469,,,1610612766,49,56,2021-05-16T18:03:40Z,3240000,,,0,,C. Zeller Free Throw 1 of 2 (3 PTS),203469,1610612766.0,CHA,,,,,,,,,Zeller,C. Zeller,,,,,Made,3.0,,,,,,,,,,,,,,22001080,,3154.3,8301.6,41.4,7,720,1398.6,0,0,0,0,0,0,0,0,1,17,4,15,0,13,2.0,0,0,0,0,0,0,0,0,290,12.441012441012441,2.2553267553267555
343,PT00M41.40S,2021-05-16 18:03:19.100000+00:00,2,REGULAR,freethrow,2 of 2,,203469,,,1610612766,49,56,2021-05-16T18:03:40Z,3270000,,,0,,MISS C. Zeller Free Throw 2 of 2,203469,1610612766.0,CHA,,,,,,,,,Zeller,C. Zeller,,,,,Missed,,,,,,,,,,,,,,,22001080,,3154.3,8301.6,41.4,7,720,1398.6,0,0,0,0,0,0,0,0,1,17,4,15,0,14,2.0,0,0,0,0,0,0,0,0,291,12.483912483912485,2.2553267553267555
341,PT00M41.40S,2021-05-16 18:03:19.900000+00:00,2,REGULAR,substitution,out,,1630163,,,1610612766,49,56,2021-05-16T18:03:29Z,3250000,,,0,,SUB out: L. Ball,1630163,1610612766.0,CHA,,,,,,,,,Ball,L. Ball,,,,,,,,,,,,,,,,,,,,22001080,,3155.1,8301.6,41.4,7,720,1398.6,0,0,0,0,0,0,0,0,0,17,4,15,0,14,2.0,0,0,0,0,0,0,0,0,292,12.526812526812527,2.2558987558987558
342,PT00M41.40S,2021-05-16 18:03:19.900000+00:00,2,REGULAR,substitution,in,,1629667,,,1610612766,49,56,2021-05-16T18:03:29Z,3260000,,,0,,SUB in: J. McDaniels,1629667,1610612766.0,CHA,,,,,,,,,McDaniels,J. McDaniels,,,,,,,,,,,,,,,,,,,,22001080,,3155.1,8301.6,41.4,7,720,1398.6,0,0,0,0,0,0,0,0,0,17,4,15,0,14,2.0,0,0,0,0,0,0,0,0,293,12.56971256971257,2.2558987558987558
344,PT00M39.70S,2021-05-16 18:03:20.800000+00:00,2,REGULAR,rebound,defensive,,201566,,,1610612764,49,56,2021-05-16T18:03:40Z,3280000,,,0,,R. Westbrook REBOUND (Off:2 Def:7),201566,1610612764.0,WAS,,,,,,,,,Westbrook,R. Westbrook,,,,,,,,,,,343.0,9.0,7.0,2.0,,,,,,22001080,,3156.0,8301.6,39.7,7,720,1400.3,0,0,0,0,0,0,0,0,0,17,4,15,0,14,2.0,0,0,0,0,0,0,0,0,294,12.597300578447477,2.2538027565521674
345,PT00M28.90S,2021-05-16 18:03:51+00:00,2,REGULAR,2pt,Layup,pointsinthepaint,201566,6.48817345597898,48.2153799019608,1610612764,51,56,2021-05-16T18:03:54Z,3290000,9.0,8.0,1,left,R. Westbrook Layup (5 PTS) (I. Smith 5 AST),"201566, 202397",1610612764.0,WAS,,,,,,,,,Westbrook,R. Westbrook,,,,,Made,5.0,1.23,I. Smith,202397.0,5.0,,,,,,,,,,22001080,,3186.2,8301.6,28.9,5,720,1411.1,0,0,0,1,0,0,0,0,0,17,4,15,0,14,2.0,0,0,0,0,0,0,0,0,295,12.5434058535894,2.257954787045567
347,PT00M06.40S,2021-05-16 18:04:16.700000+00:00,2,REGULAR,3pt,Jump Shot,,1629667,73.3738501971091,85.4702818627451,1610612766,51,56,2021-05-16T18:04:20Z,3310000,177.0,198.0,1,right,MISS J. McDaniels 26' 3PT,1629667,1610612766.0,CHA,,,,,,,,,McDaniels,J. McDaniels,,,,,Missed,,26.57,,,,,,,,,,,,,22001080,,3211.9,8301.6,6.4,5,720,1433.6,0,0,0,1,0,0,0,0,0,17,4,15,0,14,2.0,0,0,0,0,0,0,0,0,296,12.388392857142858,2.240443638392857
348,PT00M03.60S,2021-05-16 18:04:19.500000+00:00,2,REGULAR,rebound,defensive,,201566,,,1610612764,51,56,2021-05-16T18:04:20Z,3320000,,,0,,R. Westbrook REBOUND (Off:2 Def:8),201566,1610612764.0,WAS,,,,,,,,,Westbrook,R. Westbrook,,,,,,,,,,,347.0,10.0,8.0,2.0,,,,,,22001080,,3214.7,8301.6,3.6,5,720,1436.4,0,0,0,1,0,0,0,0,0,17,4,15,0,14,2.0,0,0,0,0,0,0,0,0,297,12.406015037593985,2.2380256196045667
349,PT00M03.20S,2021-05-16 18:04:25.500000+00:00,2,REGULAR,foul,personal,"inpenalty, 2freethrow",1626179,,,1610612764,51,56,2021-05-16T18:12:58Z,3330000,,,0,,T. Rozier personal FOUL (1 PF) (Westbrook 2 FT),"1626179, 201566",1610612766.0,CHA,,,,,,,1188.0,,Rozier,T. Rozier,1.0,0.0,Westbrook,201566.0,,,,,,,,,,,,,,,,22001080,,3220.7,8301.6,3.2,5,720,1436.8,0,0,0,1,1,0,0,0,0,18,4,15,0,14,3.0,0,0,0,0,0,0,0,0,298,12.444320712694878,2.2415785077951003
351,PT00M03.20S,2021-05-16 18:05:25.600000+00:00,2,REGULAR,freethrow,1 of 2,,201566,,,1610612764,51,56,2021-05-16T18:12:58Z,3355000,,,0,,MISS R. Westbrook Free Throw 1 of 2,201566,1610612764.0,WAS,,,,,,,,,Westbrook,R. Westbrook,,,,,Missed,,,,,,,,,,,,,,,22001080,,3280.8,8301.6,3.2,5,720,1436.8,0,0,0,1,0,0,0,0,1,18,4,15,0,15,3.0,0,0,0,0,0,0,0,0,299,12.48608017817372,2.283407572383074
352,PT00M03.20S,2021-05-16 18:05:25.600000+00:00,2,REGULAR,rebound,offensive,"team, deadball",0,,,1610612764,51,56,2021-05-16T18:12:58Z,3362500,,,0,,TEAM offensive REBOUND,,1610612764.0,WAS,,,,,,,,,,,,,,,,,,,,,351.0,,,,,,,,,22001080,,3280.8,8301.6,3.2,5,720,1436.8,0,0,0,1,0,0,0,0,0,18,4,15,0,15,3.0,0,0,0,0,0,0,0,0,300,12.527839643652563,2.283407572383074
357,PT00M03.20S,2021-05-16 18:05:25.600000+00:00,2,REGULAR,freethrow,2 of 2,,201566,,,1610612764,52,56,2021-05-16T18:12:58Z,3366250,,,0,,R. Westbrook Free Throw 2 of 2 (6 PTS),201566,1610612764.0,WAS,,,,,,,,,Westbrook,R. Westbrook,,,,,Made,6.0,,,,,,,,,,,,,,22001080,,3280.8,8301.6,3.2,4,720,1436.8,0,0,0,1,0,0,0,0,1,18,4,15,0,16,3.0,0,0,0,0,0,0,0,0,301,12.569599109131405,2.283407572383074
353,PT00M03.20S,2021-05-16 18:05:26+00:00,2,REGULAR,substitution,out,,1629655,,,1610612766,52,56,2021-05-16T18:12:46Z,3370000,,,0,,SUB out: D. Gafford,1629655,1610612764.0,WAS,,,,,,,,,Gafford,D. Gafford,,,,,,,,,,,,,,,,,,,,22001080,,3281.2,8301.6,3.2,4,720,1436.8,0,0,0,1,0,0,0,0,0,18,4,15,0,16,3.0,0,0,0,0,0,0,0,0,302,12.611358574610245,2.283685968819599
354,PT00M03.20S,2021-05-16 18:05:26+00:00,2,REGULAR,substitution,out,,203469,,,1610612766,52,56,2021-05-16T18:12:46Z,3380000,,,0,,SUB out: C. Zeller,203469,1610612766.0,CHA,,,,,,,,,Zeller,C. Zeller,,,,,,,,,,,,,,,,,,,,22001080,,3281.2,8301.6,3.2,4,720,1436.8,0,0,0,1,0,0,0,0,0,18,4,15,0,16,2.0,0,0,0,0,0,0,0,0,303,12.653118040089087,2.283685968819599
355,PT00M03.20S,2021-05-16 18:05:26+00:00,2,REGULAR,substitution,in,,1628990,,,1610612766,52,56,2021-05-16T18:12:46Z,3390000,,,0,,SUB in: C. Hutchison,1628990,1610612764.0,WAS,,,,,,,,,Hutchison,C. Hutchison,,,,,,,,,,,,,,,,,,,,22001080,,3281.2,8301.6,3.2,4,720,1436.8,0,0,0,1,0,0,0,0,0,18,4,15,0,16,2.0,0,0,0,0,0,0,0,0,304,12.694877505567929,2.283685968819599
356,PT00M03.20S,2021-05-16 18:05:26+00:00,2,REGULAR,substitution,in,,1629023,,,1610612766,52,56,2021-05-16T18:12:46Z,3400000,,,0,,SUB in: P. Washington,1629023,1610612766.0,CHA,,,,,,,,,Washington,P. Washington,,,,,,,,,,,,,,,,,,,,22001080,,3281.2,8301.6,3.2,4,720,1436.8,0,0,0,1,0,0,0,0,0,18,4,15,0,16,2.0,0,0,0,0,0,0,0,0,305,12.73663697104677,2.283685968819599
358,PT00M00.30S,2021-05-16 18:05:35.400000+00:00,2,REGULAR,3pt,Jump Shot,,1628984,55.5026281208936,47.4800857843137,1610612766,52,56,2021-05-16T18:06:00Z,3405000,-13.0,366.0,1,right,MISS D. Graham 36' running 3PT,1628984,1610612766.0,CHA,running,,,,,,,,Graham,D. Graham,,,,,Missed,,36.6,,,,,,,,,,,,,22001080,,3290.6,8301.6,0.3,4,720,1439.7,0,0,0,1,0,0,0,0,0,18,4,15,0,16,2.0,0,0,0,0,0,0,0,0,306,12.752656803500729,2.285615058692783
359,PT00M00.10S,2021-05-16 18:05:35.600000+00:00,2,REGULAR,rebound,offensive,team,0,,,1610612766,52,56,2021-05-16T18:06:00Z,3407500,,,0,,TEAM offensive REBOUND,,1610612766.0,CHA,,,,,,,,,,,,,,,,,,,,,358.0,,,,,,,,,22001080,,3290.8,8301.6,0.1,4,720,1439.9,0,0,0,1,0,0,0,0,0,18,4,15,0,16,2.0,0,0,0,0,0,0,0,0,307,12.792555038544343,2.2854364886450447
360,PT00M00.00S,2021-05-16 18:05:47.100000+00:00,2,REGULAR,period,end,,0,,,1610612766,52,56,2021-05-16T18:05:47Z,3440000,,,0,,Period End,,,,,,,,,,,,,,,,,,,,,,,,,,,,,,,,,22001080,,3302.3,8301.6,0.0,4,720,1440.0,0,0,0,1,0,0,0,0,0,18,4,15,0,16,2.0,0,0,0,0,0,0,0,0,308,12.833333333333334,2.293263888888889
361,PT12M00.00S,2021-05-16 18:05:51.900000+00:00,3,REGULAR,substitution,out,startperiod,202397,,,1610612766,52,56,2021-05-16T18:20:55Z,3450000,,,0,,SUB out: I. Smith,202397,1610612764.0,WAS,,,,,,,,,Smith,I. Smith,,,,,,,,,,,,,,,,,,,,22001080,,3307.1,8301.6,720.0,4,720,1440.0,0,0,0,1,0,0,0,0,0,18,4,15,0,16,1.0,0,0,0,0,0,0,0,0,309,12.875,2.296597222222222
362,PT12M00.00S,2021-05-16 18:05:51.900000+00:00,3,REGULAR,substitution,out,startperiod,1628990,,,1610612766,52,56,2021-05-16T18:20:55Z,3460000,,,0,,SUB out: C. Hutchison,1628990,1610612764.0,WAS,,,,,,,,,Hutchison,C. Hutchison,,,,,,,,,,,,,,,,,,,,22001080,,3307.1,8301.6,720.0,4,720,1440.0,0,0,0,1,0,0,0,0,0,18,4,15,0,16,1.0,0,0,0,0,0,0,0,0,310,12.916666666666666,2.296597222222222
363,PT12M00.00S,2021-05-16 18:05:51.900000+00:00,3,REGULAR,substitution,out,startperiod,1628984,,,1610612766,52,56,2021-05-16T18:20:55Z,3470000,,,0,,SUB out: D. Graham,1628984,1610612766.0,CHA,,,,,,,,,Graham,D. Graham,,,,,,,,,,,,,,,,,,,,22001080,,3307.1,8301.6,720.0,4,720,1440.0,0,0,0,1,0,0,0,0,0,18,4,15,0,16,1.0,0,0,0,0,0,0,0,0,311,12.958333333333334,2.296597222222222
364,PT12M00.00S,2021-05-16 18:05:51.900000+00:00,3,REGULAR,substitution,in,startperiod,1629655,,,1610612766,52,56,2021-05-16T18:20:55Z,3480000,,,0,,SUB in: D. Gafford,1629655,1610612764.0,WAS,,,,,,,,,Gafford,D. Gafford,,,,,,,,,,,,,,,,,,,,22001080,,3307.1,8301.6,720.0,4,720,1440.0,0,0,0,1,0,0,0,0,0,18,4,15,0,16,1.0,0,0,0,0,0,0,0,0,312,13.0,2.296597222222222
365,PT12M00.00S,2021-05-16 18:05:51.900000+00:00,3,REGULAR,substitution,in,startperiod,203078,,,1610612766,52,56,2021-05-16T18:20:55Z,3490000,,,0,,SUB in: B. Beal,203078,1610612764.0,WAS,,,,,,,,,Beal,B. Beal,,,,,,,,,,,,,,,,,,,,22001080,,3307.1,8301.6,720.0,4,720,1440.0,0,0,0,1,0,0,0,0,0,18,4,15,0,16,1.0,0,0,0,0,0,0,0,0,313,13.041666666666666,2.296597222222222
366,PT12M00.00S,2021-05-16 18:05:51.900000+00:00,3,REGULAR,substitution,in,startperiod,1630163,,,1610612766,52,56,2021-05-16T18:20:55Z,3500000,,,0,,SUB in: L. Ball,1630163,1610612766.0,CHA,,,,,,,,,Ball,L. Ball,,,,,,,,,,,,,,,,,,,,22001080,,3307.1,8301.6,720.0,4,720,1440.0,0,0,0,1,0,0,0,0,0,18,4,15,0,16,1.0,0,0,0,0,0,0,0,0,314,13.083333333333334,2.296597222222222
367,PT12M00.00S,2021-05-16 18:20:59.700000+00:00,3,REGULAR,period,start,,0,,,1610612766,52,56,2021-05-16T18:20:59Z,3510000,,,0,,Period Start,,,,,,,,,,,,,,,,,,,,,,,,,,,,,,,,,22001080,,4214.9,8301.6,720.0,4,720,1440.0,0,0,0,1,0,0,0,0,0,18,4,15,0,16,1.0,0,0,0,0,0,0,0,0,315,13.125,2.927013888888889
368,PT11M42.00S,2021-05-16 18:21:17.500000+00:00,3,REGULAR,2pt,Layup,pointsinthepaint,1626179,7.27660972404732,58.2643995098039,1610612766,52,56,2021-05-16T18:21:21Z,3520000,-41.0,16.0,1,left,MISS T. Rozier driving Layup,1626179,1610612766.0,CHA,driving,,,,,,,,Rozier,T. Rozier,,,,,Missed,,4.43,,,,,,,,,,,,,22001080,,4232.7,8301.6,702.0,4,720,1458.0,0,0,0,1,0,0,0,0,0,18,4,15,0,16,1.0,0,0,0,0,0,0,0,0,316,13.004115226337449,2.903086419753086
369,PT11M39.00S,2021-05-16 18:21:20.500000+00:00,3,REGULAR,rebound,defensive,,203078,,,1610612764,52,56,2021-05-16T18:21:21Z,3530000,,,0,,B. Beal REBOUND (Off:0 Def:2),203078,1610612764.0,WAS,,,,,,,,,Beal,B. Beal,,,,,,,,,,,368.0,2.0,2.0,0.0,,,,,,22001080,,4235.7,8301.6,699.0,4,720,1461.0,0,0,0,1,0,0,0,0,0,18,4,15,0,16,1.0,0,0,0,0,0,0,0,0,317,13.018480492813142,2.89917864476386
370,PT11M35.00S,2021-05-16 18:21:23.800000+00:00,3,REGULAR,3pt,Jump Shot,fastbreak,202722,71.4027595269382,82.5291053921569,1610612764,52,56,2021-05-16T18:21:32Z,3540000,163.0,216.0,1,right,MISS D. Bertans 27' 3PT,202722,1610612764.0,WAS,,,,,,,,,Bertans,D. Bertans,,,,,Missed,,27.06,,,,,,,,,,,,,22001080,,4239.0,8301.6,695.0,4,720,1465.0,0,0,0,1,0,0,0,0,0,18,4,15,0,16,0.0,0,0,0,0,0,0,0,0,318,13.023890784982935,2.8935153583617748
371,PT11M32.00S,2021-05-16 18:21:26.800000+00:00,3,REGULAR,rebound,defensive,,1629023,,,1610612766,52,56,2021-05-16T18:21:32Z,3550000,,,0,,P. Washington REBOUND (Off:0 Def:6),1629023,1610612766.0,CHA,,,,,,,,,Washington,P. Washington,,,,,,,,,,,370.0,6.0,6.0,0.0,,,,,,22001080,,4242.0,8301.6,692.0,4,720,1468.0,0,0,0,1,0,0,0,0,0,18,4,15,0,16,0.0,0,0,0,0,0,0,0,0,319,13.038147138964579,2.8896457765667574
372,PT11M28.00S,2021-05-16 18:21:31.600000+00:00,3,REGULAR,3pt,Jump Shot,,1630163,31.7181340341656,33.2643995098039,1610612766,52,56,2021-05-16T18:22:09Z,3560000,84.0,246.0,1,left,MISS L. Ball 25' pullup 3PT,1630163,1610612766.0,CHA,pullup,,,,,,,,Ball,L. Ball,,,,,Missed,,25.96,,,,,,,,,,,,,22001080,,4246.8,8301.6,688.0,4,720,1472.0,0,0,0,1,0,0,0,0,0,18,4,15,0,16,0.0,0,0,0,0,0,0,0,0,320,13.043478260869565,2.8850543478260873
373,PT11M23.00S,2021-05-16 18:21:35.600000+00:00,3,REGULAR,rebound,offensive,,1629023,,,1610612766,52,56,2021-05-16T18:21:35Z,3570000,,,0,,P. Washington REBOUND (Off:1 Def:6),1629023,1610612766.0,CHA,,,,,,,,,Washington,P. Washington,,,,,,,,,,,372.0,7.0,6.0,1.0,,,,,,22001080,,4250.8,8301.6,683.0,4,720,1477.0,0,0,0,1,0,0,0,0,0,18,4,15,0,16,0.0,0,0,0,0,0,0,0,0,321,13.039945836154367,2.8779959377115776
374,PT11M22.00S,2021-05-16 18:21:36.700000+00:00,3,REGULAR,3pt,Jump Shot,2ndchance,1628970,8.98488830486203,95.5193014705882,1610612766,52,59,2021-05-16T18:21:42Z,3580000,-228.0,32.0,1,left,M. Bridges 3PT  (12 PTS) (P. Washington 3 AST),"1628970, 1629023",1610612766.0,CHA,,,,,,,,,Bridges,M. Bridges,,,,,Made,12.0,22.98,P. Washington,1629023.0,3.0,,,,,,,,,,22001080,,4251.9,8301.6,682.0,7,720,1478.0,0,0,0,0,0,0,0,0,0,18,4,15,0,16,0.0,0,0,0,0,0,0,0,0,322,13.07171853856563,2.8767929634641405
376,PT11M05.00S,2021-05-16 18:21:55.200000+00:00,3,REGULAR,2pt,Jump Shot,pointsinthepaint,203078,90.9822601839685,38.4114583333333,1610612764,54,59,2021-05-16T18:22:03Z,3600000,-58.0,32.0,1,right,B. Beal 6' bank Jump Shot (7 PTS),203078,1610612764.0,WAS,bank,,,,,,,,Beal,B. Beal,,,,,Made,7.0,6.63,,,,,,,,,,,,,22001080,,4270.4,8301.6,665.0,5,720,1495.0,0,0,0,1,0,0,0,0,0,18,4,15,0,16,0.0,0,0,0,0,0,0,0,0,323,12.963210702341136,2.8564548494983275
377,PT11M05.00S,2021-05-16 18:21:58.100000+00:00,3,REGULAR,foul,personal,1freethrow,1629667,,,1610612764,54,59,2021-05-16T18:22:11Z,3610000,,,0,,J. McDaniels shooting personal FOUL (1 PF) (Beal 1 FT),"1629667, 203078",1610612766.0,CHA,shooting,,,,,,1155.0,,McDaniels,J. McDaniels,1.0,0.0,Beal,203078.0,,,,,,,,,,,,,,,,22001080,,4273.3,8301.6,665.0,5,720,1495.0,0,0,0,1,1,0,0,0,0,19,4,15,0,16,1.0,0,0,0,0,0,0,0,0,324,13.003344481605351,2.8583946488294316
379,PT11M05.00S,2021-05-16 18:22:21.400000+00:00,3,REGULAR,freethrow,1 of 1,,203078,,,1610612764,55,59,2021-05-16T18:22:21Z,3630000,,,0,,B. Beal Free Throw 1 of 1 (8 PTS),203078,1610612764.0,WAS,,,,,,,,,Beal,B. Beal,,,,,Made,8.0,,,,,,,,,,,,,,22001080,,4296.6,8301.6,665.0,4,720,1495.0,0,0,0,1,0,0,0,0,1,19,4,15,0,17,1.0,0,0,0,0,0,0,0,0,325,13.043478260869565,2.873979933110368
380,PT10M46.00S,2021-05-16 18:22:40.400000+00:00,3,REGULAR,2pt,Jump Shot,,1629667,13.715505913272,33.0193014705882,1610612766,55,61,2021-05-16T18:23:12Z,3640000,85.0,76.0,1,left,J. McDaniels 11' floating Jump Shot (4 PTS) (P. Washington 4 AST),"1629667, 1629023",1610612766.0,CHA,floating,,,,,,,,McDaniels,J. McDaniels,,,,,Made,4.0,11.42,P. Washington,1629023.0,4.0,,,,,,,,,,22001080,,4315.6,8301.6,646.0,6,720,1514.0,0,0,0,0,0,0,0,0,0,19,4,15,0,17,1.0,0,0,0,0,0,0,0,0,326,12.919418758256274,2.8504623513870544
382,PT10M36.00S,2021-05-16 18:22:50.800000+00:00,3,REGULAR,2pt,Jump Shot,,201566,90.7194480946123,77.6271446078431,1610612764,57,61,2021-05-16T18:22:54Z,3660000,138.0,35.0,1,right,R. Westbrook 14' pullup Jump Shot (8 PTS),201566,1610612764.0,WAS,pullup,,,,,,,,Westbrook,R. Westbrook,,,,,Made,8.0,14.24,,,,,,,,,,,,,22001080,,4326.0,8301.6,636.0,4,720,1524.0,0,0,0,1,0,0,0,0,0,19,4,15,0,17,1.0,0,0,0,0,0,0,0,0,327,12.874015748031496,2.838582677165354
383,PT10M31.00S,2021-05-16 18:22:55.800000+00:00,3,REGULAR,turnover,bad pass,,1626179,,,1610612766,57,61,2021-05-16T18:23:03Z,3670000,,,0,,T. Rozier bad pass TURNOVER (1 TO),"1626179, 203078",1610612766.0,CHA,,,,,,,,1.0,Rozier,T. Rozier,,,,,,,,,,,,,,,,,,Beal,203078.0,22001080,,4331.0,8301.6,631.0,4,720,1529.0,0,0,0,1,0,0,1,0,0,19,4,16,0,17,1.0,0,0,0,0,0,0,0,0,328,12.871157619359058,2.8325703073904513
384,PT10M31.00S,2021-05-16 18:22:55.800000+00:00,3,REGULAR,steal,,,203078,,,1610612764,57,61,2021-05-16T18:23:01Z,3680000,,,0,,B. Beal STEAL (1 STL),203078,1610612764.0,WAS,,,,,,,,,Beal,B. Beal,,,,,,,,,,,,,,,,,,,,22001080,,4331.0,8301.6,631.0,4,720,1529.0,0,0,0,1,0,0,0,0,0,19,4,16,0,17,1.0,0,0,0,0,0,0,0,0,329,12.910398953564421,2.8325703073904513
385,PT10M25.00S,2021-05-16 18:23:01.600000+00:00,3,REGULAR,3pt,Jump Shot,fromturnover,203078,67.7233902759527,24.4408700980392,1610612764,57,61,2021-05-16T18:23:07Z,3690000,-128.0,251.0,1,right,MISS B. Beal 28' 3PT,203078,1610612764.0,WAS,,,,,,,,,Beal,B. Beal,,,,,Missed,,28.16,,,,,,,,,,,,,22001080,,4336.8,8301.6,625.0,4,720,1535.0,0,0,0,1,0,0,0,0,0,19,4,16,0,17,1.0,0,0,0,0,0,0,0,0,330,12.899022801302932,2.8252768729641695
386,PT10M24.00S,2021-05-16 18:23:03.800000+00:00,3,REGULAR,rebound,defensive,,1626179,,,1610612766,57,61,2021-05-16T18:23:03Z,3700000,,,0,,T. Rozier REBOUND (Off:1 Def:3),1626179,1610612766.0,CHA,,,,,,,,,Rozier,T. Rozier,,,,,,,,,,,385.0,4.0,3.0,1.0,,,,,,22001080,,4339.0,8301.6,624.0,4,720,1536.0,0,0,0,1,0,0,0,0,0,19,4,16,0,17,1.0,0,0,0,0,0,0,0,0,331,12.9296875,2.8248697916666665
387,PT10M24.00S,2021-05-16 18:23:10+00:00,3,REGULAR,foul,personal,2freethrow,1629655,,,1610612766,57,61,2021-05-16T18:23:17Z,3710000,,,0,,D. Gafford shooting personal FOUL (3 PF) (McDaniels 2 FT),"1629655, 1629667",1610612764.0,WAS,shooting,,,,,,1155.0,,Gafford,D. Gafford,3.0,0.0,McDaniels,1629667.0,,,,,,,,,,,,,,,,22001080,,4345.2,8301.6,624.0,4,720,1536.0,0,0,0,1,1,0,0,0,0,20,4,16,0,17,2.0,0,0,0,0,0,0,0,0,332,12.96875,2.8289062499999997
389,PT10M24.00S,2021-05-16 18:23:30+00:00,3,REGULAR,freethrow,1 of 2,,1629667,,,1610612766,57,62,2021-05-16T18:23:30Z,3730000,,,0,,J. McDaniels Free Throw 1 of 2 (5 PTS),1629667,1610612766.0,CHA,,,,,,,,,McDaniels,J. McDaniels,,,,,Made,5.0,,,,,,,,,,,,,,22001080,,4365.2,8301.6,624.0,5,720,1536.0,0,0,0,1,0,0,0,0,1,20,4,16,0,18,2.0,0,0,0,0,0,0,0,0,333,13.0078125,2.841927083333333
390,PT10M24.00S,2021-05-16 18:23:43.900000+00:00,3,REGULAR,freethrow,2 of 2,,1629667,,,1610612766,57,63,2021-05-16T18:23:44Z,3740000,,,0,,J. McDaniels Free Throw 2 of 2 (6 PTS),1629667,1610612766.0,CHA,,,,,,,,,McDaniels,J. McDaniels,,,,,Made,6.0,,,,,,,,,,,,,,22001080,,4379.1,8301.6,624.0,6,720,1536.0,0,0,0,0,0,0,0,0,1,20,4,16,0,19,2.0,0,0,0,0,0,0,0,0,334,13.046875,2.8509765625
391,PT10M11.00S,2021-05-16 18:23:57.800000+00:00,3,REGULAR,2pt,Jump Shot,,1629060,77.841655716163,40.6173406862745,1610612764,59,63,2021-05-16T18:24:02Z,3750000,-47.0,156.0,1,right,R. Hachimura 16' Jump Shot (13 PTS) (B. Beal 3 AST),"1629060, 203078",1610612764.0,WAS,,,,,,,,,Hachimura,R. Hachimura,,,,,Made,13.0,16.27,B. Beal,203078.0,3.0,,,,,,,,,,22001080,,4393.0,8301.6,611.0,4,720,1549.0,0,0,0,1,0,0,0,0,0,20,4,16,0,19,2.0,0,0,0,0,0,0,0,0,335,12.976113621691415,2.8360232408005164
393,PT09M58.00S,2021-05-16 18:24:10.700000+00:00,3,REGULAR,3pt,Jump Shot,,1629023,31.5867279894875,63.656556372549,1610612766,59,63,2021-05-16T18:24:16Z,3770000,-68.0,244.0,1,left,MISS P. Washington 25' 3PT,1629023,1610612766.0,CHA,,,,,,,,,Washington,P. Washington,,,,,Missed,,25.38,,,,,,,,,,,,,22001080,,4405.9,8301.6,598.0,4,720,1562.0,0,0,0,1,0,0,0,0,0,20,4,16,0,19,2.0,0,0,0,0,0,0,0,0,336,12.90653008962868,2.82067861715749
394,PT09M54.00S,2021-05-16 18:24:14.700000+00:00,3,REGULAR,rebound,defensive,,202722,,,1610612764,59,63,2021-05-16T18:24:16Z,3780000,,,0,,D. Bertans REBOUND (Off:0 Def:1),202722,1610612764.0,WAS,,,,,,,,,Bertans,D. Bertans,,,,,,,,,,,393.0,1.0,1.0,0.0,,,,,,22001080,,4409.9,8301.6,594.0,4,720,1566.0,0,0,0,1,0,0,0,0,0,20,4,16,0,19,2.0,0,0,0,0,0,0,0,0,337,12.911877394636015,2.8160280970625795
395,PT09M45.00S,2021-05-16 18:24:24.500000+00:00,3,REGULAR,2pt,Layup,pointsinthepaint,203078,90.1938239159001,55.8134191176471,1610612764,59,63,2021-05-16T18:24:29Z,3790000,29.0,40.0,1,right,MISS B. Beal driving Layup,203078,1610612764.0,WAS,driving,,,,,,,,Beal,B. Beal,,,,,Missed,,4.92,,,,,,,,,,,,,22001080,,4419.7,8301.6,585.0,4,720,1575.0,0,0,0,1,0,0,0,0,0,20,4,16,0,19,2.0,0,0,0,0,0,0,0,0,338,12.876190476190477,2.80615873015873
396,PT09M42.00S,2021-05-16 18:24:27.500000+00:00,3,REGULAR,rebound,defensive,,1629023,,,1610612766,59,63,2021-05-16T18:24:29Z,3800000,,,0,,P. Washington REBOUND (Off:1 Def:7),1629023,1610612766.0,CHA,,,,,,,,,Washington,P. Washington,,,,,,,,,,,395.0,8.0,7.0,1.0,,,,,,22001080,,4422.7,8301.6,582.0,4,720,1578.0,0,0,0,1,0,0,0,0,0,20,4,16,0,19,2.0,0,0,0,0,0,0,0,0,339,12.889733840304181,2.8027249683143216
397,PT09M37.00S,2021-05-16 18:24:31.800000+00:00,3,REGULAR,2pt,Layup,pointsinthepaint,1630163,7.93363994743758,43.5585171568627,1610612766,59,65,2021-05-16T18:24:59Z,3810000,32.0,22.0,1,left,L. Ball driving Layup (7 PTS),1630163,1610612766.0,CHA,driving,,,,,,,,Ball,L. Ball,,,,,Made,7.0,3.91,,,,,,,,,,,,,22001080,,4427.0,8301.6,577.0,6,720,1583.0,0,0,0,0,0,0,0,0,0,20,4,16,0,19,2.0,0,0,0,0,0,0,0,0,340,12.886923562855339,2.7965887555274795
398,PT09M25.00S,2021-05-16 18:24:43.900000+00:00,3,REGULAR,3pt,Jump Shot,,202722,67.9862023653088,75.6663602941177,1610612764,62,65,2021-05-16T18:24:48Z,3820000,128.0,248.0,1,right,D. Bertans 27' 3PT  (11 PTS) (R. Westbrook 6 AST),"202722, 201566",1610612764.0,WAS,,,,,,,,,Bertans,D. Bertans,,,,,Made,11.0,27.96,R. Westbrook,201566.0,6.0,,,,,,,,,,22001080,,4439.1,8301.6,565.0,3,720,1595.0,0,0,0,1,0,0,0,0,0,20,4,16,0,19,2.0,0,0,0,0,0,0,0,0,341,12.827586206896552,2.7831347962382447
400,PT08M57.00S,2021-05-16 18:25:11.800000+00:00,3,REGULAR,2pt,Layup,pointsinthepaint,1630163,7.27660972404732,59.4898897058824,1610612766,62,67,2021-05-16T18:25:15Z,3840000,-47.0,16.0,1,left,L. Ball driving Layup (9 PTS),1630163,1610612766.0,CHA,driving,,,,,,,,Ball,L. Ball,,,,,Made,9.0,5.0,,,,,,,,,,,,,22001080,,4467.0,8301.6,537.0,5,720,1623.0,0,0,0,1,0,0,0,0,0,20,4,16,0,19,2.0,0,0,0,0,0,0,0,0,342,12.643253234750462,2.7523105360443623
401,PT08M48.00S,2021-05-16 18:25:21.300000+00:00,3,REGULAR,turnover,bad pass,,1629655,,,1610612764,62,67,2021-05-16T18:25:41Z,3850000,,,0,,D. Gafford bad pass TURNOVER (2 TO),"1629655, 1626179",1610612764.0,WAS,,,,,,,,2.0,Gafford,D. Gafford,,,,,,,,,,,,,,,,,,Rozier,1626179.0,22001080,,4476.5,8301.6,528.0,5,720,1632.0,0,0,0,1,0,0,1,0,0,20,4,17,0,19,2.0,0,0,0,0,0,0,0,0,343,12.61029411764706,2.742953431372549
402,PT08M48.00S,2021-05-16 18:25:21.300000+00:00,3,REGULAR,steal,,,1626179,,,1610612766,62,67,2021-05-16T18:25:25Z,3860000,,,0,,T. Rozier STEAL (3 STL),1626179,1610612766.0,CHA,,,,,,,,,Rozier,T. Rozier,,,,,,,,,,,,,,,,,,,,22001080,,4476.5,8301.6,528.0,5,720,1632.0,0,0,0,1,0,0,0,0,0,20,4,17,0,19,1.0,0,0,0,0,0,0,0,0,344,12.647058823529411,2.742953431372549
403,PT08M39.00S,2021-05-16 18:25:33.400000+00:00,3,REGULAR,foul,personal,2freethrow,1629060,,,1610612766,62,67,2021-05-16T18:25:44Z,3870000,,,0,,R. Hachimura shooting personal FOUL (1 PF) (McDaniels 2 FT),"1629060, 1629667",1610612764.0,WAS,shooting,,,,,,2714.0,,Hachimura,R. Hachimura,1.0,0.0,McDaniels,1629667.0,,,,,,,,,,,,,,,,22001080,,4488.6,8301.6,519.0,5,720,1641.0,0,0,0,1,1,0,0,0,0,21,4,17,0,19,2.0,0,0,0,0,0,0,0,0,345,12.614259597806216,2.7352833638025595
405,PT08M39.00S,2021-05-16 18:25:58.700000+00:00,3,REGULAR,freethrow,1 of 2,fromturnover,1629667,,,1610612766,62,68,2021-05-16T18:25:58Z,3890000,,,0,,J. McDaniels Free Throw 1 of 2 (7 PTS),1629667,1610612766.0,CHA,,,,,,,,,McDaniels,J. McDaniels,,,,,Made,7.0,,,,,,,,,,,,,,22001080,,4513.9,8301.6,519.0,6,720,1641.0,0,0,0,0,0,0,0,0,1,21,4,17,0,20,2.0,0,0,0,0,0,0,0,0,346,12.650822669104205,2.750700792199878
406,PT08M39.00S,2021-05-16 18:26:11.500000+00:00,3,REGULAR,freethrow,2 of 2,fromturnover,1629667,,,1610612766,62,69,2021-05-16T18:26:11Z,3900000,,,0,,J. McDaniels Free Throw 2 of 2 (8 PTS),1629667,1610612766.0,CHA,,,,,,,,,McDaniels,J. McDaniels,,,,,Made,8.0,,,,,,,,,,,,,,22001080,,4526.7,8301.6,519.0,7,720,1641.0,0,0,0,0,0,0,0,0,1,21,4,17,0,21,2.0,0,0,0,0,0,0,0,0,347,12.687385740402194,2.7585009140767824
407,PT08M31.00S,2021-05-16 18:26:19.800000+00:00,3,REGULAR,turnover,bad pass,,201566,,,1610612764,62,69,2021-05-16T18:26:29Z,3910000,,,0,,R. Westbrook bad pass TURNOVER (3 TO),"201566, 1629023",1610612764.0,WAS,,,,,,,,3.0,Westbrook,R. Westbrook,,,,,,,,,,,,,,,,,,Washington,1629023.0,22001080,,4535.0,8301.6,511.0,7,720,1649.0,0,0,0,0,0,0,1,0,0,21,4,18,0,21,2.0,0,0,0,0,0,0,0,0,348,12.662219526986052,2.7501516070345664
408,PT08M31.00S,2021-05-16 18:26:19.800000+00:00,3,REGULAR,steal,,,1629023,,,1610612766,62,69,2021-05-16T18:28:05Z,3920000,,,0,,P. Washington STEAL (1 STL),1629023,1610612766.0,CHA,,,,,,,,,Washington,P. Washington,,,,,,,,,,,,,,,,,,,,22001080,,4535.0,8301.6,511.0,7,720,1649.0,0,0,0,0,0,0,0,0,0,21,4,18,0,21,2.0,0,0,0,0,0,0,0,0,349,12.698605215281988,2.7501516070345664
409,PT08M25.00S,2021-05-16 18:26:25.300000+00:00,3,REGULAR,3pt,Jump Shot,fromturnover,1629667,10.2989487516426,4.34283088235294,1610612766,62,72,2021-05-16T18:26:31Z,3930000,228.0,44.0,1,left,J. McDaniels 3PT  (11 PTS) (T. Rozier 6 AST),"1629667, 1626179",1610612766.0,CHA,,,,,,,,,McDaniels,J. McDaniels,,,,,Made,11.0,23.26,T. Rozier,1626179.0,6.0,,,,,,,,,,22001080,,4540.5,8301.6,505.0,10,720,1655.0,0,0,0,0,0,0,0,0,0,21,4,18,0,21,2.0,0,0,0,0,0,0,0,0,350,12.688821752265861,2.7435045317220546
411,PT08M24.00S,2021-05-16 18:26:33.200000+00:00,3,REGULAR,timeout,full,"team, mandatory",0,,,1610612764,62,72,2021-05-16T18:26:33Z,3950000,,,0,,WAS Timeout,,1610612764.0,WAS,,,,,,,,,,,,,,,,,,,,,,,,,,,,,,22001080,,4548.4,8301.6,504.0,10,720,1656.0,0,0,0,0,0,1,0,0,0,21,5,18,0,21,2.0,0,0,0,0,0,0,0,0,351,12.717391304347826,2.7466183574879226
412,PT08M09.00S,2021-05-16 18:29:36.500000+00:00,3,REGULAR,2pt,Jump Shot,pointsinthepaint,1629655,88.2227332457293,44.7840073529412,1610612764,62,72,2021-05-16T18:29:43Z,3960000,-26.0,58.0,1,right,MISS D. Gafford 6' floating Shot,1629655,1610612764.0,WAS,floating,,,,,,,,Gafford,D. Gafford,,,,,Missed,,6.38,,,,,,,,,,,,,22001080,,4731.7,8301.6,489.0,10,720,1671.0,0,0,0,0,0,0,0,0,0,21,5,18,0,21,1.0,0,0,0,0,0,0,0,0,352,12.639138240574505,2.831657690005984
413,PT08M07.00S,2021-05-16 18:29:38.500000+00:00,3,REGULAR,rebound,defensive,,1629667,,,1610612766,62,72,2021-05-16T18:29:43Z,3970000,,,0,,J. McDaniels REBOUND (Off:1 Def:3),1629667,1610612766.0,CHA,,,,,,,,,McDaniels,J. McDaniels,,,,,,,,,,,412.0,4.0,3.0,1.0,,,,,,22001080,,4733.7,8301.6,487.0,10,720,1673.0,0,0,0,0,0,0,0,0,0,21,5,18,0,21,1.0,0,0,0,0,0,0,0,0,353,12.659892408846384,2.8294680215182306
414,PT07M50.00S,2021-05-16 18:29:55+00:00,3,REGULAR,2pt,Layup,pointsinthepaint,1628970,8.98488830486203,58.999693627451,1610612766,62,72,2021-05-16T18:30:01Z,3980000,-45.0,32.0,1,left,MISS M. Bridges driving Layup,1628970,1610612766.0,CHA,driving,,,,,,,,Bridges,M. Bridges,,,,,Missed,,5.52,,,,,,,,,,,,,22001080,,4750.2,8301.6,470.0,10,720,1690.0,0,0,0,0,0,0,0,0,0,21,5,18,0,21,1.0,0,0,0,0,0,0,0,0,354,12.568047337278106,2.8107692307692305
415,PT07M48.00S,2021-05-16 18:29:57+00:00,3,REGULAR,rebound,defensive,,202722,,,1610612764,62,72,2021-05-16T18:30:01Z,3990000,,,0,,D. Bertans REBOUND (Off:0 Def:2),202722,1610612764.0,WAS,,,,,,,,,Bertans,D. Bertans,,,,,,,,,,,414.0,2.0,2.0,0.0,,,,,,22001080,,4752.2,8301.6,468.0,10,720,1692.0,0,0,0,0,0,0,0,0,0,21,5,18,0,21,1.0,0,0,0,0,0,0,0,0,355,12.588652482269504,2.808628841607565
416,PT07M42.00S,2021-05-16 18:30:03.200000+00:00,3,REGULAR,3pt,Jump Shot,,201566,74.8193166885677,11.2055759803922,1610612764,62,72,2021-05-16T18:30:08Z,4000000,-194.0,184.0,1,right,MISS R. Westbrook 26' 3PT,201566,1610612764.0,WAS,,,,,,,,,Westbrook,R. Westbrook,,,,,Missed,,26.75,,,,,,,,,,,,,22001080,,4758.4,8301.6,462.0,10,720,1698.0,0,0,0,0,0,0,0,0,0,21,5,18,0,21,1.0,0,0,0,0,0,0,0,0,356,12.579505300353357,2.8023557126030623
417,PT07M37.00S,2021-05-16 18:30:08.200000+00:00,3,REGULAR,rebound,defensive,,1626179,,,1610612766,62,72,2021-05-16T18:30:08Z,4010000,,,0,,T. Rozier REBOUND (Off:1 Def:4),1626179,1610612766.0,CHA,,,,,,,,,Rozier,T. Rozier,,,,,,,,,,,416.0,5.0,4.0,1.0,,,,,,22001080,,4763.4,8301.6,457.0,10,720,1703.0,0,0,0,0,0,0,0,0,0,21,5,18,0,21,1.0,0,0,0,0,0,0,0,0,357,12.5778038755138,2.7970640046975923
418,PT07M24.00S,2021-05-16 18:30:21+00:00,3,REGULAR,3pt,Jump Shot,,1628970,25.2792378449409,13.9016544117647,1610612766,62,72,2021-05-16T18:30:32Z,4020000,180.0,185.0,1,left,MISS M. Bridges 25' 3PT,1628970,1610612766.0,CHA,,,,,,,,,Bridges,M. Bridges,,,,,Missed,,25.85,,,,,,,,,,,,,22001080,,4776.2,8301.6,444.0,10,720,1716.0,0,0,0,0,0,0,0,0,0,21,5,18,0,21,1.0,0,0,0,0,0,0,0,0,358,12.517482517482517,2.783333333333333
419,PT07M21.00S,2021-05-16 18:30:24+00:00,3,REGULAR,rebound,defensive,,201566,,,1610612764,62,72,2021-05-16T18:30:32Z,4030000,,,0,,R. Westbrook REBOUND (Off:2 Def:9),201566,1610612764.0,WAS,,,,,,,,,Westbrook,R. Westbrook,,,,,,,,,,,418.0,11.0,9.0,2.0,,,,,,22001080,,4779.2,8301.6,441.0,10,720,1719.0,0,0,0,0,0,0,0,0,0,21,5,18,0,21,1.0,0,0,0,0,0,0,0,0,359,12.530541012216405,2.78022105875509
420,PT07M18.00S,2021-05-16 18:30:32.400000+00:00,3,REGULAR,foul,offensive,,1629655,,,1610612764,62,72,2021-05-16T18:30:42Z,4040000,,,0,,D. Gafford charge offensive FOUL (4 PF),"1629655, 1626179",1610612764.0,WAS,charge,,,,,,1155.0,,Gafford,D. Gafford,4.0,0.0,Rozier,1626179.0,,,,,,,,,,,,,,,,22001080,,4787.6,8301.6,438.0,10,720,1722.0,0,0,0,0,1,0,0,0,0,22,5,18,0,21,2.0,0,0,0,0,0,0,0,0,360,12.543554006968641,2.780255516840883
422,PT07M18.00S,2021-05-16 18:30:32.400000+00:00,3,REGULAR,turnover,offensive foul,,1629655,,,1610612764,62,72,2021-05-16T18:30:32Z,4060000,,,0,,D. Gafford offensive foul TURNOVER (3 TO),1629655,1610612764.0,WAS,,,,,,,1155.0,3.0,Gafford,D. Gafford,,,,,,,,,,,,,,,,,,,,22001080,,4787.6,8301.6,438.0,10,720,1722.0,0,0,0,0,1,0,1,0,0,23,5,19,0,21,3.0,0,0,0,0,0,0,0,0,361,12.578397212543555,2.780255516840883
423,PT07M18.00S,2021-05-16 18:30:40.400000+00:00,3,REGULAR,substitution,out,,1629655,,,1610612766,62,72,2021-05-16T18:30:49Z,4070000,,,0,,SUB out: D. Gafford,1629655,1610612764.0,WAS,,,,,,,,,Gafford,D. Gafford,,,,,,,,,,,,,,,,,,,,22001080,,4795.6,8301.6,438.0,10,720,1722.0,0,0,0,0,0,0,0,0,0,23,5,19,0,21,3.0,0,0,0,0,0,0,0,0,362,12.613240418118467,2.7849012775842046
424,PT07M18.00S,2021-05-16 18:30:40.400000+00:00,3,REGULAR,substitution,in,,201577,,,1610612766,62,72,2021-05-16T18:30:49Z,4080000,,,0,,SUB in: R. Lopez,201577,1610612764.0,WAS,,,,,,,,,Lopez,R. Lopez,,,,,,,,,,,,,,,,,,,,22001080,,4795.6,8301.6,438.0,10,720,1722.0,0,0,0,0,0,0,0,0,0,23,5,19,0,21,3.0,0,0,0,0,0,0,0,0,363,12.64808362369338,2.7849012775842046
425,PT07M13.00S,2021-05-16 18:31:00.100000+00:00,3,REGULAR,3pt,Jump Shot,fromturnover,1630163,30.0098554533509,73.2153799019608,1610612766,62,72,2021-05-16T18:31:05Z,4090000,-116.0,230.0,1,left,MISS L. Ball 25' 3PT,1630163,1610612766.0,CHA,,,,,,,,,Ball,L. Ball,,,,,Missed,,25.73,,,,,,,,,,,,,22001080,,4815.3,8301.6,433.0,10,720,1727.0,0,0,0,0,0,0,0,0,0,23,5,19,0,21,3.0,0,0,0,0,0,0,0,0,364,12.646207295888823,2.7882455124493344
426,PT07M08.00S,2021-05-16 18:31:05.100000+00:00,3,REGULAR,rebound,defensive,,1629060,,,1610612764,62,72,2021-05-16T18:31:05Z,4100000,,,0,,R. Hachimura REBOUND (Off:0 Def:4),1629060,1610612764.0,WAS,,,,,,,,,Hachimura,R. Hachimura,,,,,,,,,,,425.0,4.0,4.0,0.0,,,,,,22001080,,4820.3,8301.6,428.0,10,720,1732.0,0,0,0,0,0,0,0,0,0,23,5,19,0,21,2.0,0,0,0,0,0,0,0,0,365,12.64434180138568,2.7830831408775984
427,PT07M01.00S,2021-05-16 18:31:14+00:00,3,REGULAR,foul,personal,2freethrow,1626179,,,1610612764,62,72,2021-05-16T18:31:20Z,4110000,,,0,,T. Rozier shooting personal FOUL (2 PF) (Westbrook 2 FT),"1626179, 201566",1610612766.0,CHA,shooting,,,,,,1188.0,,Rozier,T. Rozier,2.0,0.0,Westbrook,201566.0,,,,,,,,,,,,,,,,22001080,,4829.2,8301.6,421.0,10,720,1739.0,0,0,0,0,1,0,0,0,0,24,5,19,0,21,3.0,0,0,0,0,0,0,0,0,366,12.627947096032202,2.776998274870615
429,PT07M01.00S,2021-05-16 18:31:37+00:00,3,REGULAR,freethrow,1 of 2,,201566,,,1610612764,63,72,2021-05-16T18:31:37Z,4130000,,,0,,R. Westbrook Free Throw 1 of 2 (9 PTS),201566,1610612764.0,WAS,,,,,,,,,Westbrook,R. Westbrook,,,,,Made,9.0,,,,,,,,,,,,,,22001080,,4852.2,8301.6,421.0,9,720,1739.0,0,0,0,0,0,0,0,0,1,24,5,19,0,22,3.0,0,0,0,0,0,0,0,0,367,12.66244968372628,2.7902242668200112
430,PT07M01.00S,2021-05-16 18:31:51.500000+00:00,3,REGULAR,freethrow,2 of 2,,201566,,,1610612764,64,72,2021-05-16T18:31:51Z,4140000,,,0,,R. Westbrook Free Throw 2 of 2 (10 PTS),201566,1610612764.0,WAS,,,,,,,,,Westbrook,R. Westbrook,,,,,Made,10.0,,,,,,,,,,,,,,22001080,,4866.7,8301.6,421.0,8,720,1739.0,0,0,0,0,0,0,0,0,1,24,5,19,0,23,3.0,0,0,0,0,0,0,0,0,368,12.696952271420356,2.7985623921794134
431,PT06M37.00S,2021-05-16 18:32:20.700000+00:00,3,REGULAR,turnover,shot clock,team,0,,,1610612766,64,72,2021-05-16T18:32:26Z,4150000,,,0,,CHA shot clock Team TURNOVER,,1610612766.0,CHA,,,,,,,1155.0,,,,,,,,,,,,,,,,,,,,,,,22001080,,4895.9,8301.6,397.0,8,720,1763.0,0,0,0,0,0,0,1,0,0,24,5,20,0,23,3.0,0,0,0,0,0,0,0,0,369,12.558139534883722,2.7770277935337493
433,PT06M19.00S,2021-05-16 18:32:48.400000+00:00,3,REGULAR,2pt,Hook,"pointsinthepaint, fromturnover",201577,87.6971090670171,45.5193014705882,1610612764,66,72,2021-05-16T18:33:03Z,4170000,-22.0,63.0,1,right,R. Lopez 6' Hook (8 PTS),201577,1610612764.0,WAS,,,,,,,,,Lopez,R. Lopez,,,,,Made,8.0,6.7,,,,,,,,,,,,,22001080,,4923.6,8301.6,379.0,6,720,1781.0,0,0,0,0,0,0,0,0,0,24,5,20,0,23,3.0,0,0,0,0,0,0,0,0,370,12.464907355418305,2.7645143177989895
434,PT06M08.00S,2021-05-16 18:33:01.100000+00:00,3,REGULAR,turnover,traveling,,1629023,,,1610612766,66,72,2021-05-16T18:33:09Z,4180000,,,0,,P. Washington traveling TURNOVER (1 TO),1629023,1610612766.0,CHA,,,,,,,1155.0,1.0,Washington,P. Washington,,,,,,,,,,,,,,,,,,,,22001080,,4936.3,8301.6,368.0,6,720,1792.0,0,0,0,0,0,0,1,0,0,24,5,21,0,23,3.0,0,0,0,0,0,0,0,0,371,12.421875,2.7546316964285715
435,PT06M08.00S,2021-05-16 18:33:06.900000+00:00,3,REGULAR,substitution,out,,201566,,,1610612764,66,72,2021-05-16T18:33:26Z,4190000,,,0,,SUB out: R. Westbrook,201566,1610612764.0,WAS,,,,,,,,,Westbrook,R. Westbrook,,,,,,,,,,,,,,,,,,,,22001080,,4942.1,8301.6,368.0,6,720,1792.0,0,0,0,0,0,0,0,0,0,24,5,21,0,23,3.0,0,0,0,0,0,0,0,0,372,12.455357142857142,2.7578683035714286
436,PT06M08.00S,2021-05-16 18:33:06.900000+00:00,3,REGULAR,substitution,out,,1628970,,,1610612764,66,72,2021-05-16T18:33:26Z,4200000,,,0,,SUB out: M. Bridges,1628970,1610612766.0,CHA,,,,,,,,,Bridges,M. Bridges,,,,,,,,,,,,,,,,,,,,22001080,,4942.1,8301.6,368.0,6,720,1792.0,0,0,0,0,0,0,0,0,0,24,5,21,0,23,3.0,0,0,0,0,0,0,0,0,373,12.488839285714285,2.7578683035714286
437,PT06M08.00S,2021-05-16 18:33:06.900000+00:00,3,REGULAR,substitution,out,,1629667,,,1610612764,66,72,2021-05-16T18:33:26Z,4210000,,,0,,SUB out: J. McDaniels,1629667,1610612766.0,CHA,,,,,,,,,McDaniels,J. McDaniels,,,,,,,,,,,,,,,,,,,,22001080,,4942.1,8301.6,368.0,6,720,1792.0,0,0,0,0,0,0,0,0,0,24,5,21,0,23,3.0,0,0,0,0,0,0,0,0,374,12.522321428571429,2.7578683035714286
438,PT06M08.00S,2021-05-16 18:33:06.900000+00:00,3,REGULAR,substitution,in,,202397,,,1610612764,66,72,2021-05-16T18:33:26Z,4220000,,,0,,SUB in: I. Smith,202397,1610612764.0,WAS,,,,,,,,,Smith,I. Smith,,,,,,,,,,,,,,,,,,,,22001080,,4942.1,8301.6,368.0,6,720,1792.0,0,0,0,0,0,0,0,0,0,24,5,21,0,23,3.0,0,0,0,0,0,0,0,0,375,12.555803571428571,2.7578683035714286
439,PT06M08.00S,2021-05-16 18:33:06.900000+00:00,3,REGULAR,substitution,in,,1628984,,,1610612764,66,72,2021-05-16T18:33:26Z,4230000,,,0,,SUB in: D. Graham,1628984,1610612766.0,CHA,,,,,,,,,Graham,D. Graham,,,,,,,,,,,,,,,,,,,,22001080,,4942.1,8301.6,368.0,6,720,1792.0,0,0,0,0,0,0,0,0,0,24,5,21,0,23,3.0,0,0,0,0,0,0,0,0,376,12.589285714285714,2.7578683035714286
440,PT06M08.00S,2021-05-16 18:33:06.900000+00:00,3,REGULAR,substitution,in,,203469,,,1610612764,66,72,2021-05-16T18:33:26Z,4240000,,,0,,SUB in: C. Zeller,203469,1610612766.0,CHA,,,,,,,,,Zeller,C. Zeller,,,,,,,,,,,,,,,,,,,,22001080,,4942.1,8301.6,368.0,6,720,1792.0,0,0,0,0,0,0,0,0,0,24,5,21,0,23,3.0,0,0,0,0,0,0,0,0,377,12.622767857142858,2.7578683035714286
441,PT06M00.00S,2021-05-16 18:33:37.300000+00:00,3,REGULAR,foul,offensive,,201577,,,1610612764,66,72,2021-05-16T18:34:12Z,4250000,,,0,,R. Lopez off-the-ball offensive FOUL (1 PF),"201577, 203469",1610612764.0,WAS,off-the-ball,,,,,,1155.0,,Lopez,R. Lopez,1.0,0.0,Zeller,203469.0,,,,,,,,,,,,,,,,22001080,,4972.5,8301.6,360.0,6,720,1800.0,0,0,0,0,1,0,0,0,0,25,5,21,0,23,4.0,0,0,0,0,0,0,0,0,378,12.6,2.7625
443,PT06M00.00S,2021-05-16 18:33:37.300000+00:00,3,REGULAR,turnover,offensive foul,,201577,,,1610612764,66,72,2021-05-16T18:33:37Z,4270000,,,0,,R. Lopez offensive foul TURNOVER (1 TO),201577,1610612764.0,WAS,,,,,,,1155.0,1.0,Lopez,R. Lopez,,,,,,,,,,,,,,,,,,,,22001080,,4972.5,8301.6,360.0,6,720,1800.0,0,0,0,0,1,0,1,0,0,26,5,22,0,23,5.0,0,0,0,0,0,0,0,0,379,12.633333333333333,2.7625
444,PT05M47.00S,2021-05-16 18:34:08+00:00,3,REGULAR,2pt,Layup,"pointsinthepaint, fromturnover",1630163,8.59067017082786,44.0487132352941,1610612766,66,72,2021-05-16T18:34:12Z,4280000,30.0,28.0,1,left,MISS L. Ball driving Layup,1630163,1610612766.0,CHA,driving,,,,,,,,Ball,L. Ball,,,,,Missed,,4.11,,,,,,,,,,,,,22001080,,5003.2,8301.6,347.0,6,720,1813.0,0,0,0,0,0,0,0,0,0,26,5,22,0,23,4.0,0,0,0,0,0,0,0,0,380,12.575841147269719,2.7596249310535024
445,PT05M45.00S,2021-05-16 18:34:10+00:00,3,REGULAR,rebound,defensive,,1629060,,,1610612764,66,72,2021-05-16T18:34:12Z,4290000,,,0,,R. Hachimura REBOUND (Off:0 Def:5),1629060,1610612764.0,WAS,,,,,,,,,Hachimura,R. Hachimura,,,,,,,,,,,444.0,5.0,5.0,0.0,,,,,,22001080,,5005.2,8301.6,345.0,6,720,1815.0,0,0,0,0,0,0,0,0,0,26,5,22,0,23,3.0,0,0,0,0,0,0,0,0,381,12.59504132231405,2.757685950413223
446,PT05M33.00S,2021-05-16 18:34:21.900000+00:00,3,REGULAR,turnover,bad pass,,203078,,,1610612764,66,72,2021-05-16T18:34:29Z,4300000,,,0,,B. Beal bad pass TURNOVER (3 TO),"203078, 1629023",1610612764.0,WAS,,,,,,,,3.0,Beal,B. Beal,,,,,,,,,,,,,,,,,,Washington,1629023.0,22001080,,5017.1,8301.6,333.0,6,720,1827.0,0,0,0,0,0,0,1,0,0,26,5,23,0,23,3.0,0,0,0,0,0,0,0,0,382,12.545155993431855,2.7460864805692395
447,PT05M33.00S,2021-05-16 18:34:21.900000+00:00,3,REGULAR,steal,,,1629023,,,1610612766,66,72,2021-05-16T18:34:24Z,4310000,,,0,,P. Washington STEAL (2 STL),1629023,1610612766.0,CHA,,,,,,,,,Washington,P. Washington,,,,,,,,,,,,,,,,,,,,22001080,,5017.1,8301.6,333.0,6,720,1827.0,0,0,0,0,0,0,0,0,0,26,5,23,0,23,3.0,0,0,0,0,0,0,0,0,383,12.577996715927751,2.7460864805692395
448,PT05M23.00S,2021-05-16 18:34:31.600000+00:00,3,REGULAR,3pt,Jump Shot,fromturnover,1626179,20.0229960578187,93.3134191176471,1610612766,66,72,2021-05-16T18:34:37Z,4320000,-217.0,136.0,1,left,MISS T. Rozier 25' 3PT,1626179,1610612766.0,CHA,,,,,,,,,Rozier,T. Rozier,,,,,Missed,,25.56,,,,,,,,,,,,,22001080,,5026.8,8301.6,323.0,6,720,1837.0,0,0,0,0,0,0,0,0,0,26,5,23,0,23,3.0,0,0,0,0,0,0,0,0,384,12.542188350571584,2.736418072945019
449,PT05M19.00S,2021-05-16 18:34:35.600000+00:00,3,REGULAR,rebound,defensive,,202722,,,1610612764,66,72,2021-05-16T18:34:37Z,4330000,,,0,,D. Bertans REBOUND (Off:0 Def:3),202722,1610612764.0,WAS,,,,,,,,,Bertans,D. Bertans,,,,,,,,,,,448.0,3.0,3.0,0.0,,,,,,22001080,,5030.8,8301.6,319.0,6,720,1841.0,0,0,0,0,0,0,0,0,0,26,5,23,0,23,3.0,0,0,0,0,0,0,0,0,385,12.547528517110266,2.732645301466594
450,PT05M15.00S,2021-05-16 18:34:44+00:00,3,REGULAR,stoppage,out-of-bounds,,0,,,1610612764,66,72,2021-05-16T18:34:44Z,4340000,,,0,,,,,,,,,,,,,,,,,,,,,,,,,,,,,,,,,,,22001080,,5039.2,8301.6,315.0,6,720,1845.0,0,0,0,0,0,0,0,0,0,26,5,23,0,23,2.0,0,0,0,0,0,0,0,0,386,12.552845528455284,2.7312737127371274
451,PT05M03.00S,2021-05-16 18:35:14.300000+00:00,3,REGULAR,foul,technical,1freethrow,203469,,,1610612764,66,72,2021-05-16T18:35:30Z,4350000,,,0,,C. Zeller defensive-3-second technical FOUL (2 Tech),203469,1610612766.0,CHA,defensive-3-second,,,,,,1188.0,,Zeller,C. Zeller,3.0,2.0,,,,,,,,,,,,,,,,,,22001080,,5069.5,8301.6,303.0,6,720,1857.0,0,0,0,0,1,0,0,0,0,27,5,23,0,23,3.0,0,0,0,0,0,0,0,0,387,12.504038772213248,2.7299407646742058
452,PT05M03.00S,2021-05-16 18:35:32.100000+00:00,3,REGULAR,freethrow,1 of 1,,203078,,,1610612764,67,72,2021-05-16T18:35:32Z,4360000,,,0,,B. Beal technical Free Throw 1 of 1 (9 PTS),203078,1610612764.0,WAS,technical,,,,,,,,Beal,B. Beal,,,,,Made,9.0,,,,,,,,,,,,,,22001080,,5087.3,8301.6,303.0,5,720,1857.0,0,0,0,1,0,0,0,0,1,27,5,23,0,24,3.0,0,0,0,0,0,0,0,0,388,12.536348949919224,2.7395261173936456
453,PT05M03.00S,2021-05-16 18:35:32.900000+00:00,3,REGULAR,substitution,out,,203078,,,1610612764,67,72,2021-05-16T18:35:45Z,4370000,,,0,,SUB out: B. Beal,203078,1610612764.0,WAS,,,,,,,,,Beal,B. Beal,,,,,,,,,,,,,,,,,,,,22001080,,5088.1,8301.6,303.0,5,720,1857.0,0,0,0,1,0,0,0,0,0,27,5,23,0,24,3.0,0,0,0,0,0,0,0,0,389,12.568659127625203,2.739956919763059
454,PT05M03.00S,2021-05-16 18:35:32.900000+00:00,3,REGULAR,substitution,in,,1628990,,,1610612764,67,72,2021-05-16T18:35:45Z,4380000,,,0,,SUB in: C. Hutchison,1628990,1610612764.0,WAS,,,,,,,,,Hutchison,C. Hutchison,,,,,,,,,,,,,,,,,,,,22001080,,5088.1,8301.6,303.0,5,720,1857.0,0,0,0,1,0,0,0,0,0,27,5,23,0,24,3.0,0,0,0,0,0,0,0,0,390,12.60096930533118,2.739956919763059
455,PT04M56.00S,2021-05-16 18:35:56.900000+00:00,3,REGULAR,2pt,Layup,pointsinthepaint,202397,92.8219448094612,56.0585171568627,1610612764,69,72,2021-05-16T18:36:02Z,4390000,30.0,15.0,1,right,I. Smith driving Layup (10 PTS),202397,1610612764.0,WAS,driving,,,,,,,,Smith,I. Smith,,,,,Made,10.0,3.38,,,,,,,,,,,,,22001080,,5112.1,8301.6,296.0,3,720,1864.0,0,0,0,1,0,0,0,0,0,27,5,23,0,24,3.0,0,0,0,0,0,0,0,0,391,12.585836909871245,2.742542918454936
456,PT04M56.00S,2021-05-16 18:36:11.200000+00:00,3,REGULAR,timeout,full,"team, mandatory",0,,,1610612766,69,72,2021-05-16T18:36:11Z,4400000,,,0,,CHA Timeout,,1610612766.0,CHA,,,,,,,,,,,,,,,,,,,,,,,,,,,,,,22001080,,5126.4,8301.6,296.0,3,720,1864.0,0,0,0,1,0,1,0,0,0,27,6,23,0,24,3.0,0,0,0,0,0,0,0,0,392,12.618025751072961,2.750214592274678
457,PT04M37.00S,2021-05-16 18:39:17.100000+00:00,3,REGULAR,2pt,Layup,pointsinthepaint,203469,6.88239159001314,52.6271446078431,1610612766,69,74,2021-05-16T18:39:21Z,4410000,-13.0,12.0,1,left,C. Zeller driving Layup (5 PTS) (T. Rozier 7 AST),"203469, 1626179",1610612766.0,CHA,driving,,,,,,,,Zeller,C. Zeller,,,,,Made,5.0,1.79,T. Rozier,1626179.0,7.0,,,,,,,,,,22001080,,5312.3,8301.6,277.0,5,720,1883.0,0,0,0,1,0,0,0,0,0,27,6,23,0,24,3.0,0,0,0,0,0,0,0,0,393,12.522570366436538,2.821189591078067
458,PT04M23.00S,2021-05-16 18:39:30.600000+00:00,3,REGULAR,2pt,Jump Shot,,202397,78.104467805519,67.0879289215686,1610612764,69,74,2021-05-16T18:39:35Z,4420000,85.0,153.0,1,right,MISS I. Smith 17' pullup Shot,202397,1610612764.0,WAS,pullup,,,,,,,,Smith,I. Smith,,,,,Missed,,17.55,,,,,,,,,,,,,22001080,,5325.8,8301.6,263.0,5,720,1897.0,0,0,0,1,0,0,0,0,0,27,6,23,0,24,3.0,0,0,0,0,0,0,0,0,394,12.46178176067475,2.807485503426463
459,PT04M20.00S,2021-05-16 18:39:33.600000+00:00,3,REGULAR,rebound,defensive,,203469,,,1610612766,69,74,2021-05-16T18:39:35Z,4430000,,,0,,C. Zeller REBOUND (Off:1 Def:2),203469,1610612766.0,CHA,,,,,,,,,Zeller,C. Zeller,,,,,,,,,,,458.0,3.0,2.0,1.0,,,,,,22001080,,5328.8,8301.6,260.0,5,720,1900.0,0,0,0,1,0,0,0,0,0,27,6,23,0,24,3.0,0,0,0,0,0,0,0,0,395,12.473684210526315,2.8046315789473684
460,PT04M04.00S,2021-05-16 18:39:53.200000+00:00,3,REGULAR,foul,personal,2freethrow,202722,,,1610612766,69,74,2021-05-16T18:40:03Z,4440000,,,0,,D. Bertans shooting personal FOUL (1 PF) (Graham 2 FT),"202722, 1628984",1610612764.0,WAS,shooting,,,,,,1188.0,,Bertans,D. Bertans,1.0,0.0,Graham,1628984.0,,,,,,,,,,,,,,,,22001080,,5348.4,8301.6,244.0,5,720,1916.0,0,0,0,1,1,0,0,0,0,28,6,23,0,24,4.0,0,0,0,0,0,0,0,0,396,12.400835073068894,2.7914405010438412
462,PT04M04.00S,2021-05-16 18:40:20.400000+00:00,3,REGULAR,freethrow,1 of 2,,1628984,,,1610612766,69,75,2021-05-16T18:40:20Z,4460000,,,0,,D. Graham Free Throw 1 of 2 (11 PTS),1628984,1610612766.0,CHA,,,,,,,,,Graham,D. Graham,,,,,Made,11.0,,,,,,,,,,,,,,22001080,,5375.6,8301.6,244.0,6,720,1916.0,0,0,0,0,0,0,0,0,1,28,6,23,0,25,4.0,0,0,0,0,0,0,0,0,397,12.4321503131524,2.8056367432150315
464,PT04M04.00S,2021-05-16 18:40:36.900000+00:00,3,REGULAR,freethrow,2 of 2,,1628984,,,1610612766,69,76,2021-05-16T18:40:36Z,4470000,,,0,,D. Graham Free Throw 2 of 2 (12 PTS),1628984,1610612766.0,CHA,,,,,,,,,Graham,D. Graham,,,,,Made,12.0,,,,,,,,,,,,,,22001080,,5392.1,8301.6,244.0,7,720,1916.0,0,0,0,0,0,0,0,0,1,28,6,23,0,26,3.0,0,0,0,0,0,0,0,0,398,12.463465553235908,2.814248434237996
465,PT03M48.00S,2021-05-16 18:40:54.100000+00:00,3,REGULAR,2pt,Jump Shot,,1629060,78.2358738501971,24.6859681372549,1610612764,69,76,2021-05-16T18:40:57Z,4480000,-127.0,152.0,1,right,MISS R. Hachimura 19' pullup Shot,1629060,1610612764.0,WAS,pullup,,,,,,,,Hachimura,R. Hachimura,,,,,Missed,,19.79,,,,,,,,,,,,,22001080,,5409.3,8301.6,228.0,7,720,1932.0,0,0,0,0,0,0,0,0,0,28,6,23,0,26,2.0,0,0,0,0,0,0,0,0,399,12.391304347826086,2.7998447204968944
466,PT03M46.00S,2021-05-16 18:40:56.100000+00:00,3,REGULAR,rebound,defensive,,1630163,,,1610612766,69,76,2021-05-16T18:40:57Z,4490000,,,0,,L. Ball REBOUND (Off:2 Def:3),1630163,1610612766.0,CHA,,,,,,,,,Ball,L. Ball,,,,,,,,,,,465.0,5.0,3.0,2.0,,,,,,22001080,,5411.3,8301.6,226.0,7,720,1934.0,0,0,0,0,0,0,0,0,0,28,6,23,0,26,2.0,0,0,0,0,0,0,0,0,400,12.409513960703205,2.7979834539813857
467,PT03M42.00S,2021-05-16 18:41:14.100000+00:00,3,REGULAR,foul,personal,2freethrow,202722,,,1610612766,69,76,2021-05-16T18:44:14Z,4500000,,,0,,D. Bertans flagrant-type-1 personal FOUL (2 PF) (Ball 2 FT),"202722, 1630163",1610612764.0,WAS,flagrant-type-1,,,,,,2714.0,,Bertans,D. Bertans,2.0,0.0,Ball,1630163.0,,,,,,,,,,,,,,,,22001080,,5429.3,8301.6,222.0,7,720,1938.0,0,0,0,0,1,0,0,0,0,29,6,23,0,26,3.0,0,0,0,0,0,0,0,0,401,12.414860681114552,2.801496388028896
469,PT03M42.00S,2021-05-16 18:41:39.600000+00:00,3,REGULAR,instantreplay,altercationrequest,,0,,,1610612766,69,76,2021-05-16T18:41:59Z,4520000,,,0,,,,,,,,,,,,2714.0,,,,,,,,,,,,,,,,,,,,,,,22001080,,5454.8,8301.6,222.0,7,720,1938.0,0,0,0,0,0,0,0,0,0,29,6,23,0,26,3.0,0,0,0,0,0,0,0,0,402,12.445820433436534,2.814654282765738
470,PT03M42.00S,2021-05-16 18:43:46.100000+00:00,3,REGULAR,freethrow,1 of 2,,1630163,,,1610612766,69,77,2021-05-16T18:44:44Z,4530000,,,0,,L. Ball flagrant Free Throw 1 of 2 (10 PTS),1630163,1610612766.0,CHA,flagrant,,,,,,,,Ball,L. Ball,,,,,Made,10.0,,,,,,,,,,,,,,22001080,,5581.3,8301.6,222.0,8,720,1938.0,0,0,0,0,0,0,0,0,1,29,6,23,0,27,3.0,0,0,0,0,0,0,0,0,403,12.476780185758516,2.8799277605779157
471,PT03M42.00S,2021-05-16 18:43:46.100000+00:00,3,REGULAR,freethrow,2 of 2,,1630163,,,1610612766,69,78,2021-05-16T18:44:44Z,4540000,,,0,,L. Ball flagrant Free Throw 2 of 2 (11 PTS),1630163,1610612766.0,CHA,flagrant,,,,,,,,Ball,L. Ball,,,,,Made,11.0,,,,,,,,,,,,,,22001080,,5581.3,8301.6,222.0,9,720,1938.0,0,0,0,0,0,0,0,0,1,29,6,23,0,28,3.0,0,0,0,0,0,0,0,0,404,12.507739938080496,2.8799277605779157
472,PT03M42.00S,2021-05-16 18:43:59.400000+00:00,3,REGULAR,substitution,out,,1629060,,,1610612764,69,78,2021-05-16T18:44:14Z,4550000,,,0,,SUB out: R. Hachimura,1629060,1610612764.0,WAS,,,,,,,,,Hachimura,R. Hachimura,,,,,,,,,,,,,,,,,,,,22001080,,5594.6,8301.6,222.0,9,720,1938.0,0,0,0,0,0,0,0,0,0,29,6,23,0,28,3.0,0,0,0,0,0,0,0,0,405,12.538699690402478,2.886790505675955
473,PT03M42.00S,2021-05-16 18:43:59.400000+00:00,3,REGULAR,substitution,out,,202722,,,1610612764,69,78,2021-05-16T18:44:14Z,4560000,,,0,,SUB out: D. Bertans,202722,1610612764.0,WAS,,,,,,,,,Bertans,D. Bertans,,,,,,,,,,,,,,,,,,,,22001080,,5594.6,8301.6,222.0,9,720,1938.0,0,0,0,0,0,0,0,0,0,29,6,23,0,28,3.0,0,0,0,0,0,0,0,0,406,12.56965944272446,2.886790505675955
474,PT03M42.00S,2021-05-16 18:43:59.400000+00:00,3,REGULAR,substitution,in,,203078,,,1610612764,69,78,2021-05-16T18:44:14Z,4570000,,,0,,SUB in: B. Beal,203078,1610612764.0,WAS,,,,,,,,,Beal,B. Beal,,,,,,,,,,,,,,,,,,,,22001080,,5594.6,8301.6,222.0,9,720,1938.0,0,0,0,0,0,0,0,0,0,29,6,23,0,28,2.0,0,0,0,0,0,0,0,0,407,12.600619195046441,2.886790505675955
475,PT03M42.00S,2021-05-16 18:43:59.400000+00:00,3,REGULAR,substitution,in,,201566,,,1610612764,69,78,2021-05-16T18:44:14Z,4580000,,,0,,SUB in: R. Westbrook,201566,1610612764.0,WAS,,,,,,,,,Westbrook,R. Westbrook,,,,,,,,,,,,,,,,,,,,22001080,,5594.6,8301.6,222.0,9,720,1938.0,0,0,0,0,0,0,0,0,0,29,6,23,0,28,2.0,0,0,0,0,0,0,0,0,408,12.631578947368423,2.886790505675955
476,PT03M37.00S,2021-05-16 18:44:24.600000+00:00,3,REGULAR,foul,personal,"inpenalty, 2freethrow",201566,,,1610612766,69,78,2021-05-16T18:44:33Z,4590000,,,0,,R. Westbrook shooting personal FOUL (3 PF) (Zeller 2 FT),"201566, 203469",1610612764.0,WAS,shooting,,,,,,1188.0,,Westbrook,R. Westbrook,3.0,0.0,Zeller,203469.0,,,,,,,,,,,,,,,,22001080,,5619.8,8301.6,217.0,9,720,1943.0,0,0,0,0,1,0,0,0,0,30,6,23,0,28,3.0,0,0,0,0,0,0,0,0,409,12.629953679876479,2.89233144621719
478,PT03M37.00S,2021-05-16 18:44:46.900000+00:00,3,REGULAR,freethrow,1 of 2,,203469,,,1610612766,69,79,2021-05-16T18:44:46Z,4610000,,,0,,C. Zeller Free Throw 1 of 2 (6 PTS),203469,1610612766.0,CHA,,,,,,,,,Zeller,C. Zeller,,,,,Made,6.0,,,,,,,,,,,,,,22001080,,5642.1,8301.6,217.0,10,720,1943.0,0,0,0,0,0,0,0,0,1,30,6,23,0,29,3.0,0,0,0,0,0,0,0,0,410,12.660833762223366,2.9038085434894496
479,PT03M37.00S,2021-05-16 18:44:47.700000+00:00,3,REGULAR,substitution,out,,1630163,,,1610612766,69,79,2021-05-16T18:44:59Z,4620000,,,0,,SUB out: L. Ball,1630163,1610612766.0,CHA,,,,,,,,,Ball,L. Ball,,,,,,,,,,,,,,,,,,,,22001080,,5642.9,8301.6,217.0,10,720,1943.0,0,0,0,0,0,0,0,0,0,30,6,23,0,29,3.0,0,0,0,0,0,0,0,0,411,12.691713844570252,2.904220277920741
480,PT03M37.00S,2021-05-16 18:44:47.700000+00:00,3,REGULAR,substitution,out,,1629023,,,1610612766,69,79,2021-05-16T18:44:59Z,4630000,,,0,,SUB out: P. Washington,1629023,1610612766.0,CHA,,,,,,,,,Washington,P. Washington,,,,,,,,,,,,,,,,,,,,22001080,,5642.9,8301.6,217.0,10,720,1943.0,0,0,0,0,0,0,0,0,0,30,6,23,0,29,3.0,0,0,0,0,0,0,0,0,412,12.722593926917138,2.904220277920741
481,PT03M37.00S,2021-05-16 18:44:47.700000+00:00,3,REGULAR,substitution,in,,1628970,,,1610612766,69,79,2021-05-16T18:44:59Z,4640000,,,0,,SUB in: M. Bridges,1628970,1610612766.0,CHA,,,,,,,,,Bridges,M. Bridges,,,,,,,,,,,,,,,,,,,,22001080,,5642.9,8301.6,217.0,10,720,1943.0,0,0,0,0,0,0,0,0,0,30,6,23,0,29,3.0,0,0,0,0,0,0,0,0,413,12.753474009264025,2.904220277920741
482,PT03M37.00S,2021-05-16 18:44:47.700000+00:00,3,REGULAR,substitution,in,,1629667,,,1610612766,69,79,2021-05-16T18:44:59Z,4650000,,,0,,SUB in: J. McDaniels,1629667,1610612766.0,CHA,,,,,,,,,McDaniels,J. McDaniels,,,,,,,,,,,,,,,,,,,,22001080,,5642.9,8301.6,217.0,10,720,1943.0,0,0,0,0,0,0,0,0,0,30,6,23,0,29,3.0,0,0,0,0,0,0,0,0,414,12.784354091610911,2.904220277920741
483,PT03M37.00S,2021-05-16 18:45:09+00:00,3,REGULAR,freethrow,2 of 2,,203469,,,1610612766,69,80,2021-05-16T18:45:09Z,4660000,,,0,,C. Zeller Free Throw 2 of 2 (7 PTS),203469,1610612766.0,CHA,,,,,,,,,Zeller,C. Zeller,,,,,Made,7.0,,,,,,,,,,,,,,22001080,,5664.2,8301.6,217.0,11,720,1943.0,0,0,0,0,0,0,0,0,1,30,6,23,0,30,3.0,0,0,0,0,0,0,0,0,415,12.815234173957798,2.915182707153886
484,PT03M24.00S,2021-05-16 18:45:23.200000+00:00,3,REGULAR,3pt,Jump Shot,,201566,69.0374507227332,72.4800857843137,1610612764,69,80,2021-05-16T18:45:29Z,4670000,112.0,239.0,1,right,MISS R. Westbrook 26' 3PT,201566,1610612764.0,WAS,,,,,,,,,Westbrook,R. Westbrook,,,,,Missed,,26.37,,,,,,,,,,,,,22001080,,5678.4,8301.6,204.0,11,720,1956.0,0,0,0,0,0,0,0,0,0,30,6,23,0,30,2.0,0,0,0,0,0,0,0,0,416,12.760736196319018,2.9030674846625764
485,PT03M19.00S,2021-05-16 18:45:28.200000+00:00,3,REGULAR,rebound,defensive,,1626179,,,1610612766,69,80,2021-05-16T18:45:29Z,4680000,,,0,,T. Rozier REBOUND (Off:1 Def:5),1626179,1610612766.0,CHA,,,,,,,,,Rozier,T. Rozier,,,,,,,,,,,484.0,6.0,5.0,1.0,,,,,,22001080,,5683.4,8301.6,199.0,11,720,1961.0,0,0,0,0,0,0,0,0,0,30,6,23,0,30,2.0,0,0,0,0,0,0,0,0,417,12.758796532381439,2.8982151963284037
486,PT03M11.00S,2021-05-16 18:45:37.100000+00:00,3,REGULAR,2pt,Jump Shot,pointsinthepaint,1626179,9.77332457293035,34.734987745098,1610612766,69,82,2021-05-16T18:45:43Z,4690000,76.0,39.0,1,left,T. Rozier 8' driving floating bank Jump Shot (16 PTS),1626179,1610612766.0,CHA,driving floating bank,,,,,,,,Rozier,T. Rozier,,,,,Made,16.0,8.59,,,,,,,,,,,,,22001080,,5692.3,8301.6,191.0,13,720,1969.0,0,0,0,0,0,0,0,0,0,30,6,23,0,30,2.0,0,0,0,0,0,0,0,0,418,12.737430167597765,2.890959878110716
487,PT02M49.00S,2021-05-16 18:45:57.500000+00:00,3,REGULAR,3pt,Jump Shot,,203078,72.5854139290407,18.0683210784314,1610612764,69,82,2021-05-16T18:46:02Z,4700000,-160.0,205.0,1,right,MISS B. Beal 26' 3PT,203078,1610612764.0,WAS,,,,,,,,,Beal,B. Beal,,,,,Missed,,26.0,,,,,,,,,,,,,22001080,,5712.7,8301.6,169.0,13,720,1991.0,0,0,0,0,0,0,0,0,0,30,6,23,0,30,2.0,0,0,0,0,0,0,0,0,419,12.626820693119036,2.86926167754897
488,PT02M46.00S,2021-05-16 18:46:00.500000+00:00,3,REGULAR,rebound,defensive,,1626179,,,1610612766,69,82,2021-05-16T18:46:02Z,4710000,,,0,,T. Rozier REBOUND (Off:1 Def:6),1626179,1610612766.0,CHA,,,,,,,,,Rozier,T. Rozier,,,,,,,,,,,487.0,7.0,6.0,1.0,,,,,,22001080,,5715.7,8301.6,166.0,13,720,1994.0,0,0,0,0,0,0,0,0,0,30,6,23,0,30,2.0,0,0,0,0,0,0,0,0,420,12.63791374122367,2.8664493480441324
489,PT02M41.00S,2021-05-16 18:46:06.300000+00:00,3,REGULAR,2pt,Layup,pointsinthepaint,1629667,7.0137976346912,56.3036151960784,1610612766,69,84,2021-05-16T18:46:34Z,4720000,-32.0,13.0,1,left,J. McDaniels Layup (13 PTS) (T. Rozier 8 AST),"1629667, 1626179",1610612766.0,CHA,,,,,,,,,McDaniels,J. McDaniels,,,,,Made,13.0,3.42,T. Rozier,1626179.0,8.0,,,,,,,,,,22001080,,5721.5,8301.6,161.0,15,720,1999.0,0,0,0,0,0,0,0,0,0,30,6,23,0,30,1.0,0,0,0,0,0,0,0,0,421,12.636318159079538,2.8621810905452727
491,PT02M41.00S,2021-05-16 18:46:18.200000+00:00,3,REGULAR,timeout,full,"team, mandatory",0,,,1610612764,69,84,2021-05-16T18:46:18Z,4740000,,,0,,WAS Timeout,,1610612764.0,WAS,,,,,,,,,,,,,,,,,,,,,,,,,,,,,,22001080,,5733.4,8301.6,161.0,15,720,1999.0,0,0,0,0,0,1,0,0,0,30,7,23,0,30,1.0,0,0,0,0,0,0,0,0,422,12.666333166583291,2.8681340670335165
492,PT02M41.00S,2021-05-16 18:46:22+00:00,3,REGULAR,substitution,out,,1628990,,,1610612764,69,84,2021-05-16T18:47:28Z,4750000,,,0,,SUB out: C. Hutchison,1628990,1610612764.0,WAS,,,,,,,,,Hutchison,C. Hutchison,,,,,,,,,,,,,,,,,,,,22001080,,5737.2,8301.6,161.0,15,720,1999.0,0,0,0,0,0,0,0,0,0,30,7,23,0,30,1.0,0,0,0,0,0,0,0,0,423,12.696348174087042,2.870035017508754
493,PT02M41.00S,2021-05-16 18:46:22+00:00,3,REGULAR,substitution,in,,1629726,,,1610612764,69,84,2021-05-16T18:47:28Z,4760000,,,0,,SUB in: G. Mathews,1629726,1610612764.0,WAS,,,,,,,,,Mathews,G. Mathews,,,,,,,,,,,,,,,,,,,,22001080,,5737.2,8301.6,161.0,15,720,1999.0,0,0,0,0,0,0,0,0,0,30,7,23,0,30,1.0,0,0,0,0,0,0,0,0,424,12.726363181590795,2.870035017508754
494,PT02M29.00S,2021-05-16 18:47:45.800000+00:00,3,REGULAR,2pt,DUNK,pointsinthepaint,201577,93.2161629434954,47.9702818627451,1610612764,71,84,2021-05-16T18:48:04Z,4770000,-10.0,11.0,1,right,R. Lopez driving DUNK (10 PTS) (R. Westbrook 7 AST),"201577, 201566",1610612764.0,WAS,driving,,,,,,,,Lopez,R. Lopez,,,,,Made,10.0,1.52,R. Westbrook,201566.0,7.0,,,,,,,,,,22001080,,5821.0,8301.6,149.0,13,720,2011.0,0,0,0,0,0,0,0,0,0,30,7,23,0,30,1.0,0,0,0,0,0,0,0,0,425,12.680258577821979,2.894579811039284
496,PT02M06.00S,2021-05-16 18:48:08.500000+00:00,3,REGULAR,3pt,Jump Shot,,1628970,27.6445466491459,83.7545955882353,1610612766,71,84,2021-05-16T18:48:13Z,4790000,-169.0,207.0,1,left,MISS M. Bridges 26' 3PT,1628970,1610612766.0,CHA,,,,,,,,,Bridges,M. Bridges,,,,,Missed,,26.74,,,,,,,,,,,,,22001080,,5843.7,8301.6,126.0,13,720,2034.0,0,0,0,0,0,0,0,0,0,30,7,23,0,30,1.0,0,0,0,0,0,0,0,0,426,12.56637168141593,2.873008849557522
497,PT02M03.00S,2021-05-16 18:48:11.500000+00:00,3,REGULAR,rebound,defensive,,201566,,,1610612764,71,84,2021-05-16T18:48:13Z,4800000,,,0,,R. Westbrook REBOUND (Off:2 Def:10),201566,1610612764.0,WAS,,,,,,,,,Westbrook,R. Westbrook,,,,,,,,,,,496.0,12.0,10.0,2.0,,,,,,22001080,,5846.7,8301.6,123.0,13,720,2037.0,0,0,0,0,0,0,0,0,0,30,7,23,0,30,1.0,0,0,0,0,0,0,0,0,427,12.577319587628866,2.8702503681885125
498,PT01M52.00S,2021-05-16 18:48:22.700000+00:00,3,REGULAR,3pt,Jump Shot,,201566,69.5630749014455,72.7251838235294,1610612764,74,84,2021-05-16T18:48:26Z,4810000,114.0,234.0,1,right,R. Westbrook 25' 3PT  (13 PTS) (B. Beal 4 AST),"201566, 203078",1610612764.0,WAS,,,,,,,,,Westbrook,R. Westbrook,,,,,Made,13.0,25.98,B. Beal,203078.0,4.0,,,,,,,,,,22001080,,5857.9,8301.6,112.0,10,720,2048.0,0,0,0,0,0,0,0,0,0,30,7,23,0,30,1.0,0,0,0,0,0,0,0,0,428,12.5390625,2.860302734375
500,PT01M25.00S,2021-05-16 18:48:49.400000+00:00,3,REGULAR,3pt,Jump Shot,,1628984,25.9362680683311,15.6173406862745,1610612766,74,87,2021-05-16T18:48:54Z,4830000,172.0,191.0,1,left,D. Graham 25' 3PT  (15 PTS) (J. McDaniels 2 AST),"1628984, 1629667",1610612766.0,CHA,,,,,,,,,Graham,D. Graham,,,,,Made,15.0,25.72,J. McDaniels,1629667.0,2.0,,,,,,,,,,22001080,,5884.6,8301.6,85.0,13,720,2075.0,0,0,0,0,0,0,0,0,0,30,7,23,0,30,0.0,0,0,0,0,0,0,0,0,429,12.404819277108432,2.835951807228916
502,PT01M07.00S,2021-05-16 18:49:07.700000+00:00,3,REGULAR,3pt,Jump Shot,,203078,74.8193166885677,12.4310661764706,1610612764,77,87,2021-05-16T18:49:13Z,4850000,-188.0,184.0,1,right,B. Beal 26' 3PT step back (12 PTS),203078,1610612764.0,WAS,step back,,,,,,,,Beal,B. Beal,,,,,Made,12.0,26.31,,,,,,,,,,,,,22001080,,5902.9,8301.6,67.0,10,720,2093.0,0,0,0,0,0,0,0,0,0,30,7,23,0,30,0.0,0,0,0,0,0,0,0,0,430,12.326803631151458,2.820305781175346
503,PT00M51.40S,2021-05-16 18:49:25.300000+00:00,3,REGULAR,2pt,Layup,pointsinthepaint,1626179,11.350197109067,58.0193014705882,1610612766,77,87,2021-05-16T18:49:29Z,4860000,-40.0,54.0,1,left,MISS T. Rozier 6' driving Layup,1626179,1610612766.0,CHA,driving,,,,,,,,Rozier,T. Rozier,,,,,Missed,,6.74,,,,,,,,,,,,,22001080,,5920.5,8301.6,51.4,10,720,2108.6,0,0,0,0,0,0,0,0,0,30,7,23,0,30,0.0,0,0,0,0,0,0,0,0,431,12.26406146258181,2.8077871573555915
504,PT00M49.10S,2021-05-16 18:49:27.600000+00:00,3,REGULAR,rebound,defensive,,203078,,,1610612764,77,87,2021-05-16T18:49:29Z,4870000,,,0,,B. Beal REBOUND (Off:0 Def:3),203078,1610612764.0,WAS,,,,,,,,,Beal,B. Beal,,,,,,,,,,,503.0,3.0,3.0,0.0,,,,,,22001080,,5922.8,8301.6,49.1,10,720,2110.9,0,0,0,0,0,0,0,0,0,30,7,23,0,30,0.0,0,0,0,0,0,0,0,0,432,12.279122649107016,2.805817423847648
505,PT00M37.40S,2021-05-16 18:49:39.200000+00:00,3,REGULAR,2pt,Layup,pointsinthepaint,203078,90.5880420499343,47.7251838235294,1610612764,77,87,2021-05-16T18:49:47Z,4880000,-11.0,36.0,1,right,MISS B. Beal Layup,203078,1610612764.0,WAS,,,,,,,,,Beal,B. Beal,,,,,Missed,,3.78,,,,,,,,,,,,,22001080,,5934.4,8301.6,37.4,10,720,2122.6,0,0,0,0,0,0,0,0,0,30,7,23,0,30,0.0,0,0,0,0,0,0,0,0,433,12.239706020917742,2.7958164515217185
506,PT00M34.50S,2021-05-16 18:49:42.100000+00:00,3,REGULAR,rebound,offensive,,201577,,,1610612764,77,87,2021-05-16T18:49:47Z,4890000,,,0,,R. Lopez REBOUND (Off:1 Def:0),201577,1610612764.0,WAS,,,,,,,,,Lopez,R. Lopez,,,,,,,,,,,505.0,1.0,0.0,1.0,,,,,,22001080,,5937.3,8301.6,34.5,10,720,2125.5,0,0,0,0,0,0,0,0,0,30,7,23,0,30,0.0,0,0,0,0,0,0,0,0,434,12.251235003528583,2.793366266760762
507,PT00M31.20S,2021-05-16 18:49:46.100000+00:00,3,REGULAR,2pt,Layup,"pointsinthepaint, 2ndchance",201566,93.7417871222076,48.4604779411765,1610612764,79,87,2021-05-16T18:49:50Z,4900000,-8.0,6.0,1,right,R. Westbrook driving Layup (15 PTS) (I. Smith 6 AST),"201566, 202397",1610612764.0,WAS,driving,,,,,,,,Westbrook,R. Westbrook,,,,,Made,15.0,0.99,I. Smith,202397.0,6.0,,,,,,,,,,22001080,,5941.3,8301.6,31.2,8,720,2128.8,0,0,0,0,0,0,0,0,0,30,7,23,0,30,0.0,0,0,0,0,0,0,0,0,435,12.26042841037204,2.7909150695227356
508,PT00M07.00S,2021-05-16 18:50:12.900000+00:00,3,REGULAR,3pt,Jump Shot,,1626179,26.8561103810775,19.0487132352941,1610612766,79,90,2021-05-16T18:50:20Z,4910000,155.0,200.0,1,left,T. Rozier 25' 3PT pullup (19 PTS) (D. Graham 1 AST),"1626179, 1628984",1610612766.0,CHA,pullup,,,,,,,,Rozier,T. Rozier,,,,,Made,19.0,25.28,D. Graham,1628984.0,1.0,,,,,,,,,,22001080,,5968.1,8301.6,7.0,11,720,2153.0,0,0,0,0,0,0,0,0,0,30,7,23,0,30,0.0,0,0,0,0,0,0,0,0,436,12.150487691593126,2.771992568509057
560,PT00M00.70S,2021-05-16 18:50:37.700000+00:00,3,REGULAR,timeout,challenge,team,0,,,1610612764,79,90,2021-05-16T19:01:23Z,4922500,,,0,,CHA Timeout,,1610612766.0,CHA,,,,,,,,,,,,,,,,,,,,,,,,,,,,,,22001080,,5992.9,8301.6,0.7,11,720,2159.3,0,0,0,0,0,1,0,0,0,30,8,23,0,30,0.0,0,0,0,0,0,0,0,0,437,12.142824063353864,2.7753901727411656
512,PT00M00.70S,2021-05-16 18:51:02.500000+00:00,3,REGULAR,instantreplay,challenge,,0,,,1610612764,79,90,2021-05-16T19:01:35Z,4925000,,,0,,,,1610612766.0,CHA,overturned,,,,,,2714.0,,,,,,,,,,,,,,,,,,,,,,,22001080,Corrected to Offensive Foul on R. Lopez,6017.7,8301.6,0.7,11,720,2159.3,0,0,0,0,0,0,0,0,0,30,8,23,0,30,0.0,0,0,0,0,0,0,0,0,438,12.170610846107534,2.7868753762793497
510,PT00M00.70S,2021-05-16 18:51:26.300000+00:00,3,REGULAR,foul,offensive,"inpenalty, 2freethrow",201577,,,1610612764,79,90,2021-05-16T19:02:35Z,4930000,,,0,,R. Lopez offensive FOUL (2 PF) (Zeller 2 FT),"201577, 203469",1610612764.0,WAS,,,,,,,1188.0,,Lopez,R. Lopez,2.0,0.0,Zeller,203469.0,,,,,,,,,,,,,,,,22001080,,6041.5,8301.6,0.7,11,720,2159.3,0,0,0,0,1,0,0,0,0,31,8,23,0,30,1.0,0,0,0,0,0,0,0,0,439,12.198397628861203,2.7978974667716385
515,PT00M00.70S,2021-05-16 18:51:26.300000+00:00,3,REGULAR,turnover,offensive foul,,201577,,,1610612764,79,90,2021-05-16T19:02:35Z,4942500,,,0,,R. Lopez offensive foul TURNOVER (2 TO),201577,1610612764.0,WAS,,,,,,,1188.0,2.0,Lopez,R. Lopez,,,,,,,,,,,,,,,,,,,,22001080,,6041.5,8301.6,0.7,11,720,2159.3,0,0,0,0,1,0,1,0,0,32,8,24,0,30,2.0,0,0,0,0,0,0,0,0,440,12.226184411614874,2.7978974667716385
517,PT00M00.60S,2021-05-16 18:53:52.900000+00:00,3,REGULAR,3pt,Jump Shot,fromturnover,1628970,59.050591327201,82.0389093137255,1610612766,79,90,2021-05-16T19:01:48Z,4946250,-160.0,503.0,1,left,MISS M. Bridges 52' running 3PT,1628970,1610612766.0,CHA,running,,,,,,,,Bridges,M. Bridges,,,,,Missed,,52.75,,,,,,,,,,,,,22001080,,6188.1,8301.6,0.6,11,720,2159.4,0,0,0,0,0,0,0,0,0,32,8,24,0,30,2.0,0,0,0,0,0,0,0,0,441,12.25340372325646,2.8656571269797166
518,PT00M00.60S,2021-05-16 18:53:52.900000+00:00,3,REGULAR,rebound,offensive,team,0,,,1610612766,79,90,2021-05-16T19:01:48Z,4948125,,,0,,TEAM offensive REBOUND,,1610612766.0,CHA,,,,,,,,,,,,,,,,,,,,,517.0,,,,,,,,,22001080,,6188.1,8301.6,0.6,11,720,2159.4,0,0,0,0,0,0,0,0,0,32,8,24,0,30,2.0,0,0,0,0,0,0,0,0,442,12.281189219227562,2.8656571269797166
519,PT00M00.00S,2021-05-16 18:54:25.500000+00:00,3,REGULAR,period,end,,0,,,1610612766,79,90,2021-05-16T18:54:25Z,4990000,,,0,,Period End,,,,,,,,,,,,,,,,,,,,,,,,,,,,,,,,,22001080,,6220.7,8301.6,0.0,11,720,2160.0,0,0,0,0,0,0,0,0,0,32,8,24,0,30,2.0,0,0,0,0,0,0,0,0,443,12.305555555555555,2.8799537037037037
520,PT12M00.00S,2021-05-16 18:54:38.300000+00:00,4,REGULAR,substitution,out,startperiod,1626179,,,1610612766,79,90,2021-05-16T18:56:08Z,5000000,,,0,,SUB out: T. Rozier,1626179,1610612766.0,CHA,,,,,,,,,Rozier,T. Rozier,,,,,,,,,,,,,,,,,,,,22001080,,6233.5,8301.6,720.0,11,720,2160.0,0,0,0,0,0,0,0,0,0,32,8,24,0,30,2.0,0,0,0,0,0,0,0,0,444,12.333333333333334,2.88587962962963
521,PT12M00.00S,2021-05-16 18:54:38.300000+00:00,4,REGULAR,substitution,out,startperiod,203469,,,1610612766,79,90,2021-05-16T18:56:08Z,5010000,,,0,,SUB out: C. Zeller,203469,1610612766.0,CHA,,,,,,,,,Zeller,C. Zeller,,,,,,,,,,,,,,,,,,,,22001080,,6233.5,8301.6,720.0,11,720,2160.0,0,0,0,0,0,0,0,0,0,32,8,24,0,30,2.0,0,0,0,0,0,0,0,0,445,12.36111111111111,2.88587962962963
522,PT12M00.00S,2021-05-16 18:54:38.300000+00:00,4,REGULAR,substitution,in,startperiod,1629023,,,1610612766,79,90,2021-05-16T18:56:08Z,5020000,,,0,,SUB in: P. Washington,1629023,1610612766.0,CHA,,,,,,,,,Washington,P. Washington,,,,,,,,,,,,,,,,,,,,22001080,,6233.5,8301.6,720.0,11,720,2160.0,0,0,0,0,0,0,0,0,0,32,8,24,0,30,2.0,0,0,0,0,0,0,0,0,446,12.38888888888889,2.88587962962963
523,PT12M00.00S,2021-05-16 18:54:38.300000+00:00,4,REGULAR,substitution,in,startperiod,1630163,,,1610612766,79,90,2021-05-16T18:56:08Z,5030000,,,0,,SUB in: L. Ball,1630163,1610612766.0,CHA,,,,,,,,,Ball,L. Ball,,,,,,,,,,,,,,,,,,,,22001080,,6233.5,8301.6,720.0,11,720,2160.0,0,0,0,0,0,0,0,0,0,32,8,24,0,30,2.0,0,0,0,0,0,0,0,0,447,12.416666666666666,2.88587962962963
524,PT12M00.00S,2021-05-16 18:56:28.500000+00:00,4,REGULAR,period,start,,0,,,1610612764,79,90,2021-05-16T18:56:28Z,5040000,,,0,,Period Start,,,,,,,,,,,,,,,,,,,,,,,,,,,,,,,,,22001080,,6343.7,8301.6,720.0,11,720,2160.0,0,0,0,0,0,0,0,0,0,32,8,24,0,30,2.0,0,0,0,0,0,0,0,0,448,12.444444444444445,2.936898148148148
525,PT11M48.00S,2021-05-16 18:56:39.900000+00:00,4,REGULAR,3pt,Jump Shot,,203078,71.9283837056505,14.8820465686274,1610612764,79,90,2021-05-16T18:56:45Z,5050000,-176.0,211.0,1,right,MISS B. Beal 27' step back 3PT,203078,1610612764.0,WAS,step back,,,,,,,,Beal,B. Beal,,,,,Missed,,27.48,,,,,,,,,,,,,22001080,,6355.1,8301.6,708.0,11,720,2172.0,0,0,0,0,0,0,0,0,0,32,8,24,0,30,2.0,0,0,0,0,0,0,0,0,449,12.403314917127071,2.925920810313076
526,PT11M44.00S,2021-05-16 18:56:43.900000+00:00,4,REGULAR,rebound,offensive,,201577,,,1610612764,79,90,2021-05-16T18:56:45Z,5060000,,,0,,R. Lopez REBOUND (Off:2 Def:0),201577,1610612764.0,WAS,,,,,,,,,Lopez,R. Lopez,,,,,,,,,,,525.0,2.0,0.0,2.0,,,,,,22001080,,6359.1,8301.6,704.0,11,720,2176.0,0,0,0,0,0,0,0,0,0,32,8,24,0,30,2.0,0,0,0,0,0,0,0,0,450,12.408088235294118,2.9223805147058823
527,PT11M43.00S,2021-05-16 18:56:43.900000+00:00,4,REGULAR,2pt,Layup,"pointsinthepaint, 2ndchance",201577,93.3475689881734,48.4604779411765,1610612764,81,90,2021-05-16T18:56:49Z,5070000,-8.0,10.0,1,right,R. Lopez tip Layup (12 PTS),201577,1610612764.0,WAS,tip,,,,,,,,Lopez,R. Lopez,,,,,Made,12.0,1.26,,,,,,,,,,,,,22001080,,6359.1,8301.6,703.0,9,720,2177.0,0,0,0,0,0,0,0,0,0,32,8,24,0,30,2.0,0,0,0,0,0,0,0,0,451,12.429949471750115,2.921038125861277
528,PT11M34.00S,2021-05-16 18:56:56.300000+00:00,4,REGULAR,turnover,traveling,,1629023,,,1610612766,81,90,2021-05-16T18:57:00Z,5080000,,,0,,P. Washington traveling TURNOVER (2 TO),1629023,1610612766.0,CHA,,,,,,,1188.0,2.0,Washington,P. Washington,,,,,,,,,,,,,,,,,,,,22001080,,6371.5,8301.6,694.0,9,720,2186.0,0,0,0,0,0,0,1,0,0,32,8,25,0,30,2.0,0,0,0,0,0,0,0,0,452,12.40622140896615,2.914684354986276
529,PT11M28.00S,2021-05-16 18:57:16.500000+00:00,4,REGULAR,stoppage,out-of-bounds,,0,,,1610612764,81,90,2021-05-16T18:57:16Z,5090000,,,0,,,,,,,,,,,,,,,,,,,,,,,,,,,,,,,,,,,22001080,,6391.7,8301.6,688.0,9,720,2192.0,0,0,0,0,0,0,0,0,0,32,8,25,0,30,2.0,0,0,0,0,0,0,0,0,453,12.39963503649635,2.915921532846715
530,PT11M20.00S,2021-05-16 18:57:37.400000+00:00,4,REGULAR,foul,personal,,1628970,,,1610612764,81,90,2021-05-16T18:58:58Z,5100000,,,0,,M. Bridges personal FOUL (2 PF),"1628970, 201577",1610612766.0,CHA,,,,,,,1188.0,,Bridges,M. Bridges,2.0,0.0,Lopez,201577.0,,,,,,,,,,,,,,,,22001080,,6412.6,8301.6,680.0,9,720,2200.0,0,0,0,0,1,0,0,0,0,33,8,25,0,30,3.0,0,0,0,0,0,0,0,0,454,12.381818181818183,2.914818181818182
532,PT11M06.00S,2021-05-16 18:58:04.300000+00:00,4,REGULAR,2pt,Jump Shot,"pointsinthepaint, fromturnover",203078,88.7483574244415,45.0291053921569,1610612764,81,90,2021-05-16T18:58:09Z,5120000,-25.0,53.0,1,right,MISS B. Beal driving floating Shot,203078,1610612764.0,WAS,driving floating,,,,,,,,Beal,B. Beal,,,,,Missed,,5.88,,,,,,,,,,,,,22001080,,6439.5,8301.6,666.0,9,720,2214.0,0,0,0,0,0,0,0,0,0,33,8,25,0,30,3.0,0,0,0,0,0,0,0,0,455,12.330623306233063,2.908536585365854
533,PT11M03.00S,2021-05-16 18:58:07.300000+00:00,4,REGULAR,rebound,offensive,,201577,,,1610612764,81,90,2021-05-16T18:58:09Z,5130000,,,0,,R. Lopez REBOUND (Off:3 Def:0),201577,1610612764.0,WAS,,,,,,,,,Lopez,R. Lopez,,,,,,,,,,,532.0,3.0,0.0,3.0,,,,,,22001080,,6442.5,8301.6,663.0,9,720,2217.0,0,0,0,0,0,0,0,0,0,33,8,25,0,30,3.0,0,0,0,0,0,0,0,0,456,12.341001353179973,2.9059539918809203
534,PT11M03.00S,2021-05-16 18:58:07.300000+00:00,4,REGULAR,2pt,Layup,"pointsinthepaint, fromturnover, 2ndchance",201577,92.0335085413929,48.4604779411765,1610612764,83,90,2021-05-16T18:58:13Z,5140000,-8.0,22.0,1,right,R. Lopez putback Layup (14 PTS),201577,1610612764.0,WAS,putback,,,,,,,,Lopez,R. Lopez,,,,,Made,14.0,2.37,,,,,,,,,,,,,22001080,,6442.5,8301.6,663.0,7,720,2217.0,0,0,0,0,0,0,0,0,0,33,8,25,0,30,3.0,0,0,0,0,0,0,0,0,457,12.3680649526387,2.9059539918809203
535,PT10M50.00S,2021-05-16 18:58:20.500000+00:00,4,REGULAR,2pt,Jump Shot,pointsinthepaint,1628970,7.67082785808148,38.4114583333333,1610612766,83,92,2021-05-16T18:58:24Z,5150000,58.0,20.0,1,left,M. Bridges 6' driving floating Jump Shot (14 PTS) (L. Ball 4 AST),"1628970, 1630163",1610612766.0,CHA,driving floating,,,,,,,,Bridges,M. Bridges,,,,,Made,14.0,6.11,L. Ball,1630163.0,4.0,,,,,,,,,,22001080,,6455.7,8301.6,650.0,9,720,2230.0,0,0,0,0,0,0,0,0,0,33,8,25,0,30,3.0,0,0,0,0,0,0,0,0,458,12.322869955156952,2.894932735426009
536,PT10M43.00S,2021-05-16 18:58:28.400000+00:00,4,REGULAR,3pt,Jump Shot,,202397,75.476346911958,90.6173406862745,1610612764,83,92,2021-05-16T19:04:05Z,5160000,203.0,178.0,1,right,MISS I. Smith 27' 3PT,202397,1610612764.0,WAS,,,,,,,,,Smith,I. Smith,,,,,Missed,,27.01,,,,,,,,,,,,,22001080,,6463.6,8301.6,643.0,9,720,2237.0,0,0,0,0,0,0,0,0,0,33,8,25,0,30,2.0,0,0,0,0,0,0,0,0,459,12.31113097898972,2.8894054537326777
537,PT10M42.00S,2021-05-16 18:58:29.400000+00:00,4,REGULAR,rebound,offensive,,201566,,,1610612764,83,92,2021-05-16T19:04:05Z,5170000,,,0,,R. Westbrook REBOUND (Off:3 Def:10),201566,1610612764.0,WAS,,,,,,,,,Westbrook,R. Westbrook,,,,,,,,,,,536.0,13.0,10.0,3.0,,,,,,22001080,,6464.6,8301.6,642.0,9,720,2238.0,0,0,0,0,0,0,0,0,0,33,8,25,0,30,1.0,0,0,0,0,0,0,0,0,460,12.332439678284183,2.888561215370867
538,PT10M40.00S,2021-05-16 18:58:32.900000+00:00,4,REGULAR,foul,personal,2freethrow,1629667,,,1610612764,83,92,2021-05-16T18:58:42Z,5180000,,,0,,J. McDaniels shooting personal FOUL (2 PF) (Westbrook 2 FT),"1629667, 201566",1610612766.0,CHA,shooting,,,,,,1155.0,,McDaniels,J. McDaniels,2.0,0.0,Westbrook,201566.0,,,,,,,,,,,,,,,,22001080,,6468.1,8301.6,640.0,9,720,2240.0,0,0,0,0,1,0,0,0,0,34,8,25,0,30,2.0,0,0,0,0,0,0,0,0,461,12.348214285714285,2.887544642857143
540,PT10M40.00S,2021-05-16 18:58:59.300000+00:00,4,REGULAR,freethrow,1 of 2,2ndchance,201566,,,1610612764,84,92,2021-05-16T18:58:59Z,5200000,,,0,,R. Westbrook Free Throw 1 of 2 (16 PTS),201566,1610612764.0,WAS,,,,,,,,,Westbrook,R. Westbrook,,,,,Made,16.0,,,,,,,,,,,,,,22001080,,6494.5,8301.6,640.0,8,720,2240.0,0,0,0,0,0,0,0,0,1,34,8,25,0,31,2.0,0,0,0,0,0,0,0,0,462,12.375,2.899330357142857
541,PT10M40.00S,2021-05-16 18:59:00.100000+00:00,4,REGULAR,substitution,out,,1629667,,,1610612764,84,92,2021-05-16T18:59:04Z,5210000,,,0,,SUB out: J. McDaniels,1629667,1610612766.0,CHA,,,,,,,,,McDaniels,J. McDaniels,,,,,,,,,,,,,,,,,,,,22001080,,6495.3,8301.6,640.0,8,720,2240.0,0,0,0,0,0,0,0,0,0,34,8,25,0,31,2.0,0,0,0,0,0,0,0,0,463,12.401785714285714,2.8996875
542,PT10M40.00S,2021-05-16 18:59:00.100000+00:00,4,REGULAR,substitution,in,,203469,,,1610612764,84,92,2021-05-16T18:59:04Z,5220000,,,0,,SUB in: C. Zeller,203469,1610612766.0,CHA,,,,,,,,,Zeller,C. Zeller,,,,,,,,,,,,,,,,,,,,22001080,,6495.3,8301.6,640.0,8,720,2240.0,0,0,0,0,0,0,0,0,0,34,8,25,0,31,2.0,0,0,0,0,0,0,0,0,464,12.428571428571427,2.8996875
543,PT10M40.00S,2021-05-16 18:59:16.200000+00:00,4,REGULAR,freethrow,2 of 2,2ndchance,201566,,,1610612764,85,92,2021-05-16T18:59:16Z,5230000,,,0,,R. Westbrook Free Throw 2 of 2 (17 PTS),201566,1610612764.0,WAS,,,,,,,,,Westbrook,R. Westbrook,,,,,Made,17.0,,,,,,,,,,,,,,22001080,,6511.4,8301.6,640.0,7,720,2240.0,0,0,0,0,0,0,0,0,1,34,8,25,0,32,2.0,0,0,0,0,0,0,0,0,465,12.455357142857142,2.906875
544,PT10M25.00S,2021-05-16 18:59:32.300000+00:00,4,REGULAR,2pt,Layup,pointsinthepaint,203469,13.1898817345598,44.7840073529412,1610612766,85,92,2021-05-16T18:59:38Z,5240000,26.0,71.0,1,left,MISS C. Zeller 7' driving Layup - blocked,"203469, 202397",1610612766.0,CHA,driving,,,,,,,,Zeller,C. Zeller,,,,,Missed,,7.61,,,,,,,,Smith,202397.0,,,,22001080,,6527.5,8301.6,625.0,7,720,2255.0,0,0,0,0,0,0,0,0,0,34,8,25,0,32,2.0,0,0,0,0,0,0,0,0,466,12.39911308203991,2.8946784922394677
545,PT10M25.00S,2021-05-16 18:59:32.300000+00:00,4,REGULAR,block,,,202397,,,1610612766,85,92,2021-05-16T18:59:35Z,5250000,,,0,,I. Smith BLOCK (1 BLK),202397,1610612764.0,WAS,,,,,,,,,Smith,I. Smith,,,,,,,,,,,,,,,,,,,,22001080,,6527.5,8301.6,625.0,7,720,2255.0,0,0,0,0,0,0,0,0,0,34,8,25,0,32,2.0,0,0,0,0,0,0,0,0,467,12.425720620842572,2.8946784922394677
546,PT10M21.00S,2021-05-16 18:59:36.300000+00:00,4,REGULAR,rebound,defensive,,202397,,,1610612764,85,92,2021-05-16T19:07:24Z,5260000,,,0,,I. Smith REBOUND (Off:1 Def:4),202397,1610612764.0,WAS,,,,,,,,,Smith,I. Smith,,,,,,,,,,,544.0,5.0,4.0,1.0,,,,,,22001080,,6531.5,8301.6,621.0,7,720,2259.0,0,0,0,0,0,0,0,0,0,34,8,25,0,32,2.0,0,0,0,0,0,0,0,0,468,12.430278884462151,2.8913235945108453
547,PT10M12.00S,2021-05-16 18:59:45.800000+00:00,4,REGULAR,3pt,Jump Shot,,203078,69.9572930354796,25.1761642156863,1610612764,88,92,2021-05-16T18:59:51Z,5270000,-124.0,230.0,1,right,B. Beal 26' 3PT  (15 PTS) (R. Westbrook 8 AST),"203078, 201566",1610612764.0,WAS,,,,,,,,,Beal,B. Beal,,,,,Made,15.0,26.13,R. Westbrook,201566.0,8.0,,,,,,,,,,22001080,,6541.0,8301.6,612.0,4,720,2268.0,0,0,0,1,0,0,0,0,0,34,8,25,0,32,2.0,0,0,0,0,0,0,0,0,469,12.407407407407408,2.8840388007054676
549,PT09M57.00S,2021-05-16 19:00:00.500000+00:00,4,REGULAR,2pt,Layup,pointsinthepaint,1630163,11.350197109067,37.1859681372549,1610612766,88,92,2021-05-16T19:00:07Z,5290000,64.0,54.0,1,left,MISS L. Ball 8' driving Layup - blocked,"1630163, 1629726",1610612766.0,CHA,driving,,,,,,,,Ball,L. Ball,,,,,Missed,,8.39,,,,,,,,Mathews,1629726.0,,,,22001080,,6555.7,8301.6,597.0,4,720,2283.0,0,0,0,1,0,0,0,0,0,34,8,25,0,32,2.0,0,0,0,0,0,0,0,0,470,12.35216819973719,2.8715286903197548
550,PT09M57.00S,2021-05-16 19:00:00.500000+00:00,4,REGULAR,block,,,1629726,,,1610612766,88,92,2021-05-16T19:00:03Z,5300000,,,0,,G. Mathews BLOCK (1 BLK),1629726,1610612764.0,WAS,,,,,,,,,Mathews,G. Mathews,,,,,,,,,,,,,,,,,,,,22001080,,6555.7,8301.6,597.0,4,720,2283.0,0,0,0,1,0,0,0,0,0,34,8,25,0,32,2.0,0,0,0,0,0,0,0,0,471,12.3784494086728,2.8715286903197548
551,PT09M57.00S,2021-05-16 19:00:00.500000+00:00,4,REGULAR,rebound,offensive,team,0,,,1610612766,88,92,2021-05-16T19:00:07Z,5310000,,,0,,TEAM offensive REBOUND,,1610612766.0,CHA,,,,,,,,,,,,,,,,,,,,,549.0,,,,,,,,,22001080,,6555.7,8301.6,597.0,4,720,2283.0,0,0,0,1,0,0,0,0,0,34,8,25,0,32,2.0,0,0,0,0,0,0,0,0,472,12.404730617608411,2.8715286903197548
552,PT09M57.00S,2021-05-16 19:00:05.900000+00:00,4,REGULAR,stoppage,out-of-bounds,,0,,,1610612766,88,92,2021-05-16T19:00:06Z,5320000,,,0,,,,,,,,,,,,,,,,,,,,,,,,,,,,,,,,,,,22001080,,6561.1,8301.6,597.0,4,720,2283.0,0,0,0,1,0,0,0,0,0,34,8,25,0,32,2.0,0,0,0,0,0,0,0,0,473,12.431011826544022,2.87389399912396
553,PT09M51.00S,2021-05-16 19:00:23.200000+00:00,4,REGULAR,2pt,Layup,"pointsinthepaint, 2ndchance",1628970,15.2923784494087,37.6761642156863,1610612766,88,92,2021-05-16T19:00:27Z,5330000,62.0,91.0,1,left,MISS M. Bridges 11' driving Layup,1628970,1610612766.0,CHA,driving,,,,,,,,Bridges,M. Bridges,,,,,Missed,,11.01,,,,,,,,,,,,,22001080,,6578.4,8301.6,591.0,4,720,2289.0,0,0,0,1,0,0,0,0,0,34,8,25,0,32,1.0,0,0,0,0,0,0,0,0,474,12.424639580602884,2.87391874180865
554,PT09M50.00S,2021-05-16 19:00:24.200000+00:00,4,REGULAR,rebound,defensive,,201577,,,1610612764,88,92,2021-05-16T19:00:27Z,5340000,,,0,,R. Lopez REBOUND (Off:3 Def:1),201577,1610612764.0,WAS,,,,,,,,,Lopez,R. Lopez,,,,,,,,,,,553.0,4.0,1.0,3.0,,,,,,22001080,,6579.4,8301.6,590.0,4,720,2290.0,0,0,0,1,0,0,0,0,0,34,8,25,0,32,1.0,0,0,0,0,0,0,0,0,475,12.445414847161572,2.8731004366812227
555,PT09M46.00S,2021-05-16 19:00:28.400000+00:00,4,REGULAR,3pt,Jump Shot,fastbreak,201566,69.9572930354796,21.7447916666667,1610612764,88,92,2021-05-16T19:08:13Z,5350000,-141.0,230.0,1,right,MISS R. Westbrook 26' 3PT,201566,1610612764.0,WAS,,,,,,,,,Westbrook,R. Westbrook,,,,,Missed,,26.99,,,,,,,,,,,,,22001080,,6583.6,8301.6,586.0,4,720,2294.0,0,0,0,1,0,0,0,0,0,34,8,25,0,32,1.0,0,0,0,0,0,0,0,0,476,12.449869224062772,2.8699215344376636
556,PT09M44.00S,2021-05-16 19:00:30.400000+00:00,4,REGULAR,rebound,defensive,team,0,,,1610612766,88,92,2021-05-16T19:00:41Z,5360000,,,0,,TEAM defensive REBOUND,,1610612766.0,CHA,,,,,,,,,,,,,,,,,,,,,555.0,,,,,,,,,22001080,,6585.6,8301.6,584.0,4,720,2296.0,0,0,0,1,0,0,0,0,0,34,8,25,0,32,1.0,0,0,0,0,0,0,0,0,477,12.465156794425088,2.8682926829268296
557,PT09M44.00S,2021-05-16 19:00:34.600000+00:00,4,REGULAR,stoppage,out-of-bounds,,0,,,1610612766,88,92,2021-05-16T19:00:34Z,5370000,,,0,,,,,,,,,,,,,,,,,,,,,,,,,,,,,,,,,,,22001080,,6589.8,8301.6,584.0,4,720,2296.0,0,0,0,1,0,0,0,0,0,34,8,25,0,32,1.0,0,0,0,0,0,0,0,0,478,12.491289198606273,2.870121951219512
558,PT09M22.00S,2021-05-16 19:01:18.600000+00:00,4,REGULAR,3pt,Jump Shot,,1628970,25.1478318002628,10.4702818627451,1610612766,88,92,2021-05-16T19:01:22Z,5380000,198.0,184.0,1,left,MISS M. Bridges 26' 3PT,1628970,1610612766.0,CHA,,,,,,,,,Bridges,M. Bridges,,,,,Missed,,26.99,,,,,,,,,,,,,22001080,,6633.8,8301.6,562.0,4,720,2318.0,0,0,0,1,0,0,0,0,0,34,8,25,0,32,1.0,0,0,0,0,0,0,0,0,479,12.398619499568595,2.8618636755823985
559,PT09M19.00S,2021-05-16 19:01:21.600000+00:00,4,REGULAR,rebound,defensive,,201577,,,1610612764,88,92,2021-05-16T19:01:22Z,5390000,,,0,,R. Lopez REBOUND (Off:3 Def:2),201577,1610612764.0,WAS,,,,,,,,,Lopez,R. Lopez,,,,,,,,,,,558.0,5.0,2.0,3.0,,,,,,22001080,,6636.8,8301.6,559.0,4,720,2321.0,0,0,0,1,0,0,0,0,0,34,8,25,0,32,1.0,0,0,0,0,0,0,0,0,480,12.408444635932788,2.859457130547178
561,PT09M16.00S,2021-05-16 19:01:27.600000+00:00,4,REGULAR,foul,personal,2freethrow,1629023,,,1610612764,88,92,2021-05-16T19:01:41Z,5400000,,,0,,P. Washington shooting personal FOUL (3 PF) (Westbrook 2 FT),"1629023, 201566",1610612766.0,CHA,shooting,,,,,,1188.0,,Washington,P. Washington,3.0,0.0,Westbrook,201566.0,,,,,,,,,,,,,,,,22001080,,6642.8,8301.6,556.0,4,720,2324.0,0,0,0,1,1,0,0,0,0,35,8,25,0,32,1.0,0,0,0,0,0,0,0,0,481,12.418244406196212,2.8583476764199656
563,PT09M16.00S,2021-05-16 19:01:55.400000+00:00,4,REGULAR,freethrow,1 of 2,,201566,,,1610612764,89,92,2021-05-16T19:02:16Z,5420000,,,0,,R. Westbrook Free Throw 1 of 2 (18 PTS),201566,1610612764.0,WAS,,,,,,,,,Westbrook,R. Westbrook,,,,,Made,18.0,,,,,,,,,,,,,,22001080,,6670.6,8301.6,556.0,3,720,2324.0,0,0,0,1,0,0,0,0,1,35,8,25,0,33,1.0,0,0,0,0,0,0,0,0,482,12.444061962134251,2.8703098106712566
566,PT09M16.00S,2021-05-16 19:01:55.400000+00:00,4,REGULAR,freethrow,2 of 2,,201566,,,1610612764,89,92,2021-05-16T19:02:16Z,5450000,,,0,,MISS R. Westbrook Free Throw 2 of 2,201566,1610612764.0,WAS,,,,,,,,,Westbrook,R. Westbrook,,,,,Missed,,,,,,,,,,,,,,,22001080,,6670.6,8301.6,556.0,3,720,2324.0,0,0,0,1,0,0,0,0,1,35,8,25,0,34,1.0,0,0,0,0,0,0,0,0,483,12.46987951807229,2.8703098106712566
564,PT09M16.00S,2021-05-16 19:01:56.400000+00:00,4,REGULAR,substitution,out,,1628984,,,1610612764,89,92,2021-05-16T19:02:01Z,5430000,,,0,,SUB out: D. Graham,1628984,1610612766.0,CHA,,,,,,,,,Graham,D. Graham,,,,,,,,,,,,,,,,,,,,22001080,,6671.6,8301.6,556.0,3,720,2324.0,0,0,0,1,0,0,0,0,0,35,8,25,0,34,1.0,0,0,0,0,0,0,0,0,484,12.495697074010327,2.870740103270224
565,PT09M16.00S,2021-05-16 19:01:56.400000+00:00,4,REGULAR,substitution,in,,1626179,,,1610612764,89,92,2021-05-16T19:02:01Z,5440000,,,0,,SUB in: T. Rozier,1626179,1610612766.0,CHA,,,,,,,,,Rozier,T. Rozier,,,,,,,,,,,,,,,,,,,,22001080,,6671.6,8301.6,556.0,3,720,2324.0,0,0,0,1,0,0,0,0,0,35,8,25,0,34,1.0,0,0,0,0,0,0,0,0,485,12.521514629948365,2.870740103270224
567,PT09M11.00S,2021-05-16 19:02:00.400000+00:00,4,REGULAR,rebound,defensive,,1629023,,,1610612766,89,92,2021-05-16T19:02:16Z,5460000,,,0,,P. Washington REBOUND (Off:1 Def:8),1629023,1610612766.0,CHA,,,,,,,,,Washington,P. Washington,,,,,,,,,,,566.0,9.0,8.0,1.0,,,,,,22001080,,6675.6,8301.6,551.0,3,720,2329.0,0,0,0,1,0,0,0,0,0,35,8,25,0,34,1.0,0,0,0,0,0,0,0,0,486,12.520395019321596,2.8662945470158867
568,PT08M52.00S,2021-05-16 19:02:34.800000+00:00,4,REGULAR,3pt,Jump Shot,,1629023,9.77332457293035,4.34283088235294,1610612766,89,92,2021-05-16T19:02:39Z,5470000,228.0,39.0,1,left,MISS P. Washington 3PT,1629023,1610612766.0,CHA,,,,,,,,,Washington,P. Washington,,,,,Missed,,23.17,,,,,,,,,,,,,22001080,,6710.0,8301.6,532.0,3,720,2348.0,0,0,0,1,0,0,0,0,0,35,8,25,0,34,1.0,0,0,0,0,0,0,0,0,487,12.444633730834752,2.8577512776831346
569,PT08M49.00S,2021-05-16 19:02:37.800000+00:00,4,REGULAR,rebound,defensive,,1629726,,,1610612764,89,92,2021-05-16T19:02:39Z,5480000,,,0,,G. Mathews REBOUND (Off:0 Def:1),1629726,1610612764.0,WAS,,,,,,,,,Mathews,G. Mathews,,,,,,,,,,,568.0,1.0,1.0,0.0,,,,,,22001080,,6713.0,8301.6,529.0,3,720,2351.0,0,0,0,1,0,0,0,0,0,35,8,25,0,34,1.0,0,0,0,0,0,0,0,0,488,12.45427477669077,2.8553806890684816
570,PT08M39.00S,2021-05-16 19:02:50.900000+00:00,4,REGULAR,foul,personal,2freethrow,1629023,,,1610612764,89,92,2021-05-16T19:03:02Z,5490000,,,0,,P. Washington shooting personal FOUL (4 PF) (Westbrook 2 FT),"1629023, 201566",1610612766.0,CHA,shooting,,,,,,1155.0,,Washington,P. Washington,4.0,0.0,Westbrook,201566.0,,,,,,,,,,,,,,,,22001080,,6726.1,8301.6,519.0,3,720,2361.0,0,0,0,1,1,0,0,0,0,36,8,25,0,34,2.0,0,0,0,0,0,0,0,0,489,12.426937738246504,2.8488352393053793
572,PT08M39.00S,2021-05-16 19:03:14.400000+00:00,4,REGULAR,freethrow,1 of 2,,201566,,,1610612764,90,92,2021-05-16T19:03:14Z,5510000,,,0,,R. Westbrook Free Throw 1 of 2 (19 PTS),201566,1610612764.0,WAS,,,,,,,,,Westbrook,R. Westbrook,,,,,Made,19.0,,,,,,,,,,,,,,22001080,,6749.6,8301.6,519.0,2,720,2361.0,0,0,0,1,0,0,0,0,1,36,8,25,0,35,2.0,0,0,0,0,0,0,0,0,490,12.452350698856417,2.8587886488775944
573,PT08M39.00S,2021-05-16 19:03:15.200000+00:00,4,REGULAR,substitution,out,,203078,,,1610612764,90,92,2021-05-16T19:03:31Z,5520000,,,0,,SUB out: B. Beal,203078,1610612764.0,WAS,,,,,,,,,Beal,B. Beal,,,,,,,,,,,,,,,,,,,,22001080,,6750.4,8301.6,519.0,2,720,2361.0,0,0,0,1,0,0,0,0,0,36,8,25,0,35,2.0,0,0,0,0,0,0,0,0,491,12.477763659466328,2.8591274883523927
574,PT08M39.00S,2021-05-16 19:03:15.200000+00:00,4,REGULAR,substitution,in,,1629060,,,1610612764,90,92,2021-05-16T19:03:31Z,5530000,,,0,,SUB in: R. Hachimura,1629060,1610612764.0,WAS,,,,,,,,,Hachimura,R. Hachimura,,,,,,,,,,,,,,,,,,,,22001080,,6750.4,8301.6,519.0,2,720,2361.0,0,0,0,1,0,0,0,0,0,36,8,25,0,35,2.0,0,0,0,0,0,0,0,0,492,12.503176620076239,2.8591274883523927
575,PT08M39.00S,2021-05-16 19:03:33.600000+00:00,4,REGULAR,freethrow,2 of 2,,201566,,,1610612764,91,92,2021-05-16T19:03:33Z,5540000,,,0,,R. Westbrook Free Throw 2 of 2 (20 PTS),201566,1610612764.0,WAS,,,,,,,,,Westbrook,R. Westbrook,,,,,Made,20.0,,,,,,,,,,,,,,22001080,,6768.8,8301.6,519.0,1,720,2361.0,0,0,0,1,0,0,0,0,1,36,8,25,0,36,2.0,0,0,0,0,0,0,0,0,493,12.52858958068615,2.866920796272766
576,PT08M27.00S,2021-05-16 19:03:47.300000+00:00,4,REGULAR,2pt,Jump Shot,pointsinthepaint,1630163,11.218791064389,62.6761642156863,1610612766,91,94,2021-05-16T19:03:58Z,5550000,-63.0,53.0,1,left,L. Ball 8' driving floating Jump Shot (13 PTS),1630163,1610612766.0,CHA,driving floating,,,,,,,,Ball,L. Ball,,,,,Made,13.0,8.26,,,,,,,,,,,,,22001080,,6782.5,8301.6,507.0,3,720,2373.0,0,0,0,1,0,0,0,0,0,36,8,25,0,36,2.0,0,0,0,0,0,0,0,0,494,12.490518331226296,2.858196375895491
577,PT08M04.00S,2021-05-16 19:04:09.500000+00:00,4,REGULAR,3pt,Jump Shot,,201566,74.4250985545335,14.6369485294118,1610612764,94,94,2021-05-16T19:04:14Z,5560000,-177.0,188.0,1,right,R. Westbrook 25' 3PT  (23 PTS),201566,1610612764.0,WAS,,,,,,,,,Westbrook,R. Westbrook,,,,,Made,23.0,25.8,,,,,,,,,,,,,22001080,,6804.7,8301.6,484.0,0,720,2396.0,0,0,0,1,0,0,0,0,0,36,8,25,0,36,2.0,0,0,0,0,0,0,0,0,495,12.395659432387314,2.840025041736227
578,PT07M46.00S,2021-05-16 19:04:27.100000+00:00,4,REGULAR,3pt,Jump Shot,,1629023,28.03876478318,21.7447916666667,1610612766,94,94,2021-05-16T19:04:31Z,5570000,141.0,211.0,1,left,MISS P. Washington 25' 3PT,1629023,1610612766.0,CHA,,,,,,,,,Washington,P. Washington,,,,,Missed,,25.4,,,,,,,,,,,,,22001080,,6822.3,8301.6,466.0,0,720,2414.0,0,0,0,1,0,0,0,0,0,36,8,25,0,36,2.0,0,0,0,0,0,0,0,0,496,12.328086164043082,2.826139188069594
579,PT07M43.00S,2021-05-16 19:04:30.100000+00:00,4,REGULAR,rebound,defensive,,202397,,,1610612764,94,94,2021-05-16T19:04:31Z,5580000,,,0,,I. Smith REBOUND (Off:1 Def:5),202397,1610612764.0,WAS,,,,,,,,,Smith,I. Smith,,,,,,,,,,,578.0,6.0,5.0,1.0,,,,,,22001080,,6825.3,8301.6,463.0,0,720,2417.0,0,0,0,1,0,0,0,0,0,36,8,25,0,36,2.0,0,0,0,0,0,0,0,0,497,12.337608605709558,2.8238725693007862
580,PT07M39.00S,2021-05-16 19:04:35.500000+00:00,4,REGULAR,2pt,Layup,"pointsinthepaint, fastbreak",202397,92.8219448094612,47.9702818627451,1610612764,96,94,2021-05-16T19:04:42Z,5590000,-10.0,15.0,1,right,I. Smith running Layup (12 PTS),202397,1610612764.0,WAS,running,,,,,,,,Smith,I. Smith,,,,,Made,12.0,1.81,,,,,,,,,,,,,22001080,,6830.7,8301.6,459.0,2,720,2421.0,0,0,0,1,0,0,0,0,0,36,8,25,0,36,2.0,0,0,0,0,0,0,0,0,498,12.342007434944238,2.821437422552664
581,PT07M39.00S,2021-05-16 19:04:44.200000+00:00,4,REGULAR,timeout,full,"team, mandatory",0,,,1610612766,96,94,2021-05-16T19:04:44Z,5600000,,,0,,CHA Timeout,,1610612766.0,CHA,,,,,,,,,,,,,,,,,,,,,,,,,,,,,,22001080,,6839.4,8301.6,459.0,2,720,2421.0,0,0,0,1,0,1,0,0,0,36,9,25,0,36,2.0,0,0,0,0,0,0,0,0,499,12.366790582403965,2.8250309789343246
583,PT07M39.00S,2021-05-16 19:04:50.900000+00:00,4,REGULAR,substitution,out,,1629023,,,1610612766,96,94,2021-05-16T19:06:58Z,5610000,,,0,,SUB out: P. Washington,1629023,1610612766.0,CHA,,,,,,,,,Washington,P. Washington,,,,,,,,,,,,,,,,,,,,22001080,,6846.1,8301.6,459.0,2,720,2421.0,0,0,0,1,0,0,0,0,0,36,9,25,0,36,2.0,0,0,0,0,0,0,0,0,500,12.391573729863692,2.827798430400661
584,PT07M39.00S,2021-05-16 19:04:50.900000+00:00,4,REGULAR,substitution,in,,1628984,,,1610612766,96,94,2021-05-16T19:06:58Z,5620000,,,0,,SUB in: D. Graham,1628984,1610612766.0,CHA,,,,,,,,,Graham,D. Graham,,,,,,,,,,,,,,,,,,,,22001080,,6846.1,8301.6,459.0,2,720,2421.0,0,0,0,1,0,0,0,0,0,36,9,25,0,36,1.0,0,0,0,0,0,0,0,0,501,12.41635687732342,2.827798430400661
585,PT07M28.00S,2021-05-16 19:07:38.800000+00:00,4,REGULAR,2pt,DUNK,pointsinthepaint,1628970,6.35676741130092,51.6467524509804,1610612766,96,96,2021-05-16T19:07:46Z,5630000,-8.0,7.0,1,left,M. Bridges cutting DUNK (16 PTS) (L. Ball 5 AST),"1628970, 1630163",1610612766.0,CHA,cutting,,,,,,,,Bridges,M. Bridges,,,,,Made,16.0,1.1,L. Ball,1630163.0,5.0,,,,,,,,,,22001080,,7014.0,8301.6,448.0,0,720,2432.0,0,0,0,1,0,0,0,0,0,36,9,25,0,36,1.0,0,0,0,0,0,0,0,0,502,12.384868421052632,2.8840460526315788
587,PT07M28.00S,2021-05-16 19:07:41.900000+00:00,4,REGULAR,foul,personal,1freethrow,1629060,,,1610612766,96,96,2021-05-16T19:07:53Z,5650000,,,0,,R. Hachimura shooting personal FOUL (2 PF) (Bridges 1 FT),"1629060, 1628970",1610612764.0,WAS,shooting,,,,,,2714.0,,Hachimura,R. Hachimura,2.0,0.0,Bridges,1628970.0,,,,,,,,,,,,,,,,22001080,,7017.1,8301.6,448.0,0,720,2432.0,0,0,0,1,1,0,0,0,0,37,9,25,0,36,2.0,0,0,0,0,0,0,0,0,503,12.40953947368421,2.885320723684211
589,PT07M28.00S,2021-05-16 19:08:00.200000+00:00,4,REGULAR,freethrow,1 of 1,,1628970,,,1610612766,96,97,2021-05-16T19:08:00Z,5670000,,,0,,M. Bridges Free Throw 1 of 1 (17 PTS),1628970,1610612766.0,CHA,,,,,,,,,Bridges,M. Bridges,,,,,Made,17.0,,,,,,,,,,,,,,22001080,,7035.4,8301.6,448.0,1,720,2432.0,0,0,0,1,0,0,0,0,1,37,9,25,0,37,2.0,0,0,0,0,0,0,0,0,504,12.43421052631579,2.8928453947368418
590,PT07M16.00S,2021-05-16 19:08:12.600000+00:00,4,REGULAR,3pt,Jump Shot,,1629060,77.4474375821288,9.24479166666666,1610612764,99,97,2021-05-16T19:08:16Z,5680000,-204.0,159.0,1,right,R. Hachimura 25' 3PT  (16 PTS) (I. Smith 7 AST),"1629060, 202397",1610612764.0,WAS,,,,,,,,,Hachimura,R. Hachimura,,,,,Made,16.0,25.88,I. Smith,202397.0,7.0,,,,,,,,,,22001080,,7047.8,8301.6,436.0,2,720,2444.0,0,0,0,1,0,0,0,0,0,37,9,25,0,37,2.0,0,0,0,0,0,0,0,0,505,12.397708674304418,2.8837152209492634
592,PT06M58.00S,2021-05-16 19:08:40.800000+00:00,4,REGULAR,2pt,Layup,pointsinthepaint,1630163,12.6642575558476,48.4604779411765,1610612766,99,99,2021-05-16T19:09:02Z,5700000,8.0,67.0,1,left,L. Ball 6' driving Layup (15 PTS),1630163,1610612766.0,CHA,driving,,,,,,,,Ball,L. Ball,,,,,Made,15.0,6.69,,,,,,,,,,,,,22001080,,7076.0,8301.6,418.0,0,720,2462.0,0,0,0,1,0,0,0,0,0,37,9,25,0,37,2.0,0,0,0,0,0,0,0,0,506,12.331437855402113,2.87408610885459
593,PT06M58.00S,2021-05-16 19:08:44.900000+00:00,4,REGULAR,foul,personal,1freethrow,1629726,,,1610612766,99,99,2021-05-16T19:09:19Z,5710000,,,0,,G. Mathews shooting personal FOUL (1 PF) (Ball 1 FT),"1629726, 1630163",1610612764.0,WAS,shooting,,,,,,1188.0,,Mathews,G. Mathews,1.0,0.0,Ball,1630163.0,,,,,,,,,,,,,,,,22001080,,7080.1,8301.6,418.0,0,720,2462.0,0,0,0,1,1,0,0,0,0,38,9,25,0,37,3.0,0,0,0,0,0,0,0,0,507,12.355808285946386,2.8757514216084488
595,PT06M58.00S,2021-05-16 19:08:53+00:00,4,REGULAR,substitution,out,,1629726,,,1610612766,99,99,2021-05-16T19:13:07Z,5730000,,,0,,SUB out: G. Mathews,1629726,1610612764.0,WAS,,,,,,,,,Mathews,G. Mathews,,,,,,,,,,,,,,,,,,,,22001080,,7088.2,8301.6,418.0,0,720,2462.0,0,0,0,1,0,0,0,0,0,38,9,25,0,37,3.0,0,0,0,0,0,0,0,0,508,12.380178716490658,2.879041429731925
596,PT06M58.00S,2021-05-16 19:08:53+00:00,4,REGULAR,substitution,in,,203078,,,1610612766,99,99,2021-05-16T19:13:07Z,5740000,,,0,,SUB in: B. Beal,203078,1610612764.0,WAS,,,,,,,,,Beal,B. Beal,,,,,,,,,,,,,,,,,,,,22001080,,7088.2,8301.6,418.0,0,720,2462.0,0,0,0,1,0,0,0,0,0,38,9,25,0,37,2.0,0,0,0,0,0,0,0,0,509,12.404549147034931,2.879041429731925
597,PT06M58.00S,2021-05-16 19:09:25.600000+00:00,4,REGULAR,timeout,full,"team, mandatory",0,,,1610612766,99,99,2021-05-16T19:13:07Z,5750000,,,0,,WAS Timeout,,1610612764.0,WAS,,,,,,,,,,,,,,,,,,,,,,,,,,,,,,22001080,,7120.8,8301.6,418.0,0,720,2462.0,0,0,0,1,0,1,0,0,0,38,10,25,0,37,2.0,0,0,0,0,0,0,0,0,510,12.428919577579205,2.8922826969943136
598,PT06M58.00S,2021-05-16 19:12:27.100000+00:00,4,REGULAR,freethrow,1 of 1,,1630163,,,1610612766,99,100,2021-05-16T19:12:27Z,5760000,,,0,,L. Ball Free Throw 1 of 1 (16 PTS),1630163,1610612766.0,CHA,,,,,,,,,Ball,L. Ball,,,,,Made,16.0,,,,,,,,,,,,,,22001080,,7302.3,8301.6,418.0,1,720,2462.0,0,0,0,1,0,0,0,0,1,38,10,25,0,38,2.0,0,0,0,0,0,0,0,0,511,12.453290008123478,2.9660032493907393
599,PT06M38.00S,2021-05-16 19:12:50.100000+00:00,4,REGULAR,stoppage,out-of-bounds,,0,,,1610612764,99,100,2021-05-16T19:12:50Z,5770000,,,0,,,,,,,,,,,,,,,,,,,,,,,,,,,,,,,,,,,22001080,,7325.3,8301.6,398.0,1,720,2482.0,0,0,0,1,0,0,0,0,0,38,10,25,0,38,2.0,0,0,0,0,0,0,0,0,512,12.377115229653505,2.951369863013699
600,PT06M35.00S,2021-05-16 19:13:04.500000+00:00,4,REGULAR,3pt,Jump Shot,,203078,90.4566360052562,95.2742034313726,1610612764,99,100,2021-05-16T19:13:09Z,5780000,226.0,37.0,1,right,MISS B. Beal 3PT,203078,1610612764.0,WAS,,,,,,,,,Beal,B. Beal,,,,,Missed,,22.94,,,,,,,,,,,,,22001080,,7339.7,8301.6,395.0,1,720,2485.0,0,0,0,1,0,0,0,0,0,38,10,25,0,38,2.0,0,0,0,0,0,0,0,0,513,12.386317907444669,2.9536016096579476
601,PT06M31.00S,2021-05-16 19:13:08.500000+00:00,4,REGULAR,rebound,defensive,,1626179,,,1610612766,99,100,2021-05-16T19:13:09Z,5790000,,,0,,T. Rozier REBOUND (Off:1 Def:7),1626179,1610612766.0,CHA,,,,,,,,,Rozier,T. Rozier,,,,,,,,,,,600.0,8.0,7.0,1.0,,,,,,22001080,,7343.7,8301.6,391.0,1,720,2489.0,0,0,0,1,0,0,0,0,0,38,10,25,0,38,2.0,0,0,0,0,0,0,0,0,514,12.39051828043391,2.950462032944958
602,PT06M21.00S,2021-05-16 19:13:17.900000+00:00,4,REGULAR,3pt,Jump Shot,,1630163,30.404073587385,29.0977328431373,1610612766,99,100,2021-05-16T19:13:22Z,5800000,105.0,233.0,1,left,MISS L. Ball 25' step back 3PT,1630163,1610612766.0,CHA,step back,,,,,,,,Ball,L. Ball,,,,,Missed,,25.56,,,,,,,,,,,,,22001080,,7353.1,8301.6,381.0,1,720,2499.0,0,0,0,1,0,0,0,0,0,38,10,25,0,38,2.0,0,0,0,0,0,0,0,0,515,12.364945978391358,2.942416966786715
603,PT06M18.00S,2021-05-16 19:13:20.900000+00:00,4,REGULAR,rebound,defensive,,203078,,,1610612764,99,100,2021-05-16T19:13:22Z,5810000,,,0,,B. Beal REBOUND (Off:0 Def:4),203078,1610612764.0,WAS,,,,,,,,,Beal,B. Beal,,,,,,,,,,,602.0,4.0,4.0,0.0,,,,,,22001080,,7356.1,8301.6,378.0,1,720,2502.0,0,0,0,1,0,0,0,0,0,38,10,25,0,38,2.0,0,0,0,0,0,0,0,0,516,12.37410071942446,2.940087929656275
604,PT06M14.00S,2021-05-16 19:13:29+00:00,4,REGULAR,foul,personal,"inpenalty, 2freethrow",203469,,,1610612764,99,100,2021-05-16T19:13:38Z,5820000,,,0,,C. Zeller shooting personal FOUL (4 PF) (Beal 2 FT),"203469, 203078",1610612766.0,CHA,shooting,,,,,,1188.0,,Zeller,C. Zeller,4.0,2.0,Beal,203078.0,,,,,,,,,,,,,,,,22001080,,7364.2,8301.6,374.0,1,720,2506.0,0,0,0,1,1,0,0,0,0,39,10,25,0,38,3.0,0,0,0,0,0,0,0,0,517,12.37829209896249,2.9386272944932164
606,PT06M14.00S,2021-05-16 19:13:54.600000+00:00,4,REGULAR,freethrow,1 of 2,,203078,,,1610612764,100,100,2021-05-16T19:13:54Z,5840000,,,0,,B. Beal Free Throw 1 of 2 (16 PTS),203078,1610612764.0,WAS,,,,,,,,,Beal,B. Beal,,,,,Made,16.0,,,,,,,,,,,,,,22001080,,7389.8,8301.6,374.0,0,720,2506.0,0,0,0,1,0,0,0,0,1,39,10,25,0,39,3.0,0,0,0,0,0,0,0,0,518,12.402234636871508,2.9488427773343977
607,PT06M14.00S,2021-05-16 19:14:11.600000+00:00,4,REGULAR,freethrow,2 of 2,,203078,,,1610612764,101,100,2021-05-16T19:14:11Z,5850000,,,0,,B. Beal Free Throw 2 of 2 (17 PTS),203078,1610612764.0,WAS,,,,,,,,,Beal,B. Beal,,,,,Made,17.0,,,,,,,,,,,,,,22001080,,7406.8,8301.6,374.0,1,720,2506.0,0,0,0,1,0,0,0,0,1,39,10,25,0,40,3.0,0,0,0,0,0,0,0,0,519,12.426177174780527,2.955626496408619
608,PT05M59.00S,2021-05-16 19:14:39.600000+00:00,4,REGULAR,foul,personal,2freethrow,203078,,,1610612766,101,100,2021-05-16T19:15:00Z,5860000,,,0,,B. Beal shooting personal FOUL (4 PF) (Zeller 2 FT),"203078, 203469",1610612764.0,WAS,shooting,,,,,,1188.0,,Beal,B. Beal,4.0,0.0,Zeller,203469.0,,,,,,,,,,,,,,,,22001080,,7434.8,8301.6,359.0,1,720,2521.0,0,0,0,1,1,0,0,0,0,40,10,25,0,40,4.0,0,0,0,0,0,0,0,0,520,12.376041253470845,2.9491471638238793
610,PT05M59.00S,2021-05-16 19:15:04.200000+00:00,4,REGULAR,freethrow,1 of 2,,203469,,,1610612766,101,101,2021-05-16T19:15:04Z,5880000,,,0,,C. Zeller Free Throw 1 of 2 (8 PTS),203469,1610612766.0,CHA,,,,,,,,,Zeller,C. Zeller,,,,,Made,8.0,,,,,,,,,,,,,,22001080,,7459.4,8301.6,359.0,0,720,2521.0,0,0,0,1,0,0,0,0,1,40,10,25,0,41,4.0,0,0,0,0,0,0,0,0,521,12.399841332804442,2.9589051963506545
611,PT05M59.00S,2021-05-16 19:15:18.400000+00:00,4,REGULAR,freethrow,2 of 2,,203469,,,1610612766,101,102,2021-05-16T19:15:18Z,5890000,,,0,,C. Zeller Free Throw 2 of 2 (9 PTS),203469,1610612766.0,CHA,,,,,,,,,Zeller,C. Zeller,,,,,Made,9.0,,,,,,,,,,,,,,22001080,,7473.6,8301.6,359.0,1,720,2521.0,0,0,0,1,0,0,0,0,1,40,10,25,0,42,4.0,0,0,0,0,0,0,0,0,522,12.423641412138041,2.9645378817929395
612,PT05M45.00S,2021-05-16 19:15:33.400000+00:00,4,REGULAR,2pt,Layup,pointsinthepaint,203078,87.6971090670171,47.7251838235294,1610612764,101,102,2021-05-16T19:15:38Z,5900000,-11.0,63.0,1,right,MISS B. Beal 6' driving Layup - blocked,"203078, 1628970",1610612764.0,WAS,driving,,,,,,,,Beal,B. Beal,,,,,Missed,,6.41,,,,,,,,Bridges,1628970.0,,,,22001080,,7488.6,8301.6,345.0,1,720,2535.0,0,0,0,1,0,0,0,0,0,40,10,25,0,42,3.0,0,0,0,0,0,0,0,0,523,12.378698224852071,2.9540828402366865
613,PT05M45.00S,2021-05-16 19:15:33.400000+00:00,4,REGULAR,block,,,1628970,,,1610612764,101,102,2021-05-16T19:15:37Z,5910000,,,0,,M. Bridges BLOCK (4 BLK),1628970,1610612766.0,CHA,,,,,,,,,Bridges,M. Bridges,,,,,,,,,,,,,,,,,,,,22001080,,7488.6,8301.6,345.0,1,720,2535.0,0,0,0,1,0,0,0,0,0,40,10,25,0,42,3.0,0,0,0,0,0,0,0,0,524,12.402366863905325,2.9540828402366865
614,PT05M41.00S,2021-05-16 19:15:37.400000+00:00,4,REGULAR,rebound,defensive,,1630163,,,1610612766,101,102,2021-05-16T19:15:38Z,5920000,,,0,,L. Ball REBOUND (Off:2 Def:4),1630163,1610612766.0,CHA,,,,,,,,,Ball,L. Ball,,,,,,,,,,,612.0,6.0,4.0,2.0,,,,,,22001080,,7492.6,8301.6,341.0,1,720,2539.0,0,0,0,1,0,0,0,0,0,40,10,25,0,42,3.0,0,0,0,0,0,0,0,0,525,12.406459235919652,2.9510043324143367
615,PT05M34.00S,2021-05-16 19:15:49.300000+00:00,4,REGULAR,foul,technical,1freethrow,201577,,,1610612766,101,102,2021-05-16T19:16:06Z,5930000,,,0,,R. Lopez defensive-3-second technical FOUL (1 Tech),201577,1610612764.0,WAS,defensive-3-second,,,,,,2714.0,,Lopez,R. Lopez,2.0,1.0,,,,,,,,,,,,,,,,,,22001080,,7504.5,8301.6,334.0,1,720,2546.0,0,0,0,1,1,0,0,0,0,41,10,25,0,42,4.0,0,0,0,0,0,0,0,0,526,12.395915161036921,2.9475648075412413
616,PT05M34.00S,2021-05-16 19:16:09.500000+00:00,4,REGULAR,freethrow,1 of 1,,1626179,,,1610612766,101,103,2021-05-16T19:16:09Z,5940000,,,0,,T. Rozier technical Free Throw 1 of 1 (20 PTS),1626179,1610612766.0,CHA,technical,,,,,,,,Rozier,T. Rozier,,,,,Made,20.0,,,,,,,,,,,,,,22001080,,7524.7,8301.6,334.0,2,720,2546.0,0,0,0,1,0,0,0,0,1,41,10,25,0,43,3.0,0,0,0,0,0,0,0,0,527,12.419481539670072,2.9554988216810685
617,PT05M23.00S,2021-05-16 19:16:31.300000+00:00,4,REGULAR,3pt,Jump Shot,,1630163,26.4618922470434,16.1075367647059,1610612766,101,106,2021-05-16T19:16:37Z,5950000,169.0,196.0,1,left,L. Ball 25' 3PT  (19 PTS) (T. Rozier 9 AST),"1630163, 1626179",1610612766.0,CHA,,,,,,,,,Ball,L. Ball,,,,,Made,19.0,25.93,T. Rozier,1626179.0,9.0,,,,,,,,,,22001080,,7546.5,8301.6,323.0,5,720,2557.0,0,0,0,1,0,0,0,0,0,41,10,25,0,43,3.0,0,0,0,0,0,0,0,0,528,12.389518967540086,2.9513101290574895
619,PT04M57.00S,2021-05-16 19:16:57.400000+00:00,4,REGULAR,2pt,Hook,pointsinthepaint,201577,89.1425755584757,47.7251838235294,1610612764,103,106,2021-05-16T19:17:02Z,5970000,-11.0,50.0,1,right,R. Lopez turnaround Hook (16 PTS),201577,1610612764.0,WAS,turnaround,,,,,,,,Lopez,R. Lopez,,,,,Made,16.0,5.09,,,,,,,,,,,,,22001080,,7572.6,8301.6,297.0,3,720,2583.0,0,0,0,1,0,0,0,0,0,41,10,25,0,43,3.0,0,0,0,0,0,0,0,0,529,12.288037166085948,2.9317073170731707
620,PT04M39.00S,2021-05-16 19:17:15.400000+00:00,4,REGULAR,2pt,Jump Shot,pointsinthepaint,1630163,13.4526938239159,39.1467524509804,1610612766,103,106,2021-05-16T19:17:21Z,5980000,54.0,74.0,1,left,MISS L. Ball 9' floating Shot,1630163,1610612766.0,CHA,floating,,,,,,,,Ball,L. Ball,,,,,Missed,,9.18,,,,,,,,,,,,,22001080,,7590.6,8301.6,279.0,3,720,2601.0,0,0,0,1,0,0,0,0,0,41,10,25,0,43,3.0,0,0,0,0,0,0,0,0,530,12.226066897347174,2.918339100346021
621,PT04M36.00S,2021-05-16 19:17:18.400000+00:00,4,REGULAR,rebound,offensive,,1626179,,,1610612766,103,106,2021-05-16T19:17:21Z,5990000,,,0,,T. Rozier REBOUND (Off:2 Def:7),1626179,1610612766.0,CHA,,,,,,,,,Rozier,T. Rozier,,,,,,,,,,,620.0,9.0,7.0,2.0,,,,,,22001080,,7593.6,8301.6,276.0,3,720,2604.0,0,0,0,1,0,0,0,0,0,41,10,25,0,43,3.0,0,0,0,0,0,0,0,0,531,12.235023041474655,2.916129032258065
622,PT04M35.00S,2021-05-16 19:17:18.400000+00:00,4,REGULAR,2pt,Layup,"pointsinthepaint, 2ndchance",1626179,7.80223390275953,56.7938112745098,1610612766,103,108,2021-05-16T19:17:24Z,6000000,-34.0,21.0,1,left,T. Rozier putback Layup (22 PTS),1626179,1610612766.0,CHA,putback,,,,,,,,Rozier,T. Rozier,,,,,Made,22.0,3.99,,,,,,,,,,,,,22001080,,7593.6,8301.6,275.0,5,720,2605.0,0,0,0,1,0,0,0,0,0,41,10,25,0,43,3.0,0,0,0,0,0,0,0,0,532,12.253358925143955,2.9150095969289826
623,PT04M26.00S,2021-05-16 19:17:28.400000+00:00,4,REGULAR,2pt,DUNK,pointsinthepaint,203078,92.164914586071,44.5389093137255,1610612764,105,108,2021-05-16T19:18:04Z,6010000,-27.0,21.0,1,right,B. Beal cutting DUNK (19 PTS) (R. Westbrook 9 AST),"203078, 201566",1610612764.0,WAS,cutting,,,,,,,,Beal,B. Beal,,,,,Made,19.0,3.45,R. Westbrook,201566.0,9.0,,,,,,,,,,22001080,,7603.6,8301.6,266.0,3,720,2614.0,0,0,0,1,0,0,0,0,0,41,10,25,0,43,3.0,0,0,0,0,0,0,0,0,533,12.234123947972455,2.9087987758224942
628,PT04M10.00S,2021-05-16 19:17:58.100000+00:00,4,REGULAR,turnover,out-of-bounds,,1630163,,,1610612766,105,108,2021-05-16T19:20:55Z,6030000,,,0,,L. Ball lost ball out-of-bounds TURNOVER (1 TO),1630163,1610612766.0,CHA,lost ball,,,,,,1155.0,1.0,Ball,L. Ball,,,,,,,,,,,,,,,,,,,,22001080,,7633.3,8301.6,250.0,3,720,2630.0,0,0,0,1,0,0,1,0,0,41,10,26,0,43,3.0,0,0,0,0,0,0,0,0,534,12.182509505703422,2.9023954372623573
626,PT03M49.00S,2021-05-16 19:18:27.800000+00:00,4,REGULAR,2pt,Hook,"pointsinthepaint, fromturnover",201577,90.9822601839685,46.9898897058823,1610612764,107,108,2021-05-16T19:18:39Z,6040000,-15.0,32.0,1,right,R. Lopez Hook (18 PTS) (R. Westbrook 10 AST),"201577, 201566",1610612764.0,WAS,,,,,,,,,Lopez,R. Lopez,,,,,Made,18.0,3.57,R. Westbrook,201566.0,10.0,,,,,,,,,,22001080,,7663.0,8301.6,229.0,1,720,2651.0,1,0,0,1,0,0,0,0,0,41,10,26,0,43,3.0,0,0,0,0,0,0,0,0,535,12.108638249717089,2.89060731799321
629,PT03M31.00S,2021-05-16 19:18:44.900000+00:00,4,REGULAR,turnover,lost ball,,1628984,,,1610612766,107,108,2021-05-16T19:18:53Z,6060000,,,0,,D. Graham lost ball TURNOVER (1 TO),"1628984, 201577",1610612766.0,CHA,,,,,,,,1.0,Graham,D. Graham,,,,,,,,,,,,,,,,,,Lopez,201577.0,22001080,,7680.1,8301.6,211.0,1,720,2669.0,1,0,0,1,0,0,1,0,0,41,10,27,0,43,3.0,0,0,0,0,1,1,0,0,536,12.049456725365305,2.8775196702884975
630,PT03M31.00S,2021-05-16 19:18:44.900000+00:00,4,REGULAR,steal,,,201577,,,1610612764,107,108,2021-05-16T19:18:46Z,6070000,,,0,,R. Lopez STEAL (1 STL),201577,1610612764.0,WAS,,,,,,,,,Lopez,R. Lopez,,,,,,,,,,,,,,,,,,,,22001080,,7680.1,8301.6,211.0,1,720,2669.0,1,0,0,1,0,0,0,0,0,41,10,27,0,43,2.0,0,0,0,0,0,1,0,0,537,12.071937055076807,2.8775196702884975
631,PT03M26.00S,2021-05-16 19:18:51+00:00,4,REGULAR,2pt,Layup,"pointsinthepaint, fromturnover, fastbreak",203078,93.2161629434954,43.8036151960784,1610612764,109,108,2021-05-16T19:18:59Z,6080000,-31.0,11.0,1,right,B. Beal driving Layup (21 PTS),203078,1610612764.0,WAS,driving,,,,,,,,Beal,B. Beal,,,,,Made,21.0,3.3,,,,,,,,,,,,,22001080,,7686.2,8301.6,206.0,1,720,2674.0,1,0,0,1,0,0,0,0,0,41,10,27,0,43,2.0,0,0,0,0,0,1,0,0,538,12.071802543006731,2.874420344053852
632,PT03M25.00S,2021-05-16 19:19:03.200000+00:00,4,REGULAR,timeout,full,team,0,,,1610612766,109,108,2021-05-16T19:19:03Z,6090000,,,0,,CHA Timeout,,1610612766.0,CHA,,,,,,,,,,,,,,,,,,,,,,,,,,,,,,22001080,,7698.4,8301.6,205.0,1,720,2675.0,1,0,0,1,0,1,0,0,0,41,11,27,0,43,2.0,0,0,1,1,0,1,0,0,539,12.089719626168224,2.8779065420560745
633,PT03M12.00S,2021-05-16 19:20:39.900000+00:00,4,REGULAR,2pt,Jump Shot,pointsinthepaint,203469,9.24770039421814,50.6663602941176,1610612766,109,110,2021-05-16T19:20:44Z,6100000,-3.0,34.0,1,left,C. Zeller driving floating Jump Shot (11 PTS) (D. Graham 2 AST),"203469, 1628984",1610612766.0,CHA,driving floating,,,,,,,,Zeller,C. Zeller,,,,,Made,11.0,3.46,D. Graham,1628984.0,2.0,,,,,,,,,,22001080,,7795.1,8301.6,192.0,1,720,2688.0,1,0,0,1,0,0,0,0,0,41,11,27,0,43,1.0,0,0,0,1,0,1,0,0,540,12.053571428571429,2.8999627976190476
635,PT02M53.00S,2021-05-16 19:20:59.600000+00:00,4,REGULAR,2pt,Layup,pointsinthepaint,203078,93.0847568988173,56.7938112745098,1610612764,111,110,2021-05-16T19:21:03Z,6120000,34.0,13.0,1,right,B. Beal driving Layup (23 PTS),203078,1610612764.0,WAS,driving,,,,,,,,Beal,B. Beal,,,,,Made,23.0,3.62,,,,,,,,,,,,,22001080,,7814.8,8301.6,173.0,1,720,2707.0,1,0,0,1,0,0,0,0,0,41,11,27,0,43,1.0,0,0,0,1,0,1,0,0,541,11.99113409678611,2.886885851496121
636,PT02M33.00S,2021-05-16 19:21:18.300000+00:00,4,REGULAR,3pt,Jump Shot,,1628984,34.0834428383706,67.3330269607843,1610612766,111,110,2021-05-16T19:21:22Z,6130000,-87.0,268.0,1,left,MISS D. Graham 28' pullup 3PT,1628984,1610612766.0,CHA,pullup,,,,,,,,Graham,D. Graham,,,,,Missed,,28.16,,,,,,,,,,,,,22001080,,7833.5,8301.6,153.0,1,720,2727.0,1,0,0,1,0,0,0,0,0,41,11,27,0,43,1.0,0,0,0,1,0,1,0,0,542,11.925192519251924,2.8725705903923724
637,PT02M30.00S,2021-05-16 19:21:21.300000+00:00,4,REGULAR,rebound,defensive,,201566,,,1610612764,111,110,2021-05-16T19:21:22Z,6140000,,,0,,R. Westbrook REBOUND (Off:3 Def:11),201566,1610612764.0,WAS,,,,,,,,,Westbrook,R. Westbrook,,,,,,,,,,,636.0,14.0,11.0,3.0,,,,,,22001080,,7836.5,8301.6,150.0,1,720,2730.0,1,0,0,1,0,0,0,0,0,41,11,27,0,43,1.0,0,0,0,1,0,1,0,0,543,11.934065934065934,2.8705128205128205
638,PT02M17.00S,2021-05-16 19:21:35.400000+00:00,4,REGULAR,2pt,Jump Shot,pointsinthepaint,203078,89.2739816031537,38.656556372549,1610612764,111,110,2021-05-16T19:21:43Z,6150000,-57.0,48.0,1,right,MISS B. Beal 7' driving floating Shot,203078,1610612764.0,WAS,driving floating,,,,,,,,Beal,B. Beal,,,,,Missed,,7.45,,,,,,,,,,,,,22001080,,7850.6,8301.6,137.0,1,720,2743.0,1,0,0,1,0,0,0,0,0,41,11,27,0,43,1.0,0,0,0,1,0,1,0,0,544,11.899380240612468,2.8620488516223115
639,PT02M14.00S,2021-05-16 19:21:38+00:00,4,REGULAR,rebound,offensive,,203078,,,1610612764,111,110,2021-05-16T19:21:38Z,6160000,,,0,,B. Beal REBOUND (Off:1 Def:4),203078,1610612764.0,WAS,,,,,,,,,Beal,B. Beal,,,,,,,,,,,638.0,5.0,4.0,1.0,,,,,,22001080,,7853.2,8301.6,134.0,1,720,2746.0,1,0,0,1,0,0,0,0,0,41,11,27,0,43,1.0,0,0,0,1,0,1,0,0,545,11.908230152949745,2.8598689002184994
640,PT02M12.00S,2021-05-16 19:21:39.800000+00:00,4,REGULAR,3pt,Jump Shot,2ndchance,203078,92.164914586071,3.60753676470588,1610612764,111,110,2021-05-16T19:21:47Z,6170000,-232.0,21.0,1,right,MISS B. Beal 3PT,203078,1610612764.0,WAS,,,,,,,,,Beal,B. Beal,,,,,Missed,,23.3,,,,,,,,,,,,,22001080,,7855.0,8301.6,132.0,1,720,2748.0,1,0,0,1,0,0,0,0,0,41,11,27,0,43,0.0,0,0,0,1,0,1,0,0,546,11.921397379912664,2.85844250363901
641,PT02M09.00S,2021-05-16 19:21:42.800000+00:00,4,REGULAR,rebound,defensive,,1630163,,,1610612766,111,110,2021-05-16T19:21:47Z,6180000,,,0,,L. Ball REBOUND (Off:2 Def:5),1630163,1610612766.0,CHA,,,,,,,,,Ball,L. Ball,,,,,,,,,,,640.0,7.0,5.0,2.0,,,,,,22001080,,7858.0,8301.6,129.0,1,720,2751.0,1,0,0,1,0,0,0,0,0,41,11,27,0,43,0.0,0,0,0,1,0,1,0,0,547,11.930207197382769,2.856415848782261
642,PT02M00.00S,2021-05-16 19:21:51.600000+00:00,4,REGULAR,2pt,Layup,pointsinthepaint,1626179,9.51051248357425,46.499693627451,1610612766,111,110,2021-05-16T19:24:58Z,6190000,18.0,37.0,1,left,MISS T. Rozier driving Layup,1626179,1610612766.0,CHA,driving,,,,,,,,Rozier,T. Rozier,,,,,Missed,,4.08,,,,,,,,,,,,,22001080,,7866.8,8301.6,120.0,1,720,2760.0,1,1,0,1,0,0,0,0,0,41,11,27,0,43,0.0,0,0,0,1,0,1,0,0,548,11.91304347826087,2.850289855072464
643,PT01M59.00S,2021-05-16 19:21:52.600000+00:00,4,REGULAR,rebound,offensive,,203469,,,1610612766,111,110,2021-05-16T19:24:58Z,6200000,,,0,,C. Zeller REBOUND (Off:2 Def:2),203469,1610612766.0,CHA,,,,,,,,,Zeller,C. Zeller,,,,,,,,,,,642.0,4.0,2.0,2.0,,,,,,22001080,,7867.8,8301.6,119.0,1,720,2761.0,1,1,0,1,0,0,0,0,0,41,11,27,0,43,0.0,0,0,0,1,0,1,0,0,549,11.930459978268743,2.8496197030061574
644,PT01M58.00S,2021-05-16 19:21:54.200000+00:00,4,REGULAR,3pt,Jump Shot,2ndchance,1628970,5.69973718791064,4.34283088235294,1610612766,111,110,2021-05-16T19:21:59Z,6210000,228.0,1.0,1,left,MISS M. Bridges 3PT,1628970,1610612766.0,CHA,,,,,,,,,Bridges,M. Bridges,,,,,Missed,,22.83,,,,,,,,,,,,,22001080,,7869.4,8301.6,118.0,1,720,2762.0,1,1,0,1,0,0,0,0,0,41,11,27,0,43,0.0,0,0,0,1,0,1,0,0,550,11.947863866763216,2.8491672700941346
645,PT01M55.00S,2021-05-16 19:21:57.200000+00:00,4,REGULAR,rebound,defensive,,1629060,,,1610612764,111,110,2021-05-16T19:21:59Z,6220000,,,0,,R. Hachimura REBOUND (Off:0 Def:6),1629060,1610612764.0,WAS,,,,,,,,,Hachimura,R. Hachimura,,,,,,,,,,,644.0,6.0,6.0,0.0,,,,,,22001080,,7872.4,8301.6,115.0,1,720,2765.0,1,1,0,1,0,0,0,0,0,41,11,27,0,43,0.0,0,0,0,1,0,1,0,0,551,11.956600361663652,2.847160940325497
646,PT01M36.00S,2021-05-16 19:22:17+00:00,4,REGULAR,2pt,Jump Shot,pointsinthepaint,202397,88.4855453350854,47.234987745098,1610612764,113,110,2021-05-16T19:22:21Z,6230000,-14.0,56.0,1,right,I. Smith driving floating Jump Shot (14 PTS),202397,1610612764.0,WAS,driving floating,,,,,,,,Smith,I. Smith,,,,,Made,14.0,5.74,,,,,,,,,,,,,22001080,,7892.2,8301.6,96.0,3,720,2784.0,1,1,0,1,0,0,0,0,0,41,11,27,0,43,0.0,0,0,0,1,0,1,0,0,552,11.89655172413793,2.8348419540229886
647,PT01M24.00S,2021-05-16 19:22:31.100000+00:00,4,REGULAR,2pt,Jump Shot,,1626179,7.53942181340341,28.8526348039216,1610612766,113,110,2021-05-16T19:22:36Z,6240000,106.0,18.0,1,left,MISS T. Rozier 10' driving floating Shot,1626179,1610612766.0,CHA,driving floating,,,,,,,,Rozier,T. Rozier,,,,,Missed,,10.73,,,,,,,,,,,,,22001080,,7906.3,8301.6,84.0,3,720,2796.0,1,1,0,1,0,0,0,0,0,41,11,27,0,43,0.0,0,0,0,1,0,1,0,0,553,11.866952789699571,2.8277181688125896
648,PT01M22.00S,2021-05-16 19:22:33.100000+00:00,4,REGULAR,rebound,defensive,,201566,,,1610612764,113,110,2021-05-16T19:22:36Z,6250000,,,0,,R. Westbrook REBOUND (Off:3 Def:12),201566,1610612764.0,WAS,,,,,,,,,Westbrook,R. Westbrook,,,,,,,,,,,647.0,15.0,12.0,3.0,,,,,,22001080,,7908.3,8301.6,82.0,3,720,2798.0,1,1,0,1,0,0,0,0,0,41,11,27,0,43,0.0,0,0,0,1,0,1,0,0,554,11.879914224446033,2.826411722659042
649,PT01M01.00S,2021-05-16 19:22:54.700000+00:00,4,REGULAR,2pt,Jump Shot,,202397,78.7614980289093,77.8722426470588,1610612764,113,110,2021-05-16T19:22:58Z,6260000,139.0,147.0,1,right,MISS I. Smith 20' pullup Shot,202397,1610612764.0,WAS,pullup,,,,,,,,Smith,I. Smith,,,,,Missed,,20.27,,,,,,,,,,,,,22001080,,7929.9,8301.6,61.0,3,720,2819.0,1,1,0,1,0,0,0,0,0,41,11,27,0,43,0.0,0,0,0,1,0,1,0,0,555,11.812699538843562,2.8130188009932597
650,PT00M59.00S,2021-05-16 19:22:56.700000+00:00,4,REGULAR,rebound,defensive,,1628970,,,1610612766,113,110,2021-05-16T19:22:58Z,6270000,,,0,,M. Bridges REBOUND (Off:1 Def:3),1628970,1610612766.0,CHA,,,,,,,,,Bridges,M. Bridges,,,,,,,,,,,649.0,4.0,3.0,1.0,,,,,,22001080,,7931.9,8301.6,59.0,3,720,2821.0,1,1,0,1,0,0,0,0,0,41,11,27,0,43,0.0,0,0,0,1,0,1,0,0,556,11.825593761077632,2.81173342786246
651,PT00M48.20S,2021-05-16 19:23:08+00:00,4,REGULAR,3pt,Jump Shot,,1630163,8.06504599211564,96.7447916666667,1610612766,113,110,2021-05-16T19:23:12Z,6280000,-234.0,23.0,1,left,MISS L. Ball 3PT,1630163,1610612766.0,CHA,,,,,,,,,Ball,L. Ball,,,,,Missed,,23.49,,,,,,,,,,,,,22001080,,7943.2,8301.6,48.2,3,720,2831.8,1,1,0,1,0,0,0,0,0,41,11,27,0,43,0.0,0,0,0,1,0,1,0,0,557,11.801680909668761,2.805000353132283
652,PT00M45.20S,2021-05-16 19:23:11+00:00,4,REGULAR,rebound,defensive,,202397,,,1610612764,113,110,2021-05-16T19:23:12Z,6290000,,,0,,I. Smith REBOUND (Off:1 Def:6),202397,1610612764.0,WAS,,,,,,,,,Smith,I. Smith,,,,,,,,,,,651.0,7.0,6.0,1.0,,,,,,22001080,,7946.2,8301.6,45.2,3,720,2834.8,1,1,0,1,0,0,0,0,0,41,11,27,0,43,0.0,0,0,0,1,0,1,0,0,558,11.810356991674897,2.8030901650910116
653,PT00M40.00S,2021-05-16 19:23:22.100000+00:00,4,REGULAR,timeout,full,team,0,,,1610612764,113,110,2021-05-16T19:23:22Z,6300000,,,0,,WAS Timeout,,1610612764.0,WAS,,,,,,,,,,,,,,,,,,,,,,,,,,,,,,22001080,,7957.3,8301.6,40.0,3,720,2840.0,1,1,0,1,0,1,0,0,0,41,12,27,0,43,0.0,0,0,1,2,0,1,0,0,559,11.809859154929576,2.8018661971830987
654,PT00M40.00S,2021-05-16 19:23:24.200000+00:00,4,REGULAR,substitution,out,,1630163,,,1610612764,113,110,2021-05-16T19:24:48Z,6310000,,,0,,SUB out: L. Ball,1630163,1610612766.0,CHA,,,,,,,,,Ball,L. Ball,,,,,,,,,,,,,,,,,,,,22001080,,7959.4,8301.6,40.0,3,720,2840.0,1,1,0,1,0,0,0,0,0,41,12,27,0,43,0.0,0,0,0,2,0,1,0,0,560,11.830985915492958,2.8026056338028167
655,PT00M40.00S,2021-05-16 19:23:24.200000+00:00,4,REGULAR,substitution,out,,1628984,,,1610612764,113,110,2021-05-16T19:24:48Z,6320000,,,0,,SUB out: D. Graham,1628984,1610612766.0,CHA,,,,,,,,,Graham,D. Graham,,,,,,,,,,,,,,,,,,,,22001080,,7959.4,8301.6,40.0,3,720,2840.0,1,1,0,1,0,0,0,0,0,41,12,27,0,43,0.0,0,0,0,2,0,1,0,0,561,11.852112676056338,2.8026056338028167
656,PT00M40.00S,2021-05-16 19:23:24.200000+00:00,4,REGULAR,substitution,out,,203469,,,1610612764,113,110,2021-05-16T19:24:48Z,6330000,,,0,,SUB out: C. Zeller,203469,1610612766.0,CHA,,,,,,,,,Zeller,C. Zeller,,,,,,,,,,,,,,,,,,,,22001080,,7959.4,8301.6,40.0,3,720,2840.0,1,1,0,1,0,0,0,0,0,41,12,27,0,43,0.0,0,0,0,2,0,1,0,0,562,11.873239436619718,2.8026056338028167
657,PT00M40.00S,2021-05-16 19:23:24.200000+00:00,4,REGULAR,substitution,in,,1629023,,,1610612764,113,110,2021-05-16T19:24:48Z,6340000,,,0,,SUB in: P. Washington,1629023,1610612766.0,CHA,,,,,,,,,Washington,P. Washington,,,,,,,,,,,,,,,,,,,,22001080,,7959.4,8301.6,40.0,3,720,2840.0,1,1,0,1,0,0,0,0,0,41,12,27,0,43,0.0,0,0,0,2,0,1,0,0,563,11.894366197183098,2.8026056338028167
658,PT00M40.00S,2021-05-16 19:23:24.200000+00:00,4,REGULAR,substitution,in,,1629667,,,1610612764,113,110,2021-05-16T19:24:48Z,6350000,,,0,,SUB in: J. McDaniels,1629667,1610612766.0,CHA,,,,,,,,,McDaniels,J. McDaniels,,,,,,,,,,,,,,,,,,,,22001080,,7959.4,8301.6,40.0,3,720,2840.0,1,1,0,1,0,0,0,0,0,41,12,27,0,43,0.0,0,0,0,2,0,1,0,0,564,11.915492957746478,2.8026056338028167
659,PT00M40.00S,2021-05-16 19:23:24.200000+00:00,4,REGULAR,substitution,in,,202687,,,1610612764,113,110,2021-05-16T19:24:48Z,6360000,,,0,,SUB in: B. Biyombo,202687,1610612766.0,CHA,,,,,,,,,Biyombo,B. Biyombo,,,,,,,,,,,,,,,,,,,,22001080,,7959.4,8301.6,40.0,3,720,2840.0,1,1,0,1,0,0,0,0,0,41,12,27,0,43,0.0,0,0,0,2,0,1,0,0,565,11.936619718309858,2.8026056338028167
660,PT00M24.60S,2021-05-16 19:25:14.700000+00:00,4,REGULAR,2pt,Jump Shot,,1629060,78.4986859395532,50.9114583333333,1610612764,113,110,2021-05-16T19:28:12Z,6370000,5.0,150.0,1,right,MISS R. Hachimura 14' pullup Shot,1629060,1610612764.0,WAS,pullup,,,,,,,,Hachimura,R. Hachimura,,,,,Missed,,14.97,,,,,,,,,,,,,22001080,,8069.9,8301.6,24.6,3,720,2855.4,1,1,0,1,0,0,0,0,0,41,12,27,0,43,0.0,0,0,0,2,0,1,0,0,566,11.893254885480141,2.8261889752749174
661,PT00M23.00S,2021-05-16 19:25:16.300000+00:00,4,REGULAR,rebound,offensive,,201577,,,1610612764,113,110,2021-05-16T19:28:12Z,6380000,,,0,,R. Lopez REBOUND (Off:4 Def:2),201577,1610612764.0,WAS,,,,,,,,,Lopez,R. Lopez,,,,,,,,,,,660.0,6.0,2.0,4.0,,,,,,22001080,,8071.5,8301.6,23.0,3,720,2857.0,1,1,0,1,0,0,0,0,0,41,12,27,0,43,0.0,0,0,0,2,0,1,0,0,567,11.907595379768988,2.825166258312916
663,PT00M23.00S,2021-05-16 19:25:20.700000+00:00,4,REGULAR,2pt,Layup,"pointsinthepaint, 2ndchance",201577,94.4809461235217,51.1335784313725,1610612764,113,110,2021-05-16T19:28:34Z,6385000,6.0,-1.0,1,right,MISS R. Lopez putback Layup,201577,1610612764.0,WAS,putback,,,,,,,,Lopez,R. Lopez,,,,,Missed,,0.57,,,,,,,,,,,,,22001080,,8075.9,8301.6,23.0,3,720,2857.0,1,1,0,1,0,0,0,0,0,41,12,27,0,43,0.0,0,0,0,2,0,1,0,0,568,11.928596429821491,2.8267063353167656
664,PT00M21.90S,2021-05-16 19:25:21.800000+00:00,4,REGULAR,rebound,defensive,,202687,,,1610612766,113,110,2021-05-16T19:28:34Z,6387500,,,0,,B. Biyombo REBOUND (Off:1 Def:1),202687,1610612766.0,CHA,,,,,,,,,Biyombo,B. Biyombo,,,,,,,,,,,663.0,2.0,1.0,1.0,,,,,,22001080,,8077.0,8301.6,21.9,3,720,2858.1,1,1,0,1,0,0,0,0,0,41,12,27,0,43,0.0,0,0,0,2,0,1,0,0,569,11.944998425527448,2.826003288898219
662,PT00M20.90S,2021-05-16 19:25:26.700000+00:00,4,REGULAR,timeout,full,team,0,,,1610612766,113,110,2021-05-16T19:26:13Z,6390000,,,0,,CHA Timeout,,1610612766.0,CHA,,,,,,,,,,,,,,,,,,,,,,,,,,,,,,22001080,,8081.9,8301.6,20.9,3,720,2859.1,1,1,0,1,0,1,0,0,0,41,13,27,0,43,0.0,0,0,1,3,0,1,0,0,570,11.961806162778498,2.82672869084677
665,PT00M20.90S,2021-05-16 19:25:40.700000+00:00,4,REGULAR,substitution,out,,201577,,,1610612766,113,110,2021-05-16T19:26:44Z,6400000,,,0,,SUB out: R. Lopez,201577,1610612764.0,WAS,,,,,,,,,Lopez,R. Lopez,,,,,,,,,,,,,,,,,,,,22001080,,8095.9,8301.6,20.9,3,720,2859.1,1,1,0,1,0,0,0,0,0,41,13,27,0,43,0.0,0,0,0,3,0,1,0,0,571,11.982791787625477,2.8316253366443984
666,PT00M20.90S,2021-05-16 19:25:40.700000+00:00,4,REGULAR,substitution,out,,1629023,,,1610612766,113,110,2021-05-16T19:26:44Z,6410000,,,0,,SUB out: P. Washington,1629023,1610612766.0,CHA,,,,,,,,,Washington,P. Washington,,,,,,,,,,,,,,,,,,,,22001080,,8095.9,8301.6,20.9,3,720,2859.1,1,1,0,1,0,0,0,0,0,41,13,27,0,43,0.0,0,0,0,3,0,1,0,0,572,12.003777412472457,2.8316253366443984
667,PT00M20.90S,2021-05-16 19:25:40.700000+00:00,4,REGULAR,substitution,out,,1629667,,,1610612766,113,110,2021-05-16T19:26:44Z,6420000,,,0,,SUB out: J. McDaniels,1629667,1610612766.0,CHA,,,,,,,,,McDaniels,J. McDaniels,,,,,,,,,,,,,,,,,,,,22001080,,8095.9,8301.6,20.9,3,720,2859.1,1,1,0,1,0,0,0,0,0,41,13,27,0,43,0.0,0,0,0,3,0,1,0,0,573,12.024763037319437,2.8316253366443984
668,PT00M20.90S,2021-05-16 19:25:40.700000+00:00,4,REGULAR,substitution,out,,202687,,,1610612766,113,110,2021-05-16T19:26:44Z,6430000,,,0,,SUB out: B. Biyombo,202687,1610612766.0,CHA,,,,,,,,,Biyombo,B. Biyombo,,,,,,,,,,,,,,,,,,,,22001080,,8095.9,8301.6,20.9,3,720,2859.1,1,1,0,1,0,0,0,0,0,41,13,27,0,43,0.0,0,0,0,3,0,1,0,0,574,12.045748662166417,2.8316253366443984
669,PT00M20.90S,2021-05-16 19:25:40.700000+00:00,4,REGULAR,substitution,in,,1630264,,,1610612766,113,110,2021-05-16T19:26:44Z,6440000,,,0,,SUB in: A. Gill,1630264,1610612764.0,WAS,,,,,,,,,Gill,A. Gill,,,,,,,,,,,,,,,,,,,,22001080,,8095.9,8301.6,20.9,3,720,2859.1,1,1,0,1,0,0,0,0,0,41,13,27,0,43,0.0,0,0,0,3,0,1,0,0,575,12.066734287013396,2.8316253366443984
670,PT00M20.90S,2021-05-16 19:25:40.700000+00:00,4,REGULAR,substitution,in,,1628984,,,1610612766,113,110,2021-05-16T19:26:44Z,6450000,,,0,,SUB in: D. Graham,1628984,1610612766.0,CHA,,,,,,,,,Graham,D. Graham,,,,,,,,,,,,,,,,,,,,22001080,,8095.9,8301.6,20.9,3,720,2859.1,1,1,0,1,0,0,0,0,0,41,13,27,0,43,0.0,0,0,0,3,0,1,0,0,576,12.087719911860376,2.8316253366443984
671,PT00M20.90S,2021-05-16 19:25:40.700000+00:00,4,REGULAR,substitution,in,,1630163,,,1610612766,113,110,2021-05-16T19:26:44Z,6460000,,,0,,SUB in: L. Ball,1630163,1610612766.0,CHA,,,,,,,,,Ball,L. Ball,,,,,,,,,,,,,,,,,,,,22001080,,8095.9,8301.6,20.9,3,720,2859.1,1,1,0,1,0,0,0,0,0,41,13,27,0,43,0.0,0,0,0,3,0,1,0,0,577,12.108705536707356,2.8316253366443984
672,PT00M20.90S,2021-05-16 19:25:40.700000+00:00,4,REGULAR,substitution,in,,203469,,,1610612766,113,110,2021-05-16T19:26:44Z,6470000,,,0,,SUB in: C. Zeller,203469,1610612766.0,CHA,,,,,,,,,Zeller,C. Zeller,,,,,,,,,,,,,,,,,,,,22001080,,8095.9,8301.6,20.9,3,720,2859.1,1,1,0,1,0,0,0,0,0,41,13,27,0,43,0.0,0,0,0,3,0,1,0,0,578,12.129691161554335,2.8316253366443984
673,PT00M13.20S,2021-05-16 19:27:15.700000+00:00,4,REGULAR,3pt,Jump Shot,,1628984,26.1990801576872,16.1075367647059,1610612766,113,110,2021-05-16T19:27:23Z,6480000,169.0,194.0,1,left,MISS D. Graham 25' 3PT,1628984,1610612766.0,CHA,,,,,,,,,Graham,D. Graham,,,,,Missed,,25.75,,,,,,,,,,,,,22001080,,8190.9,8301.6,13.2,3,720,2866.8,1,1,0,1,0,0,0,0,0,41,13,27,0,43,0.0,0,0,0,3,0,1,0,0,579,12.118041021347844,2.8571578066136456
674,PT00M09.80S,2021-05-16 19:27:19+00:00,4,REGULAR,rebound,defensive,,203078,,,1610612764,113,110,2021-05-16T19:27:19Z,6490000,,,0,,B. Beal REBOUND (Off:1 Def:5),203078,1610612764.0,WAS,,,,,,,,,Beal,B. Beal,,,,,,,,,,,673.0,6.0,5.0,1.0,,,,,,22001080,,8194.2,8301.6,9.8,3,720,2870.2,1,1,0,1,0,0,0,0,0,41,13,27,0,43,0.0,0,0,0,3,0,1,0,0,580,12.124590620862659,2.8549230018814025
675,PT00M09.60S,2021-05-16 19:27:22.300000+00:00,4,REGULAR,foul,personal,"inpenalty, 2freethrow",1630163,,,1610612764,113,110,2021-05-16T19:27:29Z,6500000,,,0,,L. Ball personal FOUL (1 PF) (Beal 2 FT),"1630163, 203078",1610612766.0,CHA,,,,,,,1188.0,,Ball,L. Ball,1.0,0.0,Beal,203078.0,,,,,,,,,,,,,,,,22001080,,8197.5,8301.6,9.6,3,720,2870.4,1,1,0,1,1,0,0,0,0,42,13,27,0,43,1.0,1,1,0,3,0,1,0,0,581,12.144648829431437,2.855873745819398
677,PT00M09.60S,2021-05-16 19:27:51.900000+00:00,4,REGULAR,freethrow,1 of 2,,203078,,,1610612764,114,110,2021-05-16T19:27:51Z,6520000,,,0,,B. Beal Free Throw 1 of 2 (24 PTS),203078,1610612764.0,WAS,,,,,,,,,Beal,B. Beal,,,,,Made,24.0,,,,,,,,,,,,,,22001080,,8227.1,8301.6,9.6,4,720,2870.4,1,1,0,1,0,0,0,0,1,42,13,27,0,44,1.0,0,1,0,3,0,1,1,1,582,12.165551839464882,2.8661858974358974
678,PT00M09.60S,2021-05-16 19:28:04.700000+00:00,4,REGULAR,freethrow,2 of 2,,203078,,,1610612764,115,110,2021-05-16T19:28:04Z,6530000,,,0,,B. Beal Free Throw 2 of 2 (25 PTS),203078,1610612764.0,WAS,,,,,,,,,Beal,B. Beal,,,,,Made,25.0,,,,,,,,,,,,,,22001080,,8239.9,8301.6,9.6,5,720,2870.4,1,1,0,1,0,0,0,0,1,42,13,27,0,45,1.0,0,1,0,3,0,1,1,2,583,12.186454849498327,2.870645206243032
679,PT00M06.80S,2021-05-16 19:28:19+00:00,4,REGULAR,foul,personal,,201566,,,1610612766,115,110,2021-05-16T19:28:27Z,6540000,,,0,,R. Westbrook personal FOUL (4 PF),"201566, 1626179",1610612764.0,WAS,,,,,,,1188.0,,Westbrook,R. Westbrook,4.0,0.0,Rozier,1626179.0,,,,,,,,,,,,,,,,22001080,,8254.2,8301.6,6.8,5,720,2873.2,1,1,0,1,1,0,0,0,0,43,13,27,0,45,2.0,1,2,0,3,0,1,0,2,584,12.195461506334402,2.872824725045246
681,PT00M03.20S,2021-05-16 19:28:49.100000+00:00,4,REGULAR,3pt,Jump Shot,,1626179,27.6445466491459,19.0487132352941,1610612766,115,110,2021-05-16T19:28:58Z,6560000,155.0,207.0,1,left,MISS T. Rozier 25' pullup 3PT,1626179,1610612766.0,CHA,pullup,,,,,,,,Rozier,T. Rozier,,,,,Missed,,25.88,,,,,,,,,,,,,22001080,,8284.3,8301.6,3.2,5,720,2876.8,1,1,0,1,0,0,0,0,0,43,13,27,0,45,2.0,0,2,0,3,0,1,0,2,585,12.201056729699665,2.879692714126807
682,PT00M03.20S,2021-05-16 19:28:49.100000+00:00,4,REGULAR,rebound,defensive,,202397,,,1610612764,115,110,2021-05-16T19:28:58Z,6570000,,,0,,I. Smith REBOUND (Off:1 Def:7),202397,1610612764.0,WAS,,,,,,,,,Smith,I. Smith,,,,,,,,,,,681.0,8.0,7.0,1.0,,,,,,22001080,,8284.3,8301.6,3.2,5,720,2876.8,1,1,0,1,0,0,0,0,0,43,13,27,0,45,2.0,0,2,0,3,0,1,0,2,586,12.22191323692992,2.879692714126807
683,PT00M00.00S,2021-05-16 19:29:02.400000+00:00,4,REGULAR,period,end,,0,,,1610612764,115,110,2021-05-16T19:29:02Z,6580000,,,0,,Period End,,,,,,,,,,,,,,,,,,,,,,,,,,,,,,,,,22001080,,8297.6,8301.6,0.0,5,720,2880.0,1,1,0,1,0,0,0,0,0,43,13,27,0,45,2.0,0,2,0,3,0,1,0,2,587,12.229166666666666,2.881111111111111
684,PT00M00.00S,2021-05-16 19:29:06.400000+00:00,4,REGULAR,game,end,,0,,,0,115,110,2021-05-16T19:29:06Z,6590000,,,0,,Game End,,,,,,,,,,,,,,,,,,,,,,,,,,,,,,,,,22001080,,8301.6,8301.6,0.0,5,720,2880.0,1,1,0,1,0,0,0,0,0,43,13,27,0,45,2.0,0,2,0,3,0,1,0,2,588,12.25,2.8825000000000003
